Load_Status,Study_ID,Location_ID,Study_Specific_Location_ID,Field_Collection_Type,Field_Collector,Field_Collection_Start_Date,Field_Collection_Start_Time,Field_Collection_End_Date,Field_Collection_End_Time,Field_Collection_Comment,Field_Collection_Area,Field_Collection_Area_Units,Field_Collection_Reference_Point,Field_Collection_Upper_Depth,Field_Collection_Lower_Depth,Field_Collection_Depth_Units,Well_Water_Level_Measuring_Point_or_TOC_ID,Sample_ID,Sample_Field_Replicate_ID,Sample_Replicate_Flag,Sample_Sub_ID,Sample_Composite_Flag,Storm_Event_Qualifier,Sample_Matrix,Sample_Source,Sample_Use,Sample_Collection_Method,Sample_Preparation_Method,Sample_Method_Other,Sample_Taxon_Name,Sample_Taxon_TSN,Sample_Tissue_Type,Sample_Percent_Sorted,Result_Parameter_Name,Result_Parameter_CAS_Number,Lab_Analysis_Date,Lab_Analysis_Date_Accuracy,Lab_Analysis_Time,Result_Value,Result_Value_Units,Result_Reporting_Limit,Result_Reporting_Limit_Type,Result_Detection_Limit,Result_Detection_Limit_Type,Result_Data_Qualifier,Fraction_Analyzed,Field_Filtered_Flag,Result_Basis,Digestion_Method,Water_Level_Accuracy,Result_Method,Result_Comment,Result_Additional_Comment,Result_Lab_Replicate_ID,Result_Lab_Name,Result_Validation_Level,Result_Taxon_Name,Result_Taxon_TSN,Result_Taxon_Unidentified_Species,Result_Taxon_Life_Stage,QC_Blank_Type,QC_Blank_Censor_Factor,Lab_Batch_ID,Lab_GC_Column_ID
Warning,Ambient Monitoring,09BLA0722,09BLA0722,Sample,GovLocal,8/10/2022,,,,,8,ft2,,,,,,09BLA0722_22,,N,,Y,,Solid/Sediment,Freshwater Taxonomy,,SURBER,,,,,,13.33,Number of Individual Organisms,,3/13/2023,,,1,Count,,,,,,,,,,,ID-COUNT-LEVEL2,,09BLA0722_22,,"Rhithron Associates Inc, Missoula MT",,Rhyacophila brunnea/vemna Group,115097,,Larva,,,,
Warning,Ambient Monitoring,09BLA0722,09BLA0722,Sample,GovLocal,8/10/2022,,,,,8,ft2,,,,,,09BLA0722_22,,N,,Y,,Solid/Sediment,Freshwater Taxonomy,,SURBER,,,,,,13.33,Number of Individual Organisms,,3/13/2023,,,44,Count,,,,,,,,,,,ID-COUNT-LEVEL2,,09BLA0722_22,,"Rhithron Associates Inc, Missoula MT",,Baetis tricaudatus complex,100817,,Larva,,,,
Warning,Ambient Monitoring,09BLA0722,09BLA0722,Sample,GovLocal,8/10/2022,,,,,8,ft2,,,,,,09BLA0722_22_R,,Y,,Y,,Solid/Sediment,Freshwater Taxonomy,,SURBER,,,,,,10,Number of Individual Organisms,,3/13/2023,,,12,Count,,,,,,,,,,,ID-COUNT-LEVEL2,,09BLA0722_22_R,,"Rhithron Associates Inc, Missoula MT",,Tvetenia bavarica Group,129197,,Larva,,,,
Warning,Ambient Monitoring,09BLA0722,09BLA0722,Sample,GovLocal,8/10/2022,,,,,8,ft2,,,,,,09BLA0722_22_R,,Y,,Y,,Solid/Sediment,Freshwater Taxonomy,,SURBER,,,,,,10,Number of Individual Organisms,,3/13/2023,,,3,Count,,,,,,,,,,,ID-COUNT-LEVEL2,,09BLA0722_22_R,,"Rhithron Associates Inc, Missoula MT",,Thienemannimyia Group,128078,,Larva,,,,
Warning,Ambient Monitoring,09BLA0722,09BLA0722,Sample,GovLocal,8/10/2022,,,,,8,ft2,,,,,,09BLA0722_22_R,,Y,,Y,,Solid/Sediment,Freshwater Taxonomy,,SURBER,,,,,,10,Number of Individual Organisms,,3/13/2023,,,43,Count,,,,,,,,,,,ID-COUNT-LEVEL2,,09BLA0722_22_R,,"Rhithron Associates Inc, Missoula MT",,Baetis tricaudatus complex,100817,,Larva,,,,
Warning,Ambient Monitoring,09BLA0722,09BLA0722,Sample,GovLocal,9/20/2021,,,,,8,ft2,,,,,,09BLA0722_21,,N,,Y,,Solid/Sediment,Freshwater Taxonomy,,SURBER,,,,,,20,Number of Individual Organisms,,12/17/2021,,,2,Count,,,,,,,,,,,ID-COUNT-LEVEL2,,09BLA0722_21,,"Rhithron Associates Inc, Missoula MT",,Tvetenia bavarica Group,129197,,Larva,,,,
Warning,Ambient Monitoring,09BLA0722,09BLA0722,Sample,GovLocal,9/20/2021,,,,,8,ft2,,,,,,09BLA0722_21,,N,,Y,,Solid/Sediment,Freshwater Taxonomy,,SURBER,,,,,,20,Number of Individual Organisms,,12/17/2021,,,1,Count,,,,,,,,,,,ID-COUNT-LEVEL2,,09BLA0722_21,,"Rhithron Associates Inc, Missoula MT",,Rhyacophila betteni Group,115097,,Larva,,,,
Warning,Ambient Monitoring,09BLA0722,09BLA0722,Sample,GovLocal,9/20/2021,,,,,8,ft2,,,,,,09BLA0722_21,,N,,Y,,Solid/Sediment,Freshwater Taxonomy,,SURBER,,,,,,20,Number of Individual Organisms,,12/17/2021,,,9,Count,,,,,,,,,,,ID-COUNT-LEVEL2,,09BLA0722_21,,"Rhithron Associates Inc, Missoula MT",,Baetis tricaudatus complex,100817,,Larva,,,,
Warning,Ambient Monitoring,09BLA0722,09BLA0722,Sample,GovLocal,8/17/2020,,,,,8,ft2,,,,,,09BLA0722_20,,N,,Y,,Solid/Sediment,Freshwater Taxonomy,,SURBER,,,,,,10,Number of Individual Organisms,,4/30/2021,,,1,Count,,,,,,,,,,,ID-COUNT-LEVEL2,,09BLA0722_20,,"Rhithron Associates Inc, Missoula MT",,Chamaedrilus,68510,,unknown,,,,
Warning,Ambient Monitoring,09BLA0722,09BLA0722,Sample,GovLocal,8/17/2020,,,,,8,ft2,,,,,,09BLA0722_20,,N,,Y,,Solid/Sediment,Freshwater Taxonomy,,SURBER,,,,,,10,Number of Individual Organisms,,4/30/2021,,,19,Count,,,,,,,,,,,ID-COUNT-LEVEL2,,09BLA0722_20,,"Rhithron Associates Inc, Missoula MT",,Tvetenia bavarica Group,129197,,Larva,,,,
Warning,Ambient Monitoring,09BLA0722,09BLA0722,Sample,GovLocal,8/17/2020,,,,,8,ft2,,,,,,09BLA0722_20,,N,,Y,,Solid/Sediment,Freshwater Taxonomy,,SURBER,,,,,,10,Number of Individual Organisms,,4/30/2021,,,8,Count,,,,,,,,,,,ID-COUNT-LEVEL2,,09BLA0722_20,,"Rhithron Associates Inc, Missoula MT",,Thienemannimyia Group,128078,,Larva,,,,
Warning,Ambient Monitoring,09BLA0722,09BLA0722,Sample,GovLocal,8/17/2020,,,,,8,ft2,,,,,,09BLA0722_20,,N,,Y,,Solid/Sediment,Freshwater Taxonomy,,SURBER,,,,,,10,Number of Individual Organisms,,4/30/2021,,,3,Count,,,,,,,,,,,ID-COUNT-LEVEL2,,09BLA0722_20,,"Rhithron Associates Inc, Missoula MT",,Rhyacophila betteni Group,115097,,Larva,,,,
Warning,Ambient Monitoring,09BLA0722,09BLA0722,Sample,GovLocal,8/7/2018,,,,,8,ft2,,,,,,09BLA0722_18,,N,,Y,,Solid/Sediment,Freshwater Taxonomy,,SURBER,,,,,,23.33,Number of Individual Organisms,,10/4/2018,,,4,Count,,,,,,,,,,,ID-COUNT-LEVEL2,,09BLA0722_18,,"Rhithron Associates Inc, Missoula MT",,Chamaedrilus,68510,,unknown,,,,
Warning,Ambient Monitoring,09BLA0675,09BLA0675,Sample,GovLocal,8/13/2024,,,,,8,ft2,,,,,,09BLA0675_24,,N,,Y,,Solid/Sediment,Freshwater Taxonomy,,SURBER,,,,,,13.33,Number of Individual Organisms,,2/5/2025,,,170,Count,,,,,,,,,,,ID-COUNT-LEVEL2,,09BLA0675_24,,"Rhithron Associates Inc, Missoula MT",,Baetis tricaudatus complex,100817,,Larva,,,,
Warning,Ambient Monitoring,09BLA0675,09BLA0675,Sample,GovLocal,8/7/2023,,,,,8,ft2,,,,,,09BLA0675_23,,N,,Y,,Solid/Sediment,Freshwater Taxonomy,,SURBER,,,,,,10,Number of Individual Organisms,,4/18/2024,,,1,Count,,,,,,,,,,,ID-COUNT-LEVEL2,,09BLA0675_23,,"Rhithron Associates Inc, Missoula MT",,Tvetenia bavarica Group,129197,,Larva,,,,
Warning,Ambient Monitoring,09BLA0675,09BLA0675,Sample,GovLocal,8/7/2023,,,,,8,ft2,,,,,,09BLA0675_23,,N,,Y,,Solid/Sediment,Freshwater Taxonomy,,SURBER,,,,,,10,Number of Individual Organisms,,4/18/2024,,,7,Count,,,,,,,,,,,ID-COUNT-LEVEL2,,09BLA0675_23,,"Rhithron Associates Inc, Missoula MT",,Thienemannimyia Group,128078,,Larva,,,,
Warning,Ambient Monitoring,09BLA0675,09BLA0675,Sample,GovLocal,8/7/2023,,,,,8,ft2,,,,,,09BLA0675_23,,N,,Y,,Solid/Sediment,Freshwater Taxonomy,,SURBER,,,,,,10,Number of Individual Organisms,,4/18/2024,,,96,Count,,,,,,,,,,,ID-COUNT-LEVEL2,,09BLA0675_23,,"Rhithron Associates Inc, Missoula MT",,Baetis tricaudatus complex,100817,,Larva,,,,
Warning,Ambient Monitoring,09BLA0675,09BLA0675,Sample,GovLocal,8/10/2022,,,,,8,ft2,,,,,,09BLA0675_22,,N,,Y,,Solid/Sediment,Freshwater Taxonomy,,SURBER,,,,,,100,Number of Individual Organisms,,2/1/2023,,,5,Count,,,,,,,,,,,ID-COUNT-LEVEL2,,09BLA0675_22,,"Rhithron Associates Inc, Missoula MT",,Chamaedrilus,68510,,unknown,,,,
Warning,Ambient Monitoring,09BLA0675,09BLA0675,Sample,GovLocal,8/10/2022,,,,,8,ft2,,,,,,09BLA0675_22,,N,,Y,,Solid/Sediment,Freshwater Taxonomy,,SURBER,,,,,,100,Number of Individual Organisms,,2/1/2023,,,1,Count,,,,,,,,,,,ID-COUNT-LEVEL2,,09BLA0675_22,,"Rhithron Associates Inc, Missoula MT",,Tvetenia bavarica Group,129197,,Larva,,,,
Warning,Ambient Monitoring,09BLA0675,09BLA0675,Sample,GovLocal,8/10/2022,,,,,8,ft2,,,,,,09BLA0675_22,,N,,Y,,Solid/Sediment,Freshwater Taxonomy,,SURBER,,,,,,100,Number of Individual Organisms,,2/1/2023,,,7,Count,,,,,,,,,,,ID-COUNT-LEVEL2,,09BLA0675_22,,"Rhithron Associates Inc, Missoula MT",,Thienemannimyia Group,128078,,Larva,,,,
Warning,Ambient Monitoring,09BLA0675,09BLA0675,Sample,GovLocal,8/10/2022,,,,,8,ft2,,,,,,09BLA0675_22,,N,,Y,,Solid/Sediment,Freshwater Taxonomy,,SURBER,,,,,,100,Number of Individual Organisms,,2/1/2023,,,1,Count,,,,,,,,,,,ID-COUNT-LEVEL2,,09BLA0675_22,,"Rhithron Associates Inc, Missoula MT",,Rhyacophila brunnea/vemna Group,115097,,Larva,,,,
Warning,Ambient Monitoring,09BLA0675,09BLA0675,Sample,GovLocal,8/10/2022,,,,,8,ft2,,,,,,09BLA0675_22,,N,,Y,,Solid/Sediment,Freshwater Taxonomy,,SURBER,,,,,,100,Number of Individual Organisms,,2/1/2023,,,44,Count,,,,,,,,,,,ID-COUNT-LEVEL2,,09BLA0675_22,,"Rhithron Associates Inc, Missoula MT",,Baetis tricaudatus complex,100817,,Larva,,,,
Warning,Ambient Monitoring,09BLA0675,09BLA0675,Sample,GovLocal,9/13/2021,,,,,8,ft2,,,,,,09BLA0675_21,,N,,Y,,Solid/Sediment,Freshwater Taxonomy,,SURBER,,,,,,60,Number of Individual Organisms,,12/17/2021,,,5,Count,,,,,,,,,,,ID-COUNT-LEVEL2,,09BLA0675_21,,"Rhithron Associates Inc, Missoula MT",,Chamaedrilus,68510,,unknown,,,,
Warning,Ambient Monitoring,09BLA0675,09BLA0675,Sample,GovLocal,9/13/2021,,,,,8,ft2,,,,,,09BLA0675_21,,N,,Y,,Solid/Sediment,Freshwater Taxonomy,,SURBER,,,,,,60,Number of Individual Organisms,,12/17/2021,,,1,Count,,,,,,,,,,,ID-COUNT-LEVEL2,,09BLA0675_21,,"Rhithron Associates Inc, Missoula MT",,Thienemannimyia Group,128078,,Larva,,,,
Warning,Ambient Monitoring,09BLA0675,09BLA0675,Sample,GovLocal,9/13/2021,,,,,8,ft2,,,,,,09BLA0675_21,,N,,Y,,Solid/Sediment,Freshwater Taxonomy,,SURBER,,,,,,60,Number of Individual Organisms,,12/17/2021,,,1,Count,,,,,,,,,,,ID-COUNT-LEVEL2,,09BLA0675_21,,"Rhithron Associates Inc, Missoula MT",,Rhyacophila brunnea/vemna Group,115097,,Larva,,,,
Warning,Ambient Monitoring,09BLA0675,09BLA0675,Sample,GovLocal,9/13/2021,,,,,8,ft2,,,,,,09BLA0675_21,,N,,Y,,Solid/Sediment,Freshwater Taxonomy,,SURBER,,,,,,60,Number of Individual Organisms,,12/17/2021,,,1,Count,,,,,,,,,,,ID-COUNT-LEVEL2,,09BLA0675_21,,"Rhithron Associates Inc, Missoula MT",,Ephemerella excrucians Group,101276,,Larva,,,,
Warning,Ambient Monitoring,09BLA0675,09BLA0675,Sample,GovLocal,9/13/2021,,,,,8,ft2,,,,,,09BLA0675_21,,N,,Y,,Solid/Sediment,Freshwater Taxonomy,,SURBER,,,,,,60,Number of Individual Organisms,,12/17/2021,,,78,Count,,,,,,,,,,,ID-COUNT-LEVEL2,,09BLA0675_21,,"Rhithron Associates Inc, Missoula MT",,Baetis tricaudatus complex,100817,,Larva,,,,
Warning,Ambient Monitoring,09BLA0675,09BLA0675,Sample,GovLocal,8/3/2016,,,,,8,ft2,,,,,,09BLA0675_16,,N,,Y,,Solid/Sediment,Freshwater Taxonomy,,SURBER,,,,,,70,Number of Individual Organisms,,11/21/2016,,,1,Count,,,,,,,,,,,ID-COUNT-LEVEL2,,09BLA0675_16,,"Rhithron Associates Inc, Missoula MT",,Tvetenia bavarica Group,129197,,Larva,,,,
Warning,Ambient Monitoring,09BLA0675,09BLA0675,Sample,GovLocal,8/3/2016,,,,,8,ft2,,,,,,09BLA0675_16,,N,,Y,,Solid/Sediment,Freshwater Taxonomy,,SURBER,,,,,,70,Number of Individual Organisms,,11/21/2016,,,2,Count,,,,,,,,,,,ID-COUNT-LEVEL2,,09BLA0675_16,,"Rhithron Associates Inc, Missoula MT",,Thienemannimyia Group,128078,,Larva,,,,
Warning,Ambient Monitoring,09BLA0675,09BLA0675,Sample,GovLocal,8/3/2016,,,,,8,ft2,,,,,,09BLA0675_16,,N,,Y,,Solid/Sediment,Freshwater Taxonomy,,SURBER,,,,,,70,Number of Individual Organisms,,11/21/2016,,,206,Count,,,,,,,,,,,ID-COUNT-LEVEL2,,09BLA0675_16,,"Rhithron Associates Inc, Missoula MT",,Baetis tricaudatus complex,100817,,Larva,,,,
Warning,Ambient Monitoring,09BLA0675,09BLA0675,Sample,GovLocal,8/13/2015,,,,,8,ft2,,,,,,09BLA0675_15,,N,,Y,,Solid/Sediment,Freshwater Taxonomy,,SURBER,,,,,,23.33,Number of Individual Organisms,,4/22/2016,,,3,Count,,,,,,,,,,,ID-COUNT-LEVEL2,,09BLA0675_15,,"Rhithron Associates Inc, Missoula MT",,Tvetenia bavarica Group,129197,,Larva,,,,
Warning,Ambient Monitoring,09BLA0675,09BLA0675,Sample,GovLocal,8/13/2015,,,,,8,ft2,,,,,,09BLA0675_15,,N,,Y,,Solid/Sediment,Freshwater Taxonomy,,SURBER,,,,,,23.33,Number of Individual Organisms,,4/22/2016,,,102,Count,,,,,,,,,,,ID-COUNT-LEVEL2,,09BLA0675_15,,"Rhithron Associates Inc, Missoula MT",,Baetis tricaudatus complex,100817,,Larva,,,,
Warning,Ambient Monitoring,09BLA0716,09BLA0716,Sample,GovLocal,8/7/2024,,,,,8,ft2,,,,,,09BLA0716_24,,N,,Y,,Solid/Sediment,Freshwater Taxonomy,,SURBER,,,,,,60,Number of Individual Organisms,,2/5/2025,,,5,Count,,,,,,,,,,,ID-COUNT-LEVEL2,,09BLA0716_24,,"Rhithron Associates Inc, Missoula MT",,Thienemannimyia Group,128078,,Larva,,,,
Warning,Ambient Monitoring,09BLA0716,09BLA0716,Sample,GovLocal,8/7/2024,,,,,8,ft2,,,,,,09BLA0716_24,,N,,Y,,Solid/Sediment,Freshwater Taxonomy,,SURBER,,,,,,60,Number of Individual Organisms,,2/5/2025,,,1,Count,,,,,,,,,,,ID-COUNT-LEVEL2,,09BLA0716_24,,"Rhithron Associates Inc, Missoula MT",,Kogotus/Rickera,609866,,Larva,,,,
Warning,Ambient Monitoring,09BLA0716,09BLA0716,Sample,GovLocal,8/7/2024,,,,,8,ft2,,,,,,09BLA0716_24,,N,,Y,,Solid/Sediment,Freshwater Taxonomy,,SURBER,,,,,,60,Number of Individual Organisms,,2/5/2025,,,5,Count,,,,,,,,,,,ID-COUNT-LEVEL2,,09BLA0716_24,,"Rhithron Associates Inc, Missoula MT",,Rhyacophila brunnea/vemna Group,115097,,Larva,,,,
Warning,Ambient Monitoring,09BLA0716,09BLA0716,Sample,GovLocal,8/7/2024,,,,,8,ft2,,,,,,09BLA0716_24,,N,,Y,,Solid/Sediment,Freshwater Taxonomy,,SURBER,,,,,,60,Number of Individual Organisms,,2/5/2025,,,18,Count,,,,,,,,,,,ID-COUNT-LEVEL2,,09BLA0716_24,,"Rhithron Associates Inc, Missoula MT",,Baetis tricaudatus complex,100817,,Larva,,,,
Warning,Ambient Monitoring,09BLA0716,09BLA0716,Sample,GovLocal,8/14/2023,,,,,8,ft2,,,,,,09BLA0716_23,,N,,Y,,Solid/Sediment,Freshwater Taxonomy,,SURBER,,,,,,76.67,Number of Individual Organisms,,4/16/2024,,,3,Count,,,,,,,,,,,ID-COUNT-LEVEL2,,09BLA0716_23,,"Rhithron Associates Inc, Missoula MT",,Tvetenia bavarica Group,129197,,Larva,,,,
Warning,Ambient Monitoring,09BLA0716,09BLA0716,Sample,GovLocal,8/14/2023,,,,,8,ft2,,,,,,09BLA0716_23,,N,,Y,,Solid/Sediment,Freshwater Taxonomy,,SURBER,,,,,,76.67,Number of Individual Organisms,,4/16/2024,,,3,Count,,,,,,,,,,,ID-COUNT-LEVEL2,,09BLA0716_23,,"Rhithron Associates Inc, Missoula MT",,Thienemannimyia Group,128078,,Larva,,,,
Warning,Ambient Monitoring,09BLA0716,09BLA0716,Sample,GovLocal,8/14/2023,,,,,8,ft2,,,,,,09BLA0716_23,,N,,Y,,Solid/Sediment,Freshwater Taxonomy,,SURBER,,,,,,76.67,Number of Individual Organisms,,4/16/2024,,,4,Count,,,,,,,,,,,ID-COUNT-LEVEL2,,09BLA0716_23,,"Rhithron Associates Inc, Missoula MT",,Rhyacophila brunnea/vemna Group,115097,,Larva,,,,
Warning,Ambient Monitoring,09BLA0716,09BLA0716,Sample,GovLocal,8/14/2023,,,,,8,ft2,,,,,,09BLA0716_23,,N,,Y,,Solid/Sediment,Freshwater Taxonomy,,SURBER,,,,,,76.67,Number of Individual Organisms,,4/16/2024,,,12,Count,,,,,,,,,,,ID-COUNT-LEVEL2,,09BLA0716_23,,"Rhithron Associates Inc, Missoula MT",,Baetis tricaudatus complex,100817,,Larva,,,,
Warning,Ambient Monitoring,09BLA0716,09BLA0716,Sample,GovLocal,8/9/2018,,,,,8,ft2,,,,,,09BLA0716_18,,N,,Y,,Solid/Sediment,Freshwater Taxonomy,,SURBER,,,,,,33.33,Number of Individual Organisms,,10/4/2018,,,3,Count,,,,,,,,,,,ID-COUNT-LEVEL2,,09BLA0716_18,,"Rhithron Associates Inc, Missoula MT",,Rhyacophila brunnea/vemna Group,115097,,Larva,,,,
Warning,Ambient Monitoring,09BLA0716,09BLA0716,Sample,GovLocal,8/9/2018,,,,,8,ft2,,,,,,09BLA0716_18,,N,,Y,,Solid/Sediment,Freshwater Taxonomy,,SURBER,,,,,,33.33,Number of Individual Organisms,,10/4/2018,,,13,Count,,,,,,,,,,,ID-COUNT-LEVEL2,,09BLA0716_18,,"Rhithron Associates Inc, Missoula MT",,Baetis tricaudatus complex,100817,,Larva,,,,
Warning,Ambient Monitoring,09BLA0716,09BLA0716,Sample,GovLocal,8/23/2017,,,,,8,ft2,,,,,,09BLA0716_17,,N,,Y,,Solid/Sediment,Freshwater Taxonomy,,SURBER,,,,,,23.33,Number of Individual Organisms,,3/16/2018,,,5,Count,,,,,,,,,,,ID-COUNT-LEVEL2,,09BLA0716_17,,"Rhithron Associates Inc, Missoula MT",,Chamaedrilus,68510,,unknown,,,,
Warning,Ambient Monitoring,09BLA0716,09BLA0716,Sample,GovLocal,8/23/2017,,,,,8,ft2,,,,,,09BLA0716_17,,N,,Y,,Solid/Sediment,Freshwater Taxonomy,,SURBER,,,,,,23.33,Number of Individual Organisms,,3/16/2018,,,1,Count,,,,,,,,,,,ID-COUNT-LEVEL2,,09BLA0716_17,,"Rhithron Associates Inc, Missoula MT",,Tvetenia bavarica Group,129197,,Larva,,,,
Warning,Ambient Monitoring,09BLA0716,09BLA0716,Sample,GovLocal,8/23/2017,,,,,8,ft2,,,,,,09BLA0716_17,,N,,Y,,Solid/Sediment,Freshwater Taxonomy,,SURBER,,,,,,23.33,Number of Individual Organisms,,3/16/2018,,,6,Count,,,,,,,,,,,ID-COUNT-LEVEL2,,09BLA0716_17,,"Rhithron Associates Inc, Missoula MT",,Thienemannimyia Group,128078,,Larva,,,,
Warning,Ambient Monitoring,09BLA0716,09BLA0716,Sample,GovLocal,8/23/2017,,,,,8,ft2,,,,,,09BLA0716_17,,N,,Y,,Solid/Sediment,Freshwater Taxonomy,,SURBER,,,,,,23.33,Number of Individual Organisms,,3/16/2018,,,5,Count,,,,,,,,,,,ID-COUNT-LEVEL2,,09BLA0716_17,,"Rhithron Associates Inc, Missoula MT",,Rhyacophila brunnea/vemna Group,115097,,Larva,,,,
Warning,Ambient Monitoring,09BLA0716,09BLA0716,Sample,GovLocal,8/23/2017,,,,,8,ft2,,,,,,09BLA0716_17,,N,,Y,,Solid/Sediment,Freshwater Taxonomy,,SURBER,,,,,,23.33,Number of Individual Organisms,,3/16/2018,,,102,Count,,,,,,,,,,,ID-COUNT-LEVEL2,,09BLA0716_17,,"Rhithron Associates Inc, Missoula MT",,Baetis tricaudatus complex,100817,,Larva,,,,
Warning,Ambient Monitoring,09BLA0716,09BLA0716,Sample,GovLocal,8/3/2016,,,,,8,ft2,,,,,,09BLA0716_16,,N,,Y,,Solid/Sediment,Freshwater Taxonomy,,SURBER,,,,,,100,Number of Individual Organisms,,11/21/2016,,,2,Count,,,,,,,,,,,ID-COUNT-LEVEL2,,09BLA0716_16,,"Rhithron Associates Inc, Missoula MT",,Tvetenia bavarica Group,129197,,Larva,,,,
Warning,Ambient Monitoring,09BLA0716,09BLA0716,Sample,GovLocal,8/3/2016,,,,,8,ft2,,,,,,09BLA0716_16,,N,,Y,,Solid/Sediment,Freshwater Taxonomy,,SURBER,,,,,,100,Number of Individual Organisms,,11/21/2016,,,9,Count,,,,,,,,,,,ID-COUNT-LEVEL2,,09BLA0716_16,,"Rhithron Associates Inc, Missoula MT",,Thienemannimyia Group,128078,,Larva,,,,
Warning,Ambient Monitoring,09BLA0716,09BLA0716,Sample,GovLocal,8/3/2016,,,,,8,ft2,,,,,,09BLA0716_16,,N,,Y,,Solid/Sediment,Freshwater Taxonomy,,SURBER,,,,,,100,Number of Individual Organisms,,11/21/2016,,,13,Count,,,,,,,,,,,ID-COUNT-LEVEL2,,09BLA0716_16,,"Rhithron Associates Inc, Missoula MT",,Rhyacophila brunnea/vemna Group,115097,,Larva,,,,
Warning,Ambient Monitoring,09BLA0716,09BLA0716,Sample,GovLocal,8/3/2016,,,,,8,ft2,,,,,,09BLA0716_16,,N,,Y,,Solid/Sediment,Freshwater Taxonomy,,SURBER,,,,,,100,Number of Individual Organisms,,11/21/2016,,,61,Count,,,,,,,,,,,ID-COUNT-LEVEL2,,09BLA0716_16,,"Rhithron Associates Inc, Missoula MT",,Baetis tricaudatus complex,100817,,Larva,,,,
Warning,Ambient Monitoring,09BLA0716,09BLA0716,Sample,GovLocal,8/13/2015,,,,,8,ft2,,,,,,09BLA0716_15,,N,,Y,,Solid/Sediment,Freshwater Taxonomy,,SURBER,,,,,,10,Number of Individual Organisms,,4/22/2016,,,5,Count,,,,,,,,,,,ID-COUNT-LEVEL2,,09BLA0716_15,,"Rhithron Associates Inc, Missoula MT",,Tvetenia bavarica Group,129197,,Larva,,,,
Warning,Ambient Monitoring,09BLA0716,09BLA0716,Sample,GovLocal,8/13/2015,,,,,8,ft2,,,,,,09BLA0716_15,,N,,Y,,Solid/Sediment,Freshwater Taxonomy,,SURBER,,,,,,10,Number of Individual Organisms,,4/22/2016,,,5,Count,,,,,,,,,,,ID-COUNT-LEVEL2,,09BLA0716_15,,"Rhithron Associates Inc, Missoula MT",,Thienemannimyia Group,128078,,Larva,,,,
Warning,Ambient Monitoring,09BLA0716,09BLA0716,Sample,GovLocal,8/13/2015,,,,,8,ft2,,,,,,09BLA0716_15,,N,,Y,,Solid/Sediment,Freshwater Taxonomy,,SURBER,,,,,,10,Number of Individual Organisms,,4/22/2016,,,1,Count,,,,,,,,,,,ID-COUNT-LEVEL2,,09BLA0716_15,,"Rhithron Associates Inc, Missoula MT",,Rhyacophila brunnea/vemna Group,115097,,Larva,,,,
Warning,Ambient Monitoring,09BLA0756,09BLA0756,Sample,GovLocal,8/10/2016,,,,,8,ft2,,,,,,09BLA0756_16,,N,,Y,,Solid/Sediment,Freshwater Taxonomy,,SURBER,,,,,,50,Number of Individual Organisms,,11/21/2016,,,50,Count,,,,,,,,,,,ID-COUNT-LEVEL2,,09BLA0756_16,,"Rhithron Associates Inc, Missoula MT",,Baetis tricaudatus complex,100817,,Larva,,,,
Warning,Ambient Monitoring,09BLA0756,09BLA0756,Sample,GovLocal,8/19/2015,,,,,7,ft2,,,,,,09BLA0756_15,,N,,Y,,Solid/Sediment,Freshwater Taxonomy,,SURBER,,,,,,36.67,Number of Individual Organisms,,4/22/2016,,,2,Count,,,,,,,,,,,ID-COUNT-LEVEL2,,09BLA0756_15,,"Rhithron Associates Inc, Missoula MT",,Tvetenia bavarica Group,129197,,Larva,,,,
Warning,Ambient Monitoring,09BLA0756,09BLA0756,Sample,GovLocal,8/19/2015,,,,,7,ft2,,,,,,09BLA0756_15,,N,,Y,,Solid/Sediment,Freshwater Taxonomy,,SURBER,,,,,,36.67,Number of Individual Organisms,,4/22/2016,,,136,Count,,,,,,,,,,,ID-COUNT-LEVEL2,,09BLA0756_15,,"Rhithron Associates Inc, Missoula MT",,Baetis tricaudatus complex,100817,,Larva,,,,
Warning,Ambient Monitoring,09BLA0771,09BLA0771,Sample,GovLocal,8/7/2024,,,,,8,ft2,,,,,,09BLA0771_24,,N,,Y,,Solid/Sediment,Freshwater Taxonomy,,SURBER,,,,,,10,Number of Individual Organisms,,4/14/2025,,,3,Count,,,,,,,,,,,ID-COUNT-LEVEL2,,09BLA0771_24,,"Rhithron Associates Inc, Missoula MT",,Tvetenia bavarica Group,129197,,Larva,,,,
Warning,Ambient Monitoring,09BLA0771,09BLA0771,Sample,GovLocal,8/7/2024,,,,,8,ft2,,,,,,09BLA0771_24,,N,,Y,,Solid/Sediment,Freshwater Taxonomy,,SURBER,,,,,,10,Number of Individual Organisms,,4/14/2025,,,1,Count,,,,,,,,,,,ID-COUNT-LEVEL2,,09BLA0771_24,,"Rhithron Associates Inc, Missoula MT",,Thienemannimyia Group,128078,,Larva,,,,
Warning,Ambient Monitoring,09BLA0771,09BLA0771,Sample,GovLocal,8/7/2024,,,,,8,ft2,,,,,,09BLA0771_24,,N,,Y,,Solid/Sediment,Freshwater Taxonomy,,SURBER,,,,,,10,Number of Individual Organisms,,4/14/2025,,,3,Count,,,,,,,,,,,ID-COUNT-LEVEL2,,09BLA0771_24,,"Rhithron Associates Inc, Missoula MT",,Rhyacophila betteni Group,115097,,Larva,,,,
Warning,Ambient Monitoring,09BLA0771,09BLA0771,Sample,GovLocal,8/7/2024,,,,,8,ft2,,,,,,09BLA0771_24,,N,,Y,,Solid/Sediment,Freshwater Taxonomy,,SURBER,,,,,,10,Number of Individual Organisms,,4/14/2025,,,4,Count,,,,,,,,,,,ID-COUNT-LEVEL2,,09BLA0771_24,,"Rhithron Associates Inc, Missoula MT",,Neoleptophlebia,101095,,Larva,,,,
Warning,Ambient Monitoring,09BLA0771,09BLA0771,Sample,GovLocal,8/7/2024,,,,,8,ft2,,,,,,09BLA0771_24,,N,,Y,,Solid/Sediment,Freshwater Taxonomy,,SURBER,,,,,,10,Number of Individual Organisms,,4/14/2025,,,18,Count,,,,,,,,,,,ID-COUNT-LEVEL2,,09BLA0771_24,,"Rhithron Associates Inc, Missoula MT",,Baetis tricaudatus complex,100817,,Larva,,,,
Warning,Ambient Monitoring,09BLA0771,09BLA0771,Sample,GovLocal,7/26/2017,,,,,8,ft2,,,,,,09BLA0771_17,,N,,Y,,Solid/Sediment,Freshwater Taxonomy,,SURBER,,,,,,100,Number of Individual Organisms,,3/16/2018,,,3,Count,,,,,,,,,,,ID-COUNT-LEVEL2,,09BLA0771_17,,"Rhithron Associates Inc, Missoula MT",,Tvetenia bavarica Group,129197,,Larva,,,,
Warning,Ambient Monitoring,09BLA0771,09BLA0771,Sample,GovLocal,7/26/2017,,,,,8,ft2,,,,,,09BLA0771_17,,N,,Y,,Solid/Sediment,Freshwater Taxonomy,,SURBER,,,,,,100,Number of Individual Organisms,,3/16/2018,,,5,Count,,,,,,,,,,,ID-COUNT-LEVEL2,,09BLA0771_17,,"Rhithron Associates Inc, Missoula MT",,Baetis tricaudatus complex,100817,,Larva,,,,
Warning,Ambient Monitoring,09BLA0771,09BLA0771,Sample,GovLocal,8/22/2016,,,,,8,ft2,,,,,,09BLA0771_16,,N,,Y,,Solid/Sediment,Freshwater Taxonomy,,SURBER,,,,,,100,Number of Individual Organisms,,4/4/2017,,,1,Count,,,,,,,,,,,ID-COUNT-LEVEL2,,09BLA0771_16,,"Rhithron Associates Inc, Missoula MT",,Rhyacophila betteni Group,115097,,Larva,,,,
Warning,Ambient Monitoring,09BLA0771,09BLA0771,Sample,GovLocal,8/24/2015,,,,,8,ft2,,,,,,09BLA0771_15,,N,,Y,,Solid/Sediment,Freshwater Taxonomy,,SURBER,,,,,,100,Number of Individual Organisms,,4/22/2016,,,6,Count,,,,,,,,,,,ID-COUNT-LEVEL2,,09BLA0771_15,,"Rhithron Associates Inc, Missoula MT",,Rhyacophila betteni Group,115097,,Larva,,,,
Warning,Ambient Monitoring,09BLA0771,09BLA0771,Sample,GovLocal,8/24/2015,,,,,8,ft2,,,,,,09BLA0771_15,,N,,Y,,Solid/Sediment,Freshwater Taxonomy,,SURBER,,,,,,100,Number of Individual Organisms,,4/22/2016,,,42,Count,,,,,,,,,,,ID-COUNT-LEVEL2,,09BLA0771_15,,"Rhithron Associates Inc, Missoula MT",,Baetis tricaudatus complex,100817,,Larva,,,,
Warning,Ambient Monitoring,09BLA0772,09BLA0772,Sample,GovLocal,9/10/2015,,,,,8,ft2,,,,,,09BLA0772,,N,,Y,,Solid/Sediment,Freshwater Taxonomy,,SURBER,,,,,,100,Number of Individual Organisms,,4/22/2016,,,1,Count,,,,,,,,,,,ID-COUNT-LEVEL2,,09BLA0772,,"Rhithron Associates Inc, Missoula MT",,Tvetenia bavarica Group,129197,,Larva,,,,
Warning,Ambient Monitoring,09BLA0772,09BLA0772,Sample,GovLocal,9/10/2015,,,,,8,ft2,,,,,,09BLA0772,,N,,Y,,Solid/Sediment,Freshwater Taxonomy,,SURBER,,,,,,100,Number of Individual Organisms,,4/22/2016,,,1,Count,,,,,,,,,,,ID-COUNT-LEVEL2,,09BLA0772,,"Rhithron Associates Inc, Missoula MT",,Thienemannimyia Group,128078,,Larva,,,,
Warning,Ambient Monitoring,09BLA0772,09BLA0772,Sample,GovLocal,9/10/2015,,,,,8,ft2,,,,,,09BLA0772,,N,,Y,,Solid/Sediment,Freshwater Taxonomy,,SURBER,,,,,,100,Number of Individual Organisms,,4/22/2016,,,17,Count,,,,,,,,,,,ID-COUNT-LEVEL2,,09BLA0772,,"Rhithron Associates Inc, Missoula MT",,Baetis tricaudatus complex,100817,,Larva,,,,
Warning,Ambient Monitoring,09BLA0772,09BLA0772,Sample,GovLocal,9/22/2016,,,,,8,ft2,,,,,,09BLA0772_16,,N,,Y,,Solid/Sediment,Freshwater Taxonomy,,SURBER,,,,,,70,Number of Individual Organisms,,4/4/2017,,,6,Count,,,,,,,,,,,ID-COUNT-LEVEL2,,09BLA0772_16,,"Rhithron Associates Inc, Missoula MT",,Tvetenia bavarica Group,129197,,Larva,,,,
Warning,Ambient Monitoring,09BLA0772,09BLA0772,Sample,GovLocal,9/22/2016,,,,,8,ft2,,,,,,09BLA0772_16,,N,,Y,,Solid/Sediment,Freshwater Taxonomy,,SURBER,,,,,,70,Number of Individual Organisms,,4/4/2017,,,18,Count,,,,,,,,,,,ID-COUNT-LEVEL2,,09BLA0772_16,,"Rhithron Associates Inc, Missoula MT",,Thienemannimyia Group,128078,,Larva,,,,
Warning,Ambient Monitoring,09BLA0772,09BLA0772,Sample,GovLocal,9/22/2016,,,,,8,ft2,,,,,,09BLA0772_16,,N,,Y,,Solid/Sediment,Freshwater Taxonomy,,SURBER,,,,,,70,Number of Individual Organisms,,4/4/2017,,,52,Count,,,,,,,,,,,ID-COUNT-LEVEL2,,09BLA0772_16,,"Rhithron Associates Inc, Missoula MT",,Baetis tricaudatus complex,100817,,Larva,,,,
Warning,Ambient Monitoring,09BLA0772,09BLA0772,Sample,GovLocal,8/29/2017,,,,,8,ft2,,,,,,09BLA0772_17,,N,,Y,,Solid/Sediment,Freshwater Taxonomy,,SURBER,,,,,,30,Number of Individual Organisms,,3/16/2018,,,1,Count,,,,,,,,,,,ID-COUNT-LEVEL2,,09BLA0772_17,,"Rhithron Associates Inc, Missoula MT",,Chamaedrilus,68510,,unknown,,,,
Warning,Ambient Monitoring,09BLA0772,09BLA0772,Sample,GovLocal,8/29/2017,,,,,8,ft2,,,,,,09BLA0772_17,,N,,Y,,Solid/Sediment,Freshwater Taxonomy,,SURBER,,,,,,30,Number of Individual Organisms,,3/16/2018,,,5,Count,,,,,,,,,,,ID-COUNT-LEVEL2,,09BLA0772_17,,"Rhithron Associates Inc, Missoula MT",,Thienemannimyia Group,128078,,Larva,,,,
Warning,Ambient Monitoring,09BLA0772,09BLA0772,Sample,GovLocal,8/29/2017,,,,,8,ft2,,,,,,09BLA0772_17,,N,,Y,,Solid/Sediment,Freshwater Taxonomy,,SURBER,,,,,,30,Number of Individual Organisms,,3/16/2018,,,60,Count,,,,,,,,,,,ID-COUNT-LEVEL2,,09BLA0772_17,,"Rhithron Associates Inc, Missoula MT",,Baetis tricaudatus complex,100817,,Larva,,,,
Warning,Ambient Monitoring,09BLA0772,09BLA0772,Sample,GovLocal,7/30/2018,,,,,8,ft2,,,,,,09BLA0772_18,,N,,Y,,Solid/Sediment,Freshwater Taxonomy,,SURBER,,,,,,36.67,Number of Individual Organisms,,10/4/2018,,,1,Count,,,,,,,,,,,ID-COUNT-LEVEL2,,09BLA0772_18,,"Rhithron Associates Inc, Missoula MT",,Thienemannimyia Group,128078,,Larva,,,,
Warning,Ambient Monitoring,09BLA0772,09BLA0772,Sample,GovLocal,7/30/2018,,,,,8,ft2,,,,,,09BLA0772_18,,N,,Y,,Solid/Sediment,Freshwater Taxonomy,,SURBER,,,,,,36.67,Number of Individual Organisms,,10/4/2018,,,1,Count,,,,,,,,,,,ID-COUNT-LEVEL2,,09BLA0772_18,,"Rhithron Associates Inc, Missoula MT",,Rhyacophila betteni Group,115097,,Larva,,,,
Warning,Ambient Monitoring,09BLA0768,09BLA0768,Sample,GovLocal,10/7/2021,,,,,8,ft2,,,,,,09BLA0768_21,,N,,Y,,Solid/Sediment,Freshwater Taxonomy,,SURBER,,,,,,16.67,Number of Individual Organisms,,12/17/2021,,,6,Count,,,,,,,,,,,ID-COUNT-LEVEL2,,09BLA0768_21,,"Rhithron Associates Inc, Missoula MT",,Tvetenia bavarica Group,129197,,Larva,,,,
Warning,Ambient Monitoring,09BLA0768,09BLA0768,Sample,GovLocal,10/7/2021,,,,,8,ft2,,,,,,09BLA0768_21,,N,,Y,,Solid/Sediment,Freshwater Taxonomy,,SURBER,,,,,,16.67,Number of Individual Organisms,,12/17/2021,,,4,Count,,,,,,,,,,,ID-COUNT-LEVEL2,,09BLA0768_21,,"Rhithron Associates Inc, Missoula MT",,Zapada oregonensis Group,102591,,Larva,,,,
Warning,Ambient Monitoring,09BLA0768,09BLA0768,Sample,GovLocal,10/7/2021,,,,,8,ft2,,,,,,09BLA0768_21,,N,,Y,,Solid/Sediment,Freshwater Taxonomy,,SURBER,,,,,,16.67,Number of Individual Organisms,,12/17/2021,,,2,Count,,,,,,,,,,,ID-COUNT-LEVEL2,,09BLA0768_21,,"Rhithron Associates Inc, Missoula MT",,Rhyacophila betteni Group,115097,,Larva,,,,
Warning,Ambient Monitoring,09BLA0768,09BLA0768,Sample,GovLocal,10/7/2021,,,,,8,ft2,,,,,,09BLA0768_21,,N,,Y,,Solid/Sediment,Freshwater Taxonomy,,SURBER,,,,,,16.67,Number of Individual Organisms,,12/17/2021,,,5,Count,,,,,,,,,,,ID-COUNT-LEVEL2,,09BLA0768_21,,"Rhithron Associates Inc, Missoula MT",,Rhyacophila brunnea/vemna Group,115097,,Larva,,,,
Warning,Ambient Monitoring,09BLA0768,09BLA0768,Sample,GovLocal,10/7/2021,,,,,8,ft2,,,,,,09BLA0768_21,,N,,Y,,Solid/Sediment,Freshwater Taxonomy,,SURBER,,,,,,16.67,Number of Individual Organisms,,12/17/2021,,,10,Count,,,,,,,,,,,ID-COUNT-LEVEL2,,09BLA0768_21,,"Rhithron Associates Inc, Missoula MT",,Ephemerella excrucians Group,101276,,Larva,,,,
Warning,Ambient Monitoring,09BLA0768,09BLA0768,Sample,GovLocal,10/7/2021,,,,,8,ft2,,,,,,09BLA0768_21,,N,,Y,,Solid/Sediment,Freshwater Taxonomy,,SURBER,,,,,,16.67,Number of Individual Organisms,,12/17/2021,,,120,Count,,,,,,,,,,,ID-COUNT-LEVEL2,,09BLA0768_21,,"Rhithron Associates Inc, Missoula MT",,Baetis tricaudatus complex,100817,,Larva,,,,
Warning,Ambient Monitoring,09BLA0768,09BLA0768,Sample,GovLocal,10/7/2021,,,,,8,ft2,,,,,,09BLA0768_21,,N,,Y,,Solid/Sediment,Freshwater Taxonomy,,SURBER,,,,,,16.67,Number of Individual Organisms,,12/17/2021,,,2,Count,,,,,,,,,,,ID-COUNT-LEVEL2,,09BLA0768_21,,"Rhithron Associates Inc, Missoula MT",,Truncatelloidea,69459,,unknown,,,,
Warning,Ambient Monitoring,09BLA0768,09BLA0768,Sample,GovLocal,8/19/2020,,,,,8,ft2,,,,,,09BLA0768_20,,N,,Y,,Solid/Sediment,Freshwater Taxonomy,,SURBER,,,,,,70,Number of Individual Organisms,,4/30/2021,,,8,Count,,,,,,,,,,,ID-COUNT-LEVEL2,,09BLA0768_20,,"Rhithron Associates Inc, Missoula MT",,Chamaedrilus,68510,,unknown,,,,
Warning,Ambient Monitoring,09BLA0768,09BLA0768,Sample,GovLocal,8/19/2020,,,,,8,ft2,,,,,,09BLA0768_20,,N,,Y,,Solid/Sediment,Freshwater Taxonomy,,SURBER,,,,,,70,Number of Individual Organisms,,4/30/2021,,,7,Count,,,,,,,,,,,ID-COUNT-LEVEL2,,09BLA0768_20,,"Rhithron Associates Inc, Missoula MT",,Tvetenia bavarica Group,129197,,Larva,,,,
Warning,Ambient Monitoring,09BLA0768,09BLA0768,Sample,GovLocal,8/19/2020,,,,,8,ft2,,,,,,09BLA0768_20,,N,,Y,,Solid/Sediment,Freshwater Taxonomy,,SURBER,,,,,,70,Number of Individual Organisms,,4/30/2021,,,3,Count,,,,,,,,,,,ID-COUNT-LEVEL2,,09BLA0768_20,,"Rhithron Associates Inc, Missoula MT",,Rhyacophila betteni Group,115097,,Larva,,,,
Warning,Ambient Monitoring,09BLA0768,09BLA0768,Sample,GovLocal,8/19/2020,,,,,8,ft2,,,,,,09BLA0768_20,,N,,Y,,Solid/Sediment,Freshwater Taxonomy,,SURBER,,,,,,70,Number of Individual Organisms,,4/30/2021,,,5,Count,,,,,,,,,,,ID-COUNT-LEVEL2,,09BLA0768_20,,"Rhithron Associates Inc, Missoula MT",,Rhyacophila brunnea/vemna Group,115097,,Larva,,,,
Warning,Ambient Monitoring,09BLA0768,09BLA0768,Sample,GovLocal,8/19/2020,,,,,8,ft2,,,,,,09BLA0768_20,,N,,Y,,Solid/Sediment,Freshwater Taxonomy,,SURBER,,,,,,70,Number of Individual Organisms,,4/30/2021,,,195,Count,,,,,,,,,,,ID-COUNT-LEVEL2,,09BLA0768_20,,"Rhithron Associates Inc, Missoula MT",,Baetis tricaudatus complex,100817,,Larva,,,,
Warning,Ambient Monitoring,09BLA0768,09BLA0768,Sample,GovLocal,8/28/2019,,,,,8,ft2,,,,,,09BLA0768_19,,N,,Y,,Solid/Sediment,Freshwater Taxonomy,,SURBER,,,,,,30,Number of Individual Organisms,,11/4/2019,,,7,Count,,,,,,,,,,,ID-COUNT-LEVEL2,,09BLA0768_19,,"Rhithron Associates Inc, Missoula MT",,Chamaedrilus,68510,,unknown,,,,
Warning,Ambient Monitoring,09BLA0768,09BLA0768,Sample,GovLocal,8/28/2019,,,,,8,ft2,,,,,,09BLA0768_19,,N,,Y,,Solid/Sediment,Freshwater Taxonomy,,SURBER,,,,,,30,Number of Individual Organisms,,11/4/2019,,,1,Count,,,,,,,,,,,ID-COUNT-LEVEL2,,09BLA0768_19,,"Rhithron Associates Inc, Missoula MT",,Naidinae,68509,,unknown,,,,
Warning,Ambient Monitoring,09BLA0768,09BLA0768,Sample,GovLocal,8/28/2019,,,,,8,ft2,,,,,,09BLA0768_19,,N,,Y,,Solid/Sediment,Freshwater Taxonomy,,SURBER,,,,,,30,Number of Individual Organisms,,11/4/2019,,,6,Count,,,,,,,,,,,ID-COUNT-LEVEL2,,09BLA0768_19,,"Rhithron Associates Inc, Missoula MT",,Tvetenia bavarica Group,129197,,Larva,,,,
Warning,Ambient Monitoring,09BLA0768,09BLA0768,Sample,GovLocal,8/31/2016,,,,,8,ft2,,,,,,09BLA0768_16_R,,Y,,Y,,Solid/Sediment,Freshwater Taxonomy,,SURBER,,,,,,100,Number of Individual Organisms,,4/4/2017,,,5,Count,,,,,,,,,,,ID-COUNT-LEVEL2,,09BLA0768_16_R,,"Rhithron Associates Inc, Missoula MT",,Zapada oregonensis Group,102591,,Larva,,,,
Warning,Ambient Monitoring,09BLA0768,09BLA0768,Sample,GovLocal,8/31/2016,,,,,8,ft2,,,,,,09BLA0768_16_R,,Y,,Y,,Solid/Sediment,Freshwater Taxonomy,,SURBER,,,,,,100,Number of Individual Organisms,,4/4/2017,,,4,Count,,,,,,,,,,,ID-COUNT-LEVEL2,,09BLA0768_16_R,,"Rhithron Associates Inc, Missoula MT",,Rhyacophila betteni Group,115097,,Larva,,,,
Warning,Ambient Monitoring,09BLA0768,09BLA0768,Sample,GovLocal,8/31/2016,,,,,8,ft2,,,,,,09BLA0768_16_R,,Y,,Y,,Solid/Sediment,Freshwater Taxonomy,,SURBER,,,,,,100,Number of Individual Organisms,,4/4/2017,,,4,Count,,,,,,,,,,,ID-COUNT-LEVEL2,,09BLA0768_16_R,,"Rhithron Associates Inc, Missoula MT",,Rhyacophila brunnea/vemna Group,115097,,Larva,,,,
Warning,Ambient Monitoring,09BLA0768,09BLA0768,Sample,GovLocal,8/24/2015,,,,,8,ft2,,,,,,09BLA0768_15,,N,,Y,,Solid/Sediment,Freshwater Taxonomy,,SURBER,,,,,,96.67,Number of Individual Organisms,,4/22/2016,,,3,Count,,,,,,,,,,,ID-COUNT-LEVEL2,,09BLA0768_15,,"Rhithron Associates Inc, Missoula MT",,Orthocladiinae Genus 5 (Coffman and Ferrington),128457,,Larva,,,,
Warning,Ambient Monitoring,09BLA0768,09BLA0768,Sample,GovLocal,8/24/2015,,,,,8,ft2,,,,,,09BLA0768_15,,N,,Y,,Solid/Sediment,Freshwater Taxonomy,,SURBER,,,,,,96.67,Number of Individual Organisms,,4/22/2016,,,1,Count,,,,,,,,,,,ID-COUNT-LEVEL2,,09BLA0768_15,,"Rhithron Associates Inc, Missoula MT",,Orthocladiinae Genus 5 (Coffman and Ferrington),128457,,Pupa,,,,
Warning,Ambient Monitoring,09BLA0768,09BLA0768,Sample,GovLocal,8/24/2015,,,,,8,ft2,,,,,,09BLA0768_15,,N,,Y,,Solid/Sediment,Freshwater Taxonomy,,SURBER,,,,,,96.67,Number of Individual Organisms,,4/22/2016,,,2,Count,,,,,,,,,,,ID-COUNT-LEVEL2,,09BLA0768_15,,"Rhithron Associates Inc, Missoula MT",,Tvetenia bavarica Group,129197,,Larva,,,,
Warning,Ambient Monitoring,09BLA0768,09BLA0768,Sample,GovLocal,8/24/2015,,,,,8,ft2,,,,,,09BLA0768_15,,N,,Y,,Solid/Sediment,Freshwater Taxonomy,,SURBER,,,,,,96.67,Number of Individual Organisms,,4/22/2016,,,17,Count,,,,,,,,,,,ID-COUNT-LEVEL2,,09BLA0768_15,,"Rhithron Associates Inc, Missoula MT",,Zapada oregonensis Group,102591,,Larva,,,,
Warning,Ambient Monitoring,09BLA0768,09BLA0768,Sample,GovLocal,8/24/2015,,,,,8,ft2,,,,,,09BLA0768_15,,N,,Y,,Solid/Sediment,Freshwater Taxonomy,,SURBER,,,,,,96.67,Number of Individual Organisms,,4/22/2016,,,3,Count,,,,,,,,,,,ID-COUNT-LEVEL2,,09BLA0768_15,,"Rhithron Associates Inc, Missoula MT",,Rhyacophila betteni Group,115097,,Larva,,,,
Warning,Ambient Monitoring,09BLA0768,09BLA0768,Sample,GovLocal,8/24/2015,,,,,8,ft2,,,,,,09BLA0768_15,,N,,Y,,Solid/Sediment,Freshwater Taxonomy,,SURBER,,,,,,96.67,Number of Individual Organisms,,4/22/2016,,,2,Count,,,,,,,,,,,ID-COUNT-LEVEL2,,09BLA0768_15,,"Rhithron Associates Inc, Missoula MT",,Rhyacophila brunnea/vemna Group,115097,,Larva,,,,
Warning,Ambient Monitoring,09BLA0768,09BLA0768,Sample,GovLocal,8/24/2015,,,,,8,ft2,,,,,,09BLA0768_15,,N,,Y,,Solid/Sediment,Freshwater Taxonomy,,SURBER,,,,,,96.67,Number of Individual Organisms,,4/22/2016,,,115,Count,,,,,,,,,,,ID-COUNT-LEVEL2,,09BLA0768_15,,"Rhithron Associates Inc, Missoula MT",,Baetis tricaudatus complex,100817,,Larva,,,,
Warning,Ambient Monitoring,09BLA0817,09BLA0817,Sample,GovLocal,8/8/2024,,,,,8,ft2,,,,,,09BLA0817_24,,N,,Y,,Solid/Sediment,Freshwater Taxonomy,,SURBER,,,,,,10,Number of Individual Organisms,,5/13/2025,,,1,Count,,,,,,,,,,,ID-COUNT-LEVEL2,,09BLA0817_24,,"Rhithron Associates Inc, Missoula MT",,Tvetenia bavarica Group,129197,,Larva,,,,
Warning,Ambient Monitoring,09BLA0817,09BLA0817,Sample,GovLocal,8/8/2024,,,,,8,ft2,,,,,,09BLA0817_24,,N,,Y,,Solid/Sediment,Freshwater Taxonomy,,SURBER,,,,,,10,Number of Individual Organisms,,5/13/2025,,,53,Count,,,,,,,,,,,ID-COUNT-LEVEL2,,09BLA0817_24,,"Rhithron Associates Inc, Missoula MT",,Baetis tricaudatus complex,100817,,Larva,,,,
Warning,Ambient Monitoring,09BLA0817,09BLA0817,Sample,GovLocal,7/20/2023,,,,,8,ft2,,,,,,09BLA0817_23,,N,,Y,,Solid/Sediment,Freshwater Taxonomy,,SURBER,,,,,,10,Number of Individual Organisms,,5/17/2024,,,1,Count,,,,,,,,,,,ID-COUNT-LEVEL2,,09BLA0817_23,,"Rhithron Associates Inc, Missoula MT",,Tvetenia bavarica Group,129197,,Larva,,,,
Warning,Ambient Monitoring,09BLA0817,09BLA0817,Sample,GovLocal,7/20/2023,,,,,8,ft2,,,,,,09BLA0817_23,,N,,Y,,Solid/Sediment,Freshwater Taxonomy,,SURBER,,,,,,10,Number of Individual Organisms,,5/17/2024,,,62,Count,,,,,,,,,,,ID-COUNT-LEVEL2,,09BLA0817_23,,"Rhithron Associates Inc, Missoula MT",,Baetis tricaudatus complex,100817,,Larva,,,,
Warning,Ambient Monitoring,09BLA0817,09BLA0817,Sample,GovLocal,8/16/2022,,,,,8,ft2,,,,,,09BLA0817_22,,N,,Y,,Solid/Sediment,Freshwater Taxonomy,,SURBER,,,,,,43.33,Number of Individual Organisms,,5/23/2023,,,57,Count,,,,,,,,,,,ID-COUNT-LEVEL2,,09BLA0817_22,,"Rhithron Associates Inc, Missoula MT",,Baetis tricaudatus complex,100817,,Larva,,,,
Warning,Ambient Monitoring,09DEE2208,09DEE2208,Sample,GovLocal,9/13/2023,,,,,8,ft2,,,,,,09DEE2208_23,,N,,Y,,Solid/Sediment,Freshwater Taxonomy,,SURBER,,,,,,10,Number of Individual Organisms,,4/16/2024,,,23,Count,,,,,,,,,,,ID-COUNT-LEVEL2,,09DEE2208_23,,"Rhithron Associates Inc, Missoula MT",,Tvetenia bavarica Group,129197,,Larva,,,,
Warning,Ambient Monitoring,09DEE2208,09DEE2208,Sample,GovLocal,9/13/2023,,,,,8,ft2,,,,,,09DEE2208_23,,N,,Y,,Solid/Sediment,Freshwater Taxonomy,,SURBER,,,,,,10,Number of Individual Organisms,,4/16/2024,,,16,Count,,,,,,,,,,,ID-COUNT-LEVEL2,,09DEE2208_23,,"Rhithron Associates Inc, Missoula MT",,Pericomaini,125391,,Larva,,,,
Warning,Ambient Monitoring,09DEE2208,09DEE2208,Sample,GovLocal,9/13/2023,,,,,8,ft2,,,,,,09DEE2208_23,,N,,Y,,Solid/Sediment,Freshwater Taxonomy,,SURBER,,,,,,10,Number of Individual Organisms,,4/16/2024,,,6,Count,,,,,,,,,,,ID-COUNT-LEVEL2,,09DEE2208_23,,"Rhithron Associates Inc, Missoula MT",,Rhyacophila brunnea/vemna Group,115097,,Larva,,,,
Warning,Ambient Monitoring,09DEE2208,09DEE2208,Sample,GovLocal,9/13/2023,,,,,8,ft2,,,,,,09DEE2208_23,,N,,Y,,Solid/Sediment,Freshwater Taxonomy,,SURBER,,,,,,10,Number of Individual Organisms,,4/16/2024,,,22,Count,,,,,,,,,,,ID-COUNT-LEVEL2,,09DEE2208_23,,"Rhithron Associates Inc, Missoula MT",,Ephemerella excrucians Group,101276,,Larva,,,,
Warning,Ambient Monitoring,09DEE2208,09DEE2208,Sample,GovLocal,9/13/2023,,,,,8,ft2,,,,,,09DEE2208_23,,N,,Y,,Solid/Sediment,Freshwater Taxonomy,,SURBER,,,,,,10,Number of Individual Organisms,,4/16/2024,,,43,Count,,,,,,,,,,,ID-COUNT-LEVEL2,,09DEE2208_23,,"Rhithron Associates Inc, Missoula MT",,Baetis tricaudatus complex,100817,,Larva,,,,
Warning,Ambient Monitoring,09DEE2208,09DEE2208,Sample,GovLocal,9/7/2022,,,,,8,ft2,,,,,,09DEE2208_22,,N,,Y,,Solid/Sediment,Freshwater Taxonomy,,SURBER,,,,,,16.67,Number of Individual Organisms,,2/1/2023,,,24,Count,,,,,,,,,,,ID-COUNT-LEVEL2,,09DEE2208_22,,"Rhithron Associates Inc, Missoula MT",,Tvetenia bavarica Group,129197,,Larva,,,,
Warning,Ambient Monitoring,09DEE2208,09DEE2208,Sample,GovLocal,9/7/2022,,,,,8,ft2,,,,,,09DEE2208_22,,N,,Y,,Solid/Sediment,Freshwater Taxonomy,,SURBER,,,,,,16.67,Number of Individual Organisms,,2/1/2023,,,2,Count,,,,,,,,,,,ID-COUNT-LEVEL2,,09DEE2208_22,,"Rhithron Associates Inc, Missoula MT",,Pericomaini,125391,,Larva,,,,
Warning,Ambient Monitoring,09DEE2208,09DEE2208,Sample,GovLocal,9/7/2022,,,,,8,ft2,,,,,,09DEE2208_22,,N,,Y,,Solid/Sediment,Freshwater Taxonomy,,SURBER,,,,,,16.67,Number of Individual Organisms,,2/1/2023,,,5,Count,,,,,,,,,,,ID-COUNT-LEVEL2,,09DEE2208_22,,"Rhithron Associates Inc, Missoula MT",,Rhyacophila brunnea/vemna Group,115097,,Larva,,,,
Warning,Ambient Monitoring,09DEE2208,09DEE2208,Sample,GovLocal,9/7/2022,,,,,8,ft2,,,,,,09DEE2208_22,,N,,Y,,Solid/Sediment,Freshwater Taxonomy,,SURBER,,,,,,16.67,Number of Individual Organisms,,2/1/2023,,,1,Count,,,,,,,,,,,ID-COUNT-LEVEL2,,09DEE2208_22,,"Rhithron Associates Inc, Missoula MT",,Ephemerella excrucians Group,101276,,Larva,,,,
Warning,Ambient Monitoring,09DEE2208,09DEE2208,Sample,GovLocal,9/7/2022,,,,,8,ft2,,,,,,09DEE2208_22,,N,,Y,,Solid/Sediment,Freshwater Taxonomy,,SURBER,,,,,,16.67,Number of Individual Organisms,,2/1/2023,,,87,Count,,,,,,,,,,,ID-COUNT-LEVEL2,,09DEE2208_22,,"Rhithron Associates Inc, Missoula MT",,Baetis tricaudatus complex,100817,,Larva,,,,
Warning,Ambient Monitoring,09DEE2208,09DEE2208,Sample,GovLocal,10/7/2021,,,,,8,ft2,,,,,,09DEE2208_21,,N,,Y,,Solid/Sediment,Freshwater Taxonomy,,SURBER,,,,,,16.67,Number of Individual Organisms,,12/17/2021,,,3,Count,,,,,,,,,,,ID-COUNT-LEVEL2,,09DEE2208_21,,"Rhithron Associates Inc, Missoula MT",,Chamaedrilus,68510,,unknown,,,,
Warning,Ambient Monitoring,09DEE2208,09DEE2208,Sample,GovLocal,8/29/2017,,,,,8,ft2,,,,,,09DEE2208_17,,N,,Y,,Solid/Sediment,Freshwater Taxonomy,,SURBER,,,,,,23.33,Number of Individual Organisms,,3/16/2018,,,4,Count,,,,,,,,,,,ID-COUNT-LEVEL2,,09DEE2208_17,,"Rhithron Associates Inc, Missoula MT",,Monatractides,83249,,Adult,,,,
Warning,Ambient Monitoring,09DEE2208,09DEE2208,Sample,GovLocal,8/29/2017,,,,,8,ft2,,,,,,09DEE2208_17,,N,,Y,,Solid/Sediment,Freshwater Taxonomy,,SURBER,,,,,,23.33,Number of Individual Organisms,,3/16/2018,,,5,Count,,,,,,,,,,,ID-COUNT-LEVEL2,,09DEE2208_17,,"Rhithron Associates Inc, Missoula MT",,Tvetenia bavarica Group,129197,,Larva,,,,
Warning,Ambient Monitoring,09DEE2208,09DEE2208,Sample,GovLocal,8/29/2017,,,,,8,ft2,,,,,,09DEE2208_17,,N,,Y,,Solid/Sediment,Freshwater Taxonomy,,SURBER,,,,,,23.33,Number of Individual Organisms,,3/16/2018,,,3,Count,,,,,,,,,,,ID-COUNT-LEVEL2,,09DEE2208_17,,"Rhithron Associates Inc, Missoula MT",,Suwalliini,609854,,Larva,,,,
Warning,Ambient Monitoring,09DEE2208,09DEE2208,Sample,GovLocal,8/29/2017,,,,,8,ft2,,,,,,09DEE2208_17,,N,,Y,,Solid/Sediment,Freshwater Taxonomy,,SURBER,,,,,,23.33,Number of Individual Organisms,,3/16/2018,,,1,Count,,,,,,,,,,,ID-COUNT-LEVEL2,,09DEE2208_17,,"Rhithron Associates Inc, Missoula MT",,Rhyacophila angelita Group,115097,,Larva,,,,
Warning,Ambient Monitoring,09DEE2208,09DEE2208,Sample,GovLocal,8/29/2017,,,,,8,ft2,,,,,,09DEE2208_17,,N,,Y,,Solid/Sediment,Freshwater Taxonomy,,SURBER,,,,,,23.33,Number of Individual Organisms,,3/16/2018,,,4,Count,,,,,,,,,,,ID-COUNT-LEVEL2,,09DEE2208_17,,"Rhithron Associates Inc, Missoula MT",,Rhyacophila brunnea/vemna Group,115097,,Larva,,,,
Warning,Ambient Monitoring,09DEE2208,09DEE2208,Sample,GovLocal,8/29/2017,,,,,8,ft2,,,,,,09DEE2208_17,,N,,Y,,Solid/Sediment,Freshwater Taxonomy,,SURBER,,,,,,23.33,Number of Individual Organisms,,3/16/2018,,,32,Count,,,,,,,,,,,ID-COUNT-LEVEL2,,09DEE2208_17,,"Rhithron Associates Inc, Missoula MT",,Baetis tricaudatus complex,100817,,Larva,,,,
Warning,Ambient Monitoring,09DEE2208,09DEE2208,Sample,GovLocal,8/30/2016,,,,,8,ft2,,,,,,09DEE2208_16,,N,,Y,,Solid/Sediment,Freshwater Taxonomy,,SURBER,,,,,,6.67,Number of Individual Organisms,,4/4/2017,,,29,Count,,,,,,,,,,,ID-COUNT-LEVEL2,,09DEE2208_16,,"Rhithron Associates Inc, Missoula MT",,Tvetenia bavarica Group,129197,,Larva,,,,
Warning,Ambient Monitoring,09DEE2294,09DEE2294,Sample,GovLocal,9/7/2022,,,,,8,ft2,,,,,,09DEE2294_22,,N,,Y,,Solid/Sediment,Freshwater Taxonomy,,SURBER,,,,,,13.33,Number of Individual Organisms,,2/1/2023,,,1,Count,,,,,,,,,,,ID-COUNT-LEVEL2,,09DEE2294_22,,"Rhithron Associates Inc, Missoula MT",,Monatractides,83249,,Adult,,,,
Warning,Ambient Monitoring,09DEE2294,09DEE2294,Sample,GovLocal,9/7/2022,,,,,8,ft2,,,,,,09DEE2294_22,,N,,Y,,Solid/Sediment,Freshwater Taxonomy,,SURBER,,,,,,13.33,Number of Individual Organisms,,2/1/2023,,,5,Count,,,,,,,,,,,ID-COUNT-LEVEL2,,09DEE2294_22,,"Rhithron Associates Inc, Missoula MT",,Tvetenia bavarica Group,129197,,Larva,,,,
Warning,Ambient Monitoring,09DEE2294,09DEE2294,Sample,GovLocal,9/7/2022,,,,,8,ft2,,,,,,09DEE2294_22,,N,,Y,,Solid/Sediment,Freshwater Taxonomy,,SURBER,,,,,,13.33,Number of Individual Organisms,,2/1/2023,,,1,Count,,,,,,,,,,,ID-COUNT-LEVEL2,,09DEE2294_22,,"Rhithron Associates Inc, Missoula MT",,Thienemannimyia Group,128078,,Larva,,,,
Warning,Ambient Monitoring,09DEE2294,09DEE2294,Sample,GovLocal,9/7/2022,,,,,8,ft2,,,,,,09DEE2294_22,,N,,Y,,Solid/Sediment,Freshwater Taxonomy,,SURBER,,,,,,13.33,Number of Individual Organisms,,2/1/2023,,,4,Count,,,,,,,,,,,ID-COUNT-LEVEL2,,09DEE2294_22,,"Rhithron Associates Inc, Missoula MT",,Pericomaini,125391,,Larva,,,,
Warning,Ambient Monitoring,09DEE2294,09DEE2294,Sample,GovLocal,9/7/2022,,,,,8,ft2,,,,,,09DEE2294_22,,N,,Y,,Solid/Sediment,Freshwater Taxonomy,,SURBER,,,,,,13.33,Number of Individual Organisms,,2/1/2023,,,1,Count,,,,,,,,,,,ID-COUNT-LEVEL2,,09DEE2294_22,,"Rhithron Associates Inc, Missoula MT",,Zapada oregonensis Group,102591,,Larva,,,,
Warning,Ambient Monitoring,09DEE2294,09DEE2294,Sample,GovLocal,9/7/2022,,,,,8,ft2,,,,,,09DEE2294_22,,N,,Y,,Solid/Sediment,Freshwater Taxonomy,,SURBER,,,,,,13.33,Number of Individual Organisms,,2/1/2023,,,2,Count,,,,,,,,,,,ID-COUNT-LEVEL2,,09DEE2294_22,,"Rhithron Associates Inc, Missoula MT",,Rhyacophila brunnea/vemna Group,115097,,Larva,,,,
Warning,Ambient Monitoring,09DEE2294,09DEE2294,Sample,GovLocal,9/7/2022,,,,,8,ft2,,,,,,09DEE2294_22,,N,,Y,,Solid/Sediment,Freshwater Taxonomy,,SURBER,,,,,,13.33,Number of Individual Organisms,,2/1/2023,,,3,Count,,,,,,,,,,,ID-COUNT-LEVEL2,,09DEE2294_22,,"Rhithron Associates Inc, Missoula MT",,Rhyacophila hyalinata Group,115097,,Larva,,,,
Warning,Ambient Monitoring,09DEE2294,09DEE2294,Sample,GovLocal,9/7/2022,,,,,8,ft2,,,,,,09DEE2294_22,,N,,Y,,Solid/Sediment,Freshwater Taxonomy,,SURBER,,,,,,13.33,Number of Individual Organisms,,2/1/2023,,,18,Count,,,,,,,,,,,ID-COUNT-LEVEL2,,09DEE2294_22,,"Rhithron Associates Inc, Missoula MT",,Baetis tricaudatus complex,100817,,Larva,,,,
Warning,Ambient Monitoring,09DEE2294,09DEE2294,Sample,GovLocal,10/6/2021,,,,,8,ft2,,,,,,09DEE2294_21,,N,,Y,,Solid/Sediment,Freshwater Taxonomy,,SURBER,,,,,,6.67,Number of Individual Organisms,,12/17/2021,,,63,Count,,,,,,,,,,,ID-COUNT-LEVEL2,,09DEE2294_21,,"Rhithron Associates Inc, Missoula MT",,Tvetenia bavarica Group,129197,,Larva,,,,
Warning,Ambient Monitoring,09DEE2294,09DEE2294,Sample,GovLocal,10/6/2021,,,,,8,ft2,,,,,,09DEE2294_21,,N,,Y,,Solid/Sediment,Freshwater Taxonomy,,SURBER,,,,,,6.67,Number of Individual Organisms,,12/17/2021,,,2,Count,,,,,,,,,,,ID-COUNT-LEVEL2,,09DEE2294_21,,"Rhithron Associates Inc, Missoula MT",,Pericomaini,125391,,Larva,,,,
Warning,Ambient Monitoring,09DEE2294,09DEE2294,Sample,GovLocal,10/6/2021,,,,,8,ft2,,,,,,09DEE2294_21,,N,,Y,,Solid/Sediment,Freshwater Taxonomy,,SURBER,,,,,,6.67,Number of Individual Organisms,,12/17/2021,,,6,Count,,,,,,,,,,,ID-COUNT-LEVEL2,,09DEE2294_21,,"Rhithron Associates Inc, Missoula MT",,Zapada oregonensis Group,102591,,Larva,,,,
Warning,Ambient Monitoring,09DEE2294,09DEE2294,Sample,GovLocal,10/6/2021,,,,,8,ft2,,,,,,09DEE2294_21,,N,,Y,,Solid/Sediment,Freshwater Taxonomy,,SURBER,,,,,,6.67,Number of Individual Organisms,,12/17/2021,,,5,Count,,,,,,,,,,,ID-COUNT-LEVEL2,,09DEE2294_21,,"Rhithron Associates Inc, Missoula MT",,Rhyacophila betteni Group,115097,,Larva,,,,
Warning,Ambient Monitoring,09DEE2294,09DEE2294,Sample,GovLocal,10/6/2021,,,,,8,ft2,,,,,,09DEE2294_21,,N,,Y,,Solid/Sediment,Freshwater Taxonomy,,SURBER,,,,,,6.67,Number of Individual Organisms,,12/17/2021,,,2,Count,,,,,,,,,,,ID-COUNT-LEVEL2,,09DEE2294_21,,"Rhithron Associates Inc, Missoula MT",,Rhyacophila brunnea/vemna Group,115097,,Larva,,,,
Warning,Ambient Monitoring,09DEE2294,09DEE2294,Sample,GovLocal,8/16/2017,,,,,8,ft2,,,,,,09DEE2294_17,,N,,Y,,Solid/Sediment,Freshwater Taxonomy,,SURBER,,,,,,23.33,Number of Individual Organisms,,3/16/2018,,,14,Count,,,,,,,,,,,ID-COUNT-LEVEL2,,09DEE2294_17,,"Rhithron Associates Inc, Missoula MT",,Tvetenia bavarica Group,129197,,Larva,,,,
Warning,Ambient Monitoring,09DEE2294,09DEE2294,Sample,GovLocal,8/16/2017,,,,,8,ft2,,,,,,09DEE2294_17,,N,,Y,,Solid/Sediment,Freshwater Taxonomy,,SURBER,,,,,,23.33,Number of Individual Organisms,,3/16/2018,,,2,Count,,,,,,,,,,,ID-COUNT-LEVEL2,,09DEE2294_17,,"Rhithron Associates Inc, Missoula MT",,Thienemannimyia Group,128078,,Larva,,,,
Warning,Ambient Monitoring,09DEE2294,09DEE2294,Sample,GovLocal,8/16/2017,,,,,8,ft2,,,,,,09DEE2294_17,,N,,Y,,Solid/Sediment,Freshwater Taxonomy,,SURBER,,,,,,23.33,Number of Individual Organisms,,3/16/2018,,,3,Count,,,,,,,,,,,ID-COUNT-LEVEL2,,09DEE2294_17,,"Rhithron Associates Inc, Missoula MT",,Rhyacophila angelita Group,115097,,Larva,,,,
Warning,Ambient Monitoring,09DEE2294,09DEE2294,Sample,GovLocal,8/16/2017,,,,,8,ft2,,,,,,09DEE2294_17,,N,,Y,,Solid/Sediment,Freshwater Taxonomy,,SURBER,,,,,,23.33,Number of Individual Organisms,,3/16/2018,,,8,Count,,,,,,,,,,,ID-COUNT-LEVEL2,,09DEE2294_17,,"Rhithron Associates Inc, Missoula MT",,Rhyacophila betteni Group,115097,,Larva,,,,
Warning,Ambient Monitoring,09DEE2294,09DEE2294,Sample,GovLocal,8/16/2017,,,,,8,ft2,,,,,,09DEE2294_17,,N,,Y,,Solid/Sediment,Freshwater Taxonomy,,SURBER,,,,,,23.33,Number of Individual Organisms,,3/16/2018,,,2,Count,,,,,,,,,,,ID-COUNT-LEVEL2,,09DEE2294_17,,"Rhithron Associates Inc, Missoula MT",,Rhyacophila brunnea/vemna Group,115097,,Larva,,,,
Warning,Ambient Monitoring,09DEE2294,09DEE2294,Sample,GovLocal,8/16/2017,,,,,8,ft2,,,,,,09DEE2294_17,,N,,Y,,Solid/Sediment,Freshwater Taxonomy,,SURBER,,,,,,23.33,Number of Individual Organisms,,3/16/2018,,,110,Count,,,,,,,,,,,ID-COUNT-LEVEL2,,09DEE2294_17,,"Rhithron Associates Inc, Missoula MT",,Baetis tricaudatus complex,100817,,Larva,,,,
Warning,Ambient Monitoring,09DEE2294,09DEE2294,Sample,GovLocal,8/4/2016,,,,,8,ft2,,,,,,09DEE2294_16,,N,,Y,,Solid/Sediment,Freshwater Taxonomy,,SURBER,,,,,,6.67,Number of Individual Organisms,,11/21/2016,,,8,Count,,,,,,,,,,,ID-COUNT-LEVEL2,,09DEE2294_16,,"Rhithron Associates Inc, Missoula MT",,Tvetenia bavarica Group,129197,,Larva,,,,
Warning,Ambient Monitoring,09DEE2294,09DEE2294,Sample,GovLocal,8/4/2016,,,,,8,ft2,,,,,,09DEE2294_16,,N,,Y,,Solid/Sediment,Freshwater Taxonomy,,SURBER,,,,,,6.67,Number of Individual Organisms,,11/21/2016,,,1,Count,,,,,,,,,,,ID-COUNT-LEVEL2,,09DEE2294_16,,"Rhithron Associates Inc, Missoula MT",,Thienemannimyia Group,128078,,Larva,,,,
Warning,Ambient Monitoring,09DEE2294,09DEE2294,Sample,GovLocal,8/4/2016,,,,,8,ft2,,,,,,09DEE2294_16,,N,,Y,,Solid/Sediment,Freshwater Taxonomy,,SURBER,,,,,,6.67,Number of Individual Organisms,,11/21/2016,,,1,Count,,,,,,,,,,,ID-COUNT-LEVEL2,,09DEE2294_16,,"Rhithron Associates Inc, Missoula MT",,Rhyacophila angelita Group,115097,,Larva,,,,
Warning,Ambient Monitoring,09DEE2294,09DEE2294,Sample,GovLocal,8/4/2016,,,,,8,ft2,,,,,,09DEE2294_16,,N,,Y,,Solid/Sediment,Freshwater Taxonomy,,SURBER,,,,,,6.67,Number of Individual Organisms,,11/21/2016,,,1,Count,,,,,,,,,,,ID-COUNT-LEVEL2,,09DEE2294_16,,"Rhithron Associates Inc, Missoula MT",,Rhyacophila betteni Group,115097,,Larva,,,,
Warning,Ambient Monitoring,09DEE2294,09DEE2294,Sample,GovLocal,8/4/2016,,,,,8,ft2,,,,,,09DEE2294_16,,N,,Y,,Solid/Sediment,Freshwater Taxonomy,,SURBER,,,,,,6.67,Number of Individual Organisms,,11/21/2016,,,1,Count,,,,,,,,,,,ID-COUNT-LEVEL2,,09DEE2294_16,,"Rhithron Associates Inc, Missoula MT",,Rhyacophila brunnea/vemna Group,115097,,Larva,,,,
Warning,Ambient Monitoring,09DEE2294,09DEE2294,Sample,GovLocal,8/4/2016,,,,,8,ft2,,,,,,09DEE2294_16,,N,,Y,,Solid/Sediment,Freshwater Taxonomy,,SURBER,,,,,,6.67,Number of Individual Organisms,,11/21/2016,,,1,Count,,,,,,,,,,,ID-COUNT-LEVEL2,,09DEE2294_16,,"Rhithron Associates Inc, Missoula MT",,Rhyacophila hyalinata Group,115097,,Larva,,,,
Warning,Ambient Monitoring,09DEE2294,09DEE2294,Sample,GovLocal,8/4/2016,,,,,8,ft2,,,,,,09DEE2294_16,,N,,Y,,Solid/Sediment,Freshwater Taxonomy,,SURBER,,,,,,6.67,Number of Individual Organisms,,11/21/2016,,,78,Count,,,,,,,,,,,ID-COUNT-LEVEL2,,09DEE2294_16,,"Rhithron Associates Inc, Missoula MT",,Baetis tricaudatus complex,100817,,Larva,,,,
Warning,Ambient Monitoring,09DEE2294,09DEE2294,Sample,GovLocal,8/27/2015,,,,,8,ft2,,,,,,09DEE2294_15,,N,,Y,,Solid/Sediment,Freshwater Taxonomy,,SURBER,,,,,,30,Number of Individual Organisms,,4/22/2016,,,6,Count,,,,,,,,,,,ID-COUNT-LEVEL2,,09DEE2294_15,,"Rhithron Associates Inc, Missoula MT",,Tvetenia bavarica Group,129197,,Larva,,,,
Warning,Ambient Monitoring,09DEE2294,09DEE2294,Sample,GovLocal,8/27/2015,,,,,8,ft2,,,,,,09DEE2294_15,,N,,Y,,Solid/Sediment,Freshwater Taxonomy,,SURBER,,,,,,30,Number of Individual Organisms,,4/22/2016,,,3,Count,,,,,,,,,,,ID-COUNT-LEVEL2,,09DEE2294_15,,"Rhithron Associates Inc, Missoula MT",,Thienemannimyia Group,128078,,Larva,,,,
Warning,Ambient Monitoring,09COV1165,09COV1165,Sample,GovLocal,8/9/2022,,,,,8,ft2,,,,,,09COV1165_22_R,,Y,,Y,,Solid/Sediment,Freshwater Taxonomy,,SURBER,,,,,,76.67,Number of Individual Organisms,,5/19/2023,,,6,Count,,,,,,,,,,,ID-COUNT-LEVEL2,,09COV1165_22_R,,"Rhithron Associates Inc, Missoula MT",,Pericomaini,125391,,Larva,,,,
Warning,Ambient Monitoring,09COV1165,09COV1165,Sample,GovLocal,8/9/2022,,,,,8,ft2,,,,,,09COV1165_22_R,,Y,,Y,,Solid/Sediment,Freshwater Taxonomy,,SURBER,,,,,,76.67,Number of Individual Organisms,,5/19/2023,,,1,Count,,,,,,,,,,,ID-COUNT-LEVEL2,,09COV1165_22_R,,"Rhithron Associates Inc, Missoula MT",,Rhyacophila betteni Group,115097,,Larva,,,,
Warning,Ambient Monitoring,09COV1165,09COV1165,Sample,GovLocal,8/9/2022,,,,,8,ft2,,,,,,09COV1165_22_R,,Y,,Y,,Solid/Sediment,Freshwater Taxonomy,,SURBER,,,,,,76.67,Number of Individual Organisms,,5/19/2023,,,23,Count,,,,,,,,,,,ID-COUNT-LEVEL2,,09COV1165_22_R,,"Rhithron Associates Inc, Missoula MT",,Rhyacophila brunnea/vemna Group,115097,,Larva,,,,
Warning,Ambient Monitoring,09COV1165,09COV1165,Sample,GovLocal,8/9/2022,,,,,8,ft2,,,,,,09COV1165_22_R,,Y,,Y,,Solid/Sediment,Freshwater Taxonomy,,SURBER,,,,,,76.67,Number of Individual Organisms,,5/19/2023,,,14,Count,,,,,,,,,,,ID-COUNT-LEVEL2,,09COV1165_22_R,,"Rhithron Associates Inc, Missoula MT",,Baetis tricaudatus complex,100817,,Larva,,,,
Warning,Ambient Monitoring,09COV1165,09COV1165,Sample,GovLocal,10/4/2021,,,,,8,ft2,,,,,,09COV1165_21,,N,,Y,,Solid/Sediment,Freshwater Taxonomy,,SURBER,,,,,,13.33,Number of Individual Organisms,,12/17/2021,,,2,Count,,,,,,,,,,,ID-COUNT-LEVEL2,,09COV1165_21,,"Rhithron Associates Inc, Missoula MT",,Chamaedrilus,68510,,unknown,,,,
Warning,Ambient Monitoring,09COV1165,09COV1165,Sample,GovLocal,10/4/2021,,,,,8,ft2,,,,,,09COV1165_21,,N,,Y,,Solid/Sediment,Freshwater Taxonomy,,SURBER,,,,,,13.33,Number of Individual Organisms,,12/17/2021,,,1,Count,,,,,,,,,,,ID-COUNT-LEVEL2,,09COV1165_21,,"Rhithron Associates Inc, Missoula MT",,Tvetenia bavarica Group,129197,,Larva,,,,
Warning,Ambient Monitoring,09COV1165,09COV1165,Sample,GovLocal,10/4/2021,,,,,8,ft2,,,,,,09COV1165_21,,N,,Y,,Solid/Sediment,Freshwater Taxonomy,,SURBER,,,,,,13.33,Number of Individual Organisms,,12/17/2021,,,8,Count,,,,,,,,,,,ID-COUNT-LEVEL2,,09COV1165_21,,"Rhithron Associates Inc, Missoula MT",,Pericomaini,125391,,Larva,,,,
Warning,Ambient Monitoring,09COV1165,09COV1165,Sample,GovLocal,10/4/2021,,,,,8,ft2,,,,,,09COV1165_21,,N,,Y,,Solid/Sediment,Freshwater Taxonomy,,SURBER,,,,,,13.33,Number of Individual Organisms,,12/17/2021,,,1,Count,,,,,,,,,,,ID-COUNT-LEVEL2,,09COV1165_21,,"Rhithron Associates Inc, Missoula MT",,Zapada oregonensis Group,102591,,Larva,,,,
Warning,Ambient Monitoring,09COV1165,09COV1165,Sample,GovLocal,10/4/2021,,,,,8,ft2,,,,,,09COV1165_21,,N,,Y,,Solid/Sediment,Freshwater Taxonomy,,SURBER,,,,,,13.33,Number of Individual Organisms,,12/17/2021,,,1,Count,,,,,,,,,,,ID-COUNT-LEVEL2,,09COV1165_21,,"Rhithron Associates Inc, Missoula MT",,Thremmatidae,598162,,Pupa,,,,
Warning,Ambient Monitoring,09COV1165,09COV1165,Sample,GovLocal,10/4/2021,,,,,8,ft2,,,,,,09COV1165_21,,N,,Y,,Solid/Sediment,Freshwater Taxonomy,,SURBER,,,,,,13.33,Number of Individual Organisms,,12/17/2021,,,2,Count,,,,,,,,,,,ID-COUNT-LEVEL2,,09COV1165_21,,"Rhithron Associates Inc, Missoula MT",,Rhyacophila brunnea/vemna Group,115097,,Larva,,,,
Warning,Ambient Monitoring,09COV1165,09COV1165,Sample,GovLocal,10/4/2021,,,,,8,ft2,,,,,,09COV1165_21,,N,,Y,,Solid/Sediment,Freshwater Taxonomy,,SURBER,,,,,,13.33,Number of Individual Organisms,,12/17/2021,,,5,Count,,,,,,,,,,,ID-COUNT-LEVEL2,,09COV1165_21,,"Rhithron Associates Inc, Missoula MT",,Ephemerella excrucians Group,101276,,Larva,,,,
Warning,Ambient Monitoring,09COV1165,09COV1165,Sample,GovLocal,10/4/2021,,,,,8,ft2,,,,,,09COV1165_21,,N,,Y,,Solid/Sediment,Freshwater Taxonomy,,SURBER,,,,,,13.33,Number of Individual Organisms,,12/17/2021,,,40,Count,,,,,,,,,,,ID-COUNT-LEVEL2,,09COV1165_21,,"Rhithron Associates Inc, Missoula MT",,Baetis tricaudatus complex,100817,,Larva,,,,
Warning,Ambient Monitoring,09COV1165,09COV1165,Sample,GovLocal,7/23/2020,,,,,8,ft2,,,,,,09COV1165_20,,N,,Y,,Solid/Sediment,Freshwater Taxonomy,,SURBER,,,,,,46.67,Number of Individual Organisms,,4/30/2021,,,1,Count,,,,,,,,,,,ID-COUNT-LEVEL2,,09COV1165_20,,"Rhithron Associates Inc, Missoula MT",,Thienemannimyia Group,128078,,Larva,,,,
Warning,Ambient Monitoring,09COV1165,09COV1165,Sample,GovLocal,7/23/2020,,,,,8,ft2,,,,,,09COV1165_20,,N,,Y,,Solid/Sediment,Freshwater Taxonomy,,SURBER,,,,,,46.67,Number of Individual Organisms,,4/30/2021,,,1,Count,,,,,,,,,,,ID-COUNT-LEVEL2,,09COV1165_20,,"Rhithron Associates Inc, Missoula MT",,Thremmatidae,598162,,Pupa,,,,
Warning,Ambient Monitoring,09COV1165,09COV1165,Sample,GovLocal,7/23/2020,,,,,8,ft2,,,,,,09COV1165_20,,N,,Y,,Solid/Sediment,Freshwater Taxonomy,,SURBER,,,,,,46.67,Number of Individual Organisms,,4/30/2021,,,2,Count,,,,,,,,,,,ID-COUNT-LEVEL2,,09COV1165_20,,"Rhithron Associates Inc, Missoula MT",,Rhyacophila betteni Group,115097,,Larva,,,,
Warning,Ambient Monitoring,09COV1165,09COV1165,Sample,GovLocal,7/23/2020,,,,,8,ft2,,,,,,09COV1165_20,,N,,Y,,Solid/Sediment,Freshwater Taxonomy,,SURBER,,,,,,46.67,Number of Individual Organisms,,4/30/2021,,,10,Count,,,,,,,,,,,ID-COUNT-LEVEL2,,09COV1165_20,,"Rhithron Associates Inc, Missoula MT",,Rhyacophila brunnea/vemna Group,115097,,Larva,,,,
Warning,Ambient Monitoring,09COV1165,09COV1165,Sample,GovLocal,9/16/2015,,,,,8,ft2,,,,,,09COV1165_15,,N,,Y,,Solid/Sediment,Freshwater Taxonomy,,SURBER,,,,,,10,Number of Individual Organisms,,4/22/2016,,,5,Count,,,,,,,,,,,ID-COUNT-LEVEL2,,09COV1165_15,,"Rhithron Associates Inc, Missoula MT",,Tvetenia bavarica Group,129197,,Larva,,,,
Warning,Ambient Monitoring,08LAK2827,08LAK2827,Sample,GovLocal,8/19/2015,,,,,8,ft2,,,,,,08LAK2827_15,,N,,Y,,Solid/Sediment,Freshwater Taxonomy,,SURBER,,,,,,16.67,Number of Individual Organisms,,4/22/2016,,,118,Count,,,,,,,,,,,ID-COUNT-LEVEL2,,08LAK2827_15,,"Rhithron Associates Inc, Missoula MT",,Baetis tricaudatus complex,100817,,Larva,,,,
Warning,Ambient Monitoring,08LAK2827,08LAK2827,Sample,GovLocal,9/8/2016,,,,,8,ft2,,,,,,08LAK2827_16,,N,,Y,,Solid/Sediment,Freshwater Taxonomy,,SURBER,,,,,,46.67,Number of Individual Organisms,,4/4/2017,,,8,Count,,,,,,,,,,,ID-COUNT-LEVEL2,,08LAK2827_16,,"Rhithron Associates Inc, Missoula MT",,Baetis tricaudatus complex,100817,,Larva,,,,
Warning,Ambient Monitoring,08LAK2827,08LAK2827,Sample,GovLocal,8/1/2017,,,,,8,ft2,,,,,,08LAK2827_17,,N,,Y,,Solid/Sediment,Freshwater Taxonomy,,SURBER,,,,,,43.33,Number of Individual Organisms,,3/16/2018,,,4,Count,,,,,,,,,,,ID-COUNT-LEVEL2,,08LAK2827_17,,"Rhithron Associates Inc, Missoula MT",,Chamaedrilus,68510,,unknown,,,,
Warning,Ambient Monitoring,08LAK2827,08LAK2827,Sample,GovLocal,8/1/2017,,,,,8,ft2,,,,,,08LAK2827_17,,N,,Y,,Solid/Sediment,Freshwater Taxonomy,,SURBER,,,,,,43.33,Number of Individual Organisms,,3/16/2018,,,15,Count,,,,,,,,,,,ID-COUNT-LEVEL2,,08LAK2827_17,,"Rhithron Associates Inc, Missoula MT",,Tvetenia bavarica Group,129197,,Larva,,,,
Warning,Ambient Monitoring,08LAK2827,08LAK2827,Sample,GovLocal,8/1/2017,,,,,8,ft2,,,,,,08LAK2827_17,,N,,Y,,Solid/Sediment,Freshwater Taxonomy,,SURBER,,,,,,43.33,Number of Individual Organisms,,3/16/2018,,,118,Count,,,,,,,,,,,ID-COUNT-LEVEL2,,08LAK2827_17,,"Rhithron Associates Inc, Missoula MT",,Baetis tricaudatus complex,100817,,Larva,,,,
Warning,Ambient Monitoring,09BLA0722,09BLA0722,Sample,GovLocal,8/7/2018,,,,,8,ft2,,,,,,09BLA0722_18,,N,,Y,,Solid/Sediment,Freshwater Taxonomy,,SURBER,,,,,,23.33,Number of Individual Organisms,,10/4/2018,,,3,Count,,,,,,,,,,,ID-COUNT-LEVEL2,,09BLA0722_18,,"Rhithron Associates Inc, Missoula MT",,Empididae Genus B,0,,Larva,,,,
Warning,Ambient Monitoring,09BLA0722,09BLA0722,Sample,GovLocal,8/7/2018,,,,,8,ft2,,,,,,09BLA0722_18,,N,,Y,,Solid/Sediment,Freshwater Taxonomy,,SURBER,,,,,,23.33,Number of Individual Organisms,,10/4/2018,,,1,Count,,,,,,,,,,,ID-COUNT-LEVEL2,,09BLA0722_18,,"Rhithron Associates Inc, Missoula MT",,Orthocladiinae Genus 5 (Coffman and Ferrington),128457,,Larva,,,,
Warning,Ambient Monitoring,09BLA0722,09BLA0722,Sample,GovLocal,8/7/2018,,,,,8,ft2,,,,,,09BLA0722_18,,N,,Y,,Solid/Sediment,Freshwater Taxonomy,,SURBER,,,,,,23.33,Number of Individual Organisms,,10/4/2018,,,5,Count,,,,,,,,,,,ID-COUNT-LEVEL2,,09BLA0722_18,,"Rhithron Associates Inc, Missoula MT",,Tvetenia bavarica Group,129197,,Larva,,,,
Warning,Ambient Monitoring,09BLA0722,09BLA0722,Sample,GovLocal,8/7/2018,,,,,8,ft2,,,,,,09BLA0722_18,,N,,Y,,Solid/Sediment,Freshwater Taxonomy,,SURBER,,,,,,23.33,Number of Individual Organisms,,10/4/2018,,,40,Count,,,,,,,,,,,ID-COUNT-LEVEL2,,09BLA0722_18,,"Rhithron Associates Inc, Missoula MT",,Thienemannimyia Group,128078,,Larva,,,,
Warning,Ambient Monitoring,09BLA0722,09BLA0722,Sample,GovLocal,8/7/2018,,,,,8,ft2,,,,,,09BLA0722_18,,N,,Y,,Solid/Sediment,Freshwater Taxonomy,,SURBER,,,,,,23.33,Number of Individual Organisms,,10/4/2018,,,3,Count,,,,,,,,,,,ID-COUNT-LEVEL2,,09BLA0722_18,,"Rhithron Associates Inc, Missoula MT",,Rhyacophila betteni Group,115097,,Larva,,,,
Warning,Ambient Monitoring,09BLA0722,09BLA0722,Sample,GovLocal,8/7/2018,,,,,8,ft2,,,,,,09BLA0722_18,,N,,Y,,Solid/Sediment,Freshwater Taxonomy,,SURBER,,,,,,23.33,Number of Individual Organisms,,10/4/2018,,,13,Count,,,,,,,,,,,ID-COUNT-LEVEL2,,09BLA0722_18,,"Rhithron Associates Inc, Missoula MT",,Baetis tricaudatus complex,100817,,Larva,,,,
Warning,Ambient Monitoring,09BLA0722,09BLA0722,Sample,GovLocal,9/12/2017,,,,,8,ft2,,,,,,09BLA0722_17,,N,,Y,,Solid/Sediment,Freshwater Taxonomy,,SURBER,,,,,,20,Number of Individual Organisms,,3/16/2018,,,1,Count,,,,,,,,,,,ID-COUNT-LEVEL2,,09BLA0722_17,,"Rhithron Associates Inc, Missoula MT",,Chamaedrilus,68510,,unknown,,,,
Warning,Ambient Monitoring,09BLA0722,09BLA0722,Sample,GovLocal,9/12/2017,,,,,8,ft2,,,,,,09BLA0722_17,,N,,Y,,Solid/Sediment,Freshwater Taxonomy,,SURBER,,,,,,20,Number of Individual Organisms,,3/16/2018,,,2,Count,,,,,,,,,,,ID-COUNT-LEVEL2,,09BLA0722_17,,"Rhithron Associates Inc, Missoula MT",,Tvetenia bavarica Group,129197,,Larva,,,,
Warning,Ambient Monitoring,09BLA0722,09BLA0722,Sample,GovLocal,9/12/2017,,,,,8,ft2,,,,,,09BLA0722_17,,N,,Y,,Solid/Sediment,Freshwater Taxonomy,,SURBER,,,,,,20,Number of Individual Organisms,,3/16/2018,,,4,Count,,,,,,,,,,,ID-COUNT-LEVEL2,,09BLA0722_17,,"Rhithron Associates Inc, Missoula MT",,Thienemannimyia Group,128078,,Larva,,,,
Warning,Ambient Monitoring,09BLA0722,09BLA0722,Sample,GovLocal,9/12/2017,,,,,8,ft2,,,,,,09BLA0722_17,,N,,Y,,Solid/Sediment,Freshwater Taxonomy,,SURBER,,,,,,20,Number of Individual Organisms,,3/16/2018,,,33,Count,,,,,,,,,,,ID-COUNT-LEVEL2,,09BLA0722_17,,"Rhithron Associates Inc, Missoula MT",,Baetis tricaudatus complex,100817,,Larva,,,,
Warning,Ambient Monitoring,09BLA0722,09BLA0722,Sample,GovLocal,9/12/2017,,,,,8,ft2,,,,,,09BLA0722_17_R,,Y,,Y,,Solid/Sediment,Freshwater Taxonomy,,SURBER,,,,,,46.67,Number of Individual Organisms,,3/16/2018,,,1,Count,,,,,,,,,,,ID-COUNT-LEVEL2,,09BLA0722_17_R,,"Rhithron Associates Inc, Missoula MT",,Tvetenia bavarica Group,129197,,Larva,,,,
Warning,Ambient Monitoring,09BLA0722,09BLA0722,Sample,GovLocal,9/12/2017,,,,,8,ft2,,,,,,09BLA0722_17_R,,Y,,Y,,Solid/Sediment,Freshwater Taxonomy,,SURBER,,,,,,46.67,Number of Individual Organisms,,3/16/2018,,,1,Count,,,,,,,,,,,ID-COUNT-LEVEL2,,09BLA0722_17_R,,"Rhithron Associates Inc, Missoula MT",,Thienemannimyia Group,128078,,Larva,,,,
Warning,Ambient Monitoring,09BLA0675,09BLA0675,Sample,GovLocal,7/27/2020,,,,,8,ft2,,,,,,09BLA0675_20,,N,,Y,,Solid/Sediment,Freshwater Taxonomy,,SURBER,,,,,,80,Number of Individual Organisms,,4/30/2021,,,8,Count,,,,,,,,,,,ID-COUNT-LEVEL2,,09BLA0675_20,,"Rhithron Associates Inc, Missoula MT",,Thienemannimyia Group,128078,,Larva,,,,
Warning,Ambient Monitoring,09BLA0675,09BLA0675,Sample,GovLocal,7/27/2020,,,,,8,ft2,,,,,,09BLA0675_20,,N,,Y,,Solid/Sediment,Freshwater Taxonomy,,SURBER,,,,,,80,Number of Individual Organisms,,4/30/2021,,,8,Count,,,,,,,,,,,ID-COUNT-LEVEL2,,09BLA0675_20,,"Rhithron Associates Inc, Missoula MT",,Suwalliini,609854,,Larva,,,,
Warning,Ambient Monitoring,09BLA0675,09BLA0675,Sample,GovLocal,7/27/2020,,,,,8,ft2,,,,,,09BLA0675_20,,N,,Y,,Solid/Sediment,Freshwater Taxonomy,,SURBER,,,,,,80,Number of Individual Organisms,,4/30/2021,,,1,Count,,,,,,,,,,,ID-COUNT-LEVEL2,,09BLA0675_20,,"Rhithron Associates Inc, Missoula MT",,Rhyacophila brunnea/vemna Group,115097,,Larva,,,,
Warning,Ambient Monitoring,09BLA0675,09BLA0675,Sample,GovLocal,7/27/2020,,,,,8,ft2,,,,,,09BLA0675_20,,N,,Y,,Solid/Sediment,Freshwater Taxonomy,,SURBER,,,,,,80,Number of Individual Organisms,,4/30/2021,,,29,Count,,,,,,,,,,,ID-COUNT-LEVEL2,,09BLA0675_20,,"Rhithron Associates Inc, Missoula MT",,Baetis tricaudatus complex,100817,,Larva,,,,
Warning,Ambient Monitoring,09BLA0675,09BLA0675,Sample,GovLocal,9/24/2019,,,,,8,ft2,,,,,,09BLA0675_19,,N,,Y,,Solid/Sediment,Freshwater Taxonomy,,SURBER,,,,,,80,Number of Individual Organisms,,12/18/2019,,,14,Count,,,,,,,,,,,ID-COUNT-LEVEL2,,09BLA0675_19,,"Rhithron Associates Inc, Missoula MT",,Chamaedrilus,68510,,unknown,,,,
Warning,Ambient Monitoring,09BLA0675,09BLA0675,Sample,GovLocal,9/24/2019,,,,,8,ft2,,,,,,09BLA0675_19,,N,,Y,,Solid/Sediment,Freshwater Taxonomy,,SURBER,,,,,,80,Number of Individual Organisms,,12/18/2019,,,2,Count,,,,,,,,,,,ID-COUNT-LEVEL2,,09BLA0675_19,,"Rhithron Associates Inc, Missoula MT",,Thienemannimyia Group,128078,,Larva,,,,
Warning,Ambient Monitoring,09BLA0675,09BLA0675,Sample,GovLocal,9/24/2019,,,,,8,ft2,,,,,,09BLA0675_19,,N,,Y,,Solid/Sediment,Freshwater Taxonomy,,SURBER,,,,,,80,Number of Individual Organisms,,12/18/2019,,,1,Count,,,,,,,,,,,ID-COUNT-LEVEL2,,09BLA0675_19,,"Rhithron Associates Inc, Missoula MT",,Rhyacophila brunnea/vemna Group,115097,,Larva,,,,
Warning,Ambient Monitoring,09BLA0675,09BLA0675,Sample,GovLocal,9/24/2019,,,,,8,ft2,,,,,,09BLA0675_19,,N,,Y,,Solid/Sediment,Freshwater Taxonomy,,SURBER,,,,,,80,Number of Individual Organisms,,12/18/2019,,,18,Count,,,,,,,,,,,ID-COUNT-LEVEL2,,09BLA0675_19,,"Rhithron Associates Inc, Missoula MT",,Baetis tricaudatus complex,100817,,Larva,,,,
Warning,Ambient Monitoring,09BLA0675,09BLA0675,Sample,GovLocal,9/24/2019,,,,,8,ft2,,,,,,09BLA0675_19_R,,Y,,Y,,Solid/Sediment,Freshwater Taxonomy,,SURBER,,,,,,36.67,Number of Individual Organisms,,12/18/2019,,,3,Count,,,,,,,,,,,ID-COUNT-LEVEL2,,09BLA0675_19_R,,"Rhithron Associates Inc, Missoula MT",,Chamaedrilus,68510,,unknown,,,,
Warning,Ambient Monitoring,09BLA0675,09BLA0675,Sample,GovLocal,9/24/2019,,,,,8,ft2,,,,,,09BLA0675_19_R,,Y,,Y,,Solid/Sediment,Freshwater Taxonomy,,SURBER,,,,,,36.67,Number of Individual Organisms,,12/18/2019,,,3,Count,,,,,,,,,,,ID-COUNT-LEVEL2,,09BLA0675_19_R,,"Rhithron Associates Inc, Missoula MT",,Tvetenia bavarica Group,129197,,Larva,,,,
Warning,Ambient Monitoring,09BLA0675,09BLA0675,Sample,GovLocal,9/24/2019,,,,,8,ft2,,,,,,09BLA0675_19_R,,Y,,Y,,Solid/Sediment,Freshwater Taxonomy,,SURBER,,,,,,36.67,Number of Individual Organisms,,12/18/2019,,,4,Count,,,,,,,,,,,ID-COUNT-LEVEL2,,09BLA0675_19_R,,"Rhithron Associates Inc, Missoula MT",,Thienemannimyia Group,128078,,Larva,,,,
Warning,Ambient Monitoring,09BLA0716,09BLA0716,Sample,GovLocal,8/14/2023,,,,,8,ft2,,,,,,09BLA0716_23_R,,Y,,Y,,Solid/Sediment,Freshwater Taxonomy,,SURBER,,,,,,16.67,Number of Individual Organisms,,4/16/2024,,,3,Count,,,,,,,,,,,ID-COUNT-LEVEL2,,09BLA0716_23_R,,"Rhithron Associates Inc, Missoula MT",,Thienemannimyia Group,128078,,Larva,,,,
Warning,Ambient Monitoring,09BLA0716,09BLA0716,Sample,GovLocal,8/14/2023,,,,,8,ft2,,,,,,09BLA0716_23_R,,Y,,Y,,Solid/Sediment,Freshwater Taxonomy,,SURBER,,,,,,16.67,Number of Individual Organisms,,4/16/2024,,,2,Count,,,,,,,,,,,ID-COUNT-LEVEL2,,09BLA0716_23_R,,"Rhithron Associates Inc, Missoula MT",,Rhyacophila brunnea/vemna Group,115097,,Larva,,,,
Warning,Ambient Monitoring,09BLA0716,09BLA0716,Sample,GovLocal,8/14/2023,,,,,8,ft2,,,,,,09BLA0716_23_R,,Y,,Y,,Solid/Sediment,Freshwater Taxonomy,,SURBER,,,,,,16.67,Number of Individual Organisms,,4/16/2024,,,62,Count,,,,,,,,,,,ID-COUNT-LEVEL2,,09BLA0716_23_R,,"Rhithron Associates Inc, Missoula MT",,Baetis tricaudatus complex,100817,,Larva,,,,
Warning,Ambient Monitoring,09BLA0716,09BLA0716,Sample,GovLocal,8/10/2022,,,,,8,ft2,,,,,,09BLA0716_22,,N,,Y,,Solid/Sediment,Freshwater Taxonomy,,SURBER,,,,,,83.33,Number of Individual Organisms,,3/13/2023,,,1,Count,,,,,,,,,,,ID-COUNT-LEVEL2,,09BLA0716_22,,"Rhithron Associates Inc, Missoula MT",,Tvetenia bavarica Group,129197,,Larva,,,,
Warning,Ambient Monitoring,09BLA0716,09BLA0716,Sample,GovLocal,8/10/2022,,,,,8,ft2,,,,,,09BLA0716_22,,N,,Y,,Solid/Sediment,Freshwater Taxonomy,,SURBER,,,,,,83.33,Number of Individual Organisms,,3/13/2023,,,20,Count,,,,,,,,,,,ID-COUNT-LEVEL2,,09BLA0716_22,,"Rhithron Associates Inc, Missoula MT",,Thienemannimyia Group,128078,,Larva,,,,
Warning,Ambient Monitoring,09BLA0716,09BLA0716,Sample,GovLocal,8/10/2022,,,,,8,ft2,,,,,,09BLA0716_22,,N,,Y,,Solid/Sediment,Freshwater Taxonomy,,SURBER,,,,,,83.33,Number of Individual Organisms,,3/13/2023,,,31,Count,,,,,,,,,,,ID-COUNT-LEVEL2,,09BLA0716_22,,"Rhithron Associates Inc, Missoula MT",,Baetis tricaudatus complex,100817,,Larva,,,,
Warning,Ambient Monitoring,09BLA0716,09BLA0716,Sample,GovLocal,9/13/2021,,,,,8,ft2,,,,,,09BLA0716_21,,N,,Y,,Solid/Sediment,Freshwater Taxonomy,,SURBER,,,,,,16.67,Number of Individual Organisms,,12/17/2021,,,2,Count,,,,,,,,,,,ID-COUNT-LEVEL2,,09BLA0716_21,,"Rhithron Associates Inc, Missoula MT",,Tvetenia bavarica Group,129197,,Larva,,,,
Warning,Ambient Monitoring,09BLA0716,09BLA0716,Sample,GovLocal,8/13/2015,,,,,8,ft2,,,,,,09BLA0716_15,,N,,Y,,Solid/Sediment,Freshwater Taxonomy,,SURBER,,,,,,10,Number of Individual Organisms,,4/22/2016,,,123,Count,,,,,,,,,,,ID-COUNT-LEVEL2,,09BLA0716_15,,"Rhithron Associates Inc, Missoula MT",,Baetis tricaudatus complex,100817,,Larva,,,,
Warning,Ambient Monitoring,09BLA0756,09BLA0756,Sample,GovLocal,8/19/2024,,,,,8,ft2,,,,,,09BLA0756_24,,N,,Y,,Solid/Sediment,Freshwater Taxonomy,,SURBER,,,,,,10,Number of Individual Organisms,,2/5/2025,,,3,Count,,,,,,,,,,,ID-COUNT-LEVEL2,,09BLA0756_24,,"Rhithron Associates Inc, Missoula MT",,Tvetenia bavarica Group,129197,,Larva,,,,
Warning,Ambient Monitoring,09BLA0756,09BLA0756,Sample,GovLocal,8/19/2024,,,,,8,ft2,,,,,,09BLA0756_24,,N,,Y,,Solid/Sediment,Freshwater Taxonomy,,SURBER,,,,,,10,Number of Individual Organisms,,2/5/2025,,,1,Count,,,,,,,,,,,ID-COUNT-LEVEL2,,09BLA0756_24,,"Rhithron Associates Inc, Missoula MT",,Thienemannimyia Group,128078,,Larva,,,,
Warning,Ambient Monitoring,09BLA0756,09BLA0756,Sample,GovLocal,8/19/2024,,,,,8,ft2,,,,,,09BLA0756_24,,N,,Y,,Solid/Sediment,Freshwater Taxonomy,,SURBER,,,,,,10,Number of Individual Organisms,,2/5/2025,,,12,Count,,,,,,,,,,,ID-COUNT-LEVEL2,,09BLA0756_24,,"Rhithron Associates Inc, Missoula MT",,Kogotus/Rickera,609866,,Larva,,,,
Warning,Ambient Monitoring,09BLA0756,09BLA0756,Sample,GovLocal,8/19/2024,,,,,8,ft2,,,,,,09BLA0756_24,,N,,Y,,Solid/Sediment,Freshwater Taxonomy,,SURBER,,,,,,10,Number of Individual Organisms,,2/5/2025,,,46,Count,,,,,,,,,,,ID-COUNT-LEVEL2,,09BLA0756_24,,"Rhithron Associates Inc, Missoula MT",,Baetis tricaudatus complex,100817,,Larva,,,,
Warning,Ambient Monitoring,09BLA0756,09BLA0756,Sample,GovLocal,9/6/2022,,,,,8,ft2,,,,,,09BLA0756_22,,N,,Y,,Solid/Sediment,Freshwater Taxonomy,,SURBER,,,,,,20,Number of Individual Organisms,,3/13/2023,,,11,Count,,,,,,,,,,,ID-COUNT-LEVEL2,,09BLA0756_22,,"Rhithron Associates Inc, Missoula MT",,Chamaedrilus,68510,,unknown,,,,
Warning,Ambient Monitoring,09BLA0756,09BLA0756,Sample,GovLocal,9/6/2022,,,,,8,ft2,,,,,,09BLA0756_22,,N,,Y,,Solid/Sediment,Freshwater Taxonomy,,SURBER,,,,,,20,Number of Individual Organisms,,3/13/2023,,,3,Count,,,,,,,,,,,ID-COUNT-LEVEL2,,09BLA0756_22,,"Rhithron Associates Inc, Missoula MT",,Thienemannimyia Group,128078,,Larva,,,,
Warning,Ambient Monitoring,09BLA0756,09BLA0756,Sample,GovLocal,9/6/2022,,,,,8,ft2,,,,,,09BLA0756_22,,N,,Y,,Solid/Sediment,Freshwater Taxonomy,,SURBER,,,,,,20,Number of Individual Organisms,,3/13/2023,,,75,Count,,,,,,,,,,,ID-COUNT-LEVEL2,,09BLA0756_22,,"Rhithron Associates Inc, Missoula MT",,Baetis tricaudatus complex,100817,,Larva,,,,
Warning,Ambient Monitoring,09BLA0756,09BLA0756,Sample,GovLocal,9/20/2021,,,,,8,ft2,,,,,,09BLA0756_21,,N,,Y,,Solid/Sediment,Freshwater Taxonomy,,SURBER,,,,,,60,Number of Individual Organisms,,12/17/2021,,,14,Count,,,,,,,,,,,ID-COUNT-LEVEL2,,09BLA0756_21,,"Rhithron Associates Inc, Missoula MT",,Chamaedrilus,68510,,unknown,,,,
Warning,Ambient Monitoring,09BLA0771,09BLA0771,Sample,GovLocal,8/17/2023,,,,,8,ft2,,,,,,09BLA0771_23,,N,,Y,,Solid/Sediment,Freshwater Taxonomy,,SURBER,,,,,,20,Number of Individual Organisms,,5/17/2024,,,3,Count,,,,,,,,,,,ID-COUNT-LEVEL2,,09BLA0771_23,,"Rhithron Associates Inc, Missoula MT",,Tvetenia bavarica Group,129197,,Larva,,,,
Warning,Ambient Monitoring,09BLA0771,09BLA0771,Sample,GovLocal,8/17/2023,,,,,8,ft2,,,,,,09BLA0771_23,,N,,Y,,Solid/Sediment,Freshwater Taxonomy,,SURBER,,,,,,20,Number of Individual Organisms,,5/17/2024,,,2,Count,,,,,,,,,,,ID-COUNT-LEVEL2,,09BLA0771_23,,"Rhithron Associates Inc, Missoula MT",,Rhyacophila betteni Group,115097,,Larva,,,,
Warning,Ambient Monitoring,09BLA0771,09BLA0771,Sample,GovLocal,8/17/2023,,,,,8,ft2,,,,,,09BLA0771_23,,N,,Y,,Solid/Sediment,Freshwater Taxonomy,,SURBER,,,,,,20,Number of Individual Organisms,,5/17/2024,,,21,Count,,,,,,,,,,,ID-COUNT-LEVEL2,,09BLA0771_23,,"Rhithron Associates Inc, Missoula MT",,Baetis tricaudatus complex,100817,,Larva,,,,
Warning,Ambient Monitoring,09BLA0771,09BLA0771,Sample,GovLocal,8/29/2022,,,,,8,ft2,,,,,,09BLA0771_22,,N,,Y,,Solid/Sediment,Freshwater Taxonomy,,SURBER,,,,,,53.33,Number of Individual Organisms,,5/19/2023,,,3,Count,,,,,,,,,,,ID-COUNT-LEVEL2,,09BLA0771_22,,"Rhithron Associates Inc, Missoula MT",,Rhyacophila betteni Group,115097,,Larva,,,,
Warning,Ambient Monitoring,09BLA0771,09BLA0771,Sample,GovLocal,8/29/2022,,,,,8,ft2,,,,,,09BLA0771_22,,N,,Y,,Solid/Sediment,Freshwater Taxonomy,,SURBER,,,,,,53.33,Number of Individual Organisms,,5/19/2023,,,23,Count,,,,,,,,,,,ID-COUNT-LEVEL2,,09BLA0771_22,,"Rhithron Associates Inc, Missoula MT",,Baetis tricaudatus complex,100817,,Larva,,,,
Warning,Ambient Monitoring,09BLA0771,09BLA0771,Sample,GovLocal,9/13/2021,,,,,8,ft2,,,,,,09BLA0771_21,,N,,Y,,Solid/Sediment,Freshwater Taxonomy,,SURBER,,,,,,30,Number of Individual Organisms,,12/17/2021,,,1,Count,,,,,,,,,,,ID-COUNT-LEVEL2,,09BLA0771_21,,"Rhithron Associates Inc, Missoula MT",,Orthocladiinae Genus 5 (Coffman and Ferrington),128457,,Larva,,,,
Warning,Ambient Monitoring,09BLA0771,09BLA0771,Sample,GovLocal,9/13/2021,,,,,8,ft2,,,,,,09BLA0771_21,,N,,Y,,Solid/Sediment,Freshwater Taxonomy,,SURBER,,,,,,30,Number of Individual Organisms,,12/17/2021,,,3,Count,,,,,,,,,,,ID-COUNT-LEVEL2,,09BLA0771_21,,"Rhithron Associates Inc, Missoula MT",,Rhyacophila betteni Group,115097,,Larva,,,,
Warning,Ambient Monitoring,09BLA0771,09BLA0771,Sample,GovLocal,9/13/2021,,,,,8,ft2,,,,,,09BLA0771_21,,N,,Y,,Solid/Sediment,Freshwater Taxonomy,,SURBER,,,,,,30,Number of Individual Organisms,,12/17/2021,,,33,Count,,,,,,,,,,,ID-COUNT-LEVEL2,,09BLA0771_21,,"Rhithron Associates Inc, Missoula MT",,Baetis tricaudatus complex,100817,,Larva,,,,
Warning,Ambient Monitoring,09BLA0772,09BLA0772,Sample,GovLocal,7/30/2018,,,,,8,ft2,,,,,,09BLA0772_18,,N,,Y,,Solid/Sediment,Freshwater Taxonomy,,SURBER,,,,,,36.67,Number of Individual Organisms,,10/4/2018,,,29,Count,,,,,,,,,,,ID-COUNT-LEVEL2,,09BLA0772_18,,"Rhithron Associates Inc, Missoula MT",,Baetis tricaudatus complex,100817,,Larva,,,,
Warning,Ambient Monitoring,09BLA0772,09BLA0772,Sample,GovLocal,8/11/2020,,,,,8,ft2,,,,,,09BLA0772_20,,N,,Y,,Solid/Sediment,Freshwater Taxonomy,,SURBER,,,,,,80,Number of Individual Organisms,,4/30/2021,,,5,Count,,,,,,,,,,,ID-COUNT-LEVEL2,,09BLA0772_20,,"Rhithron Associates Inc, Missoula MT",,Eloeophila,120030,,Larva,,,,
Warning,Ambient Monitoring,09BLA0772,09BLA0772,Sample,GovLocal,8/11/2020,,,,,8,ft2,,,,,,09BLA0772_20,,N,,Y,,Solid/Sediment,Freshwater Taxonomy,,SURBER,,,,,,80,Number of Individual Organisms,,4/30/2021,,,10,Count,,,,,,,,,,,ID-COUNT-LEVEL2,,09BLA0772_20,,"Rhithron Associates Inc, Missoula MT",,Rhyacophila betteni Group,115097,,Larva,,,,
Warning,Ambient Monitoring,09BLA0772,09BLA0772,Sample,GovLocal,8/11/2020,,,,,8,ft2,,,,,,09BLA0772_20,,N,,Y,,Solid/Sediment,Freshwater Taxonomy,,SURBER,,,,,,80,Number of Individual Organisms,,4/30/2021,,,3,Count,,,,,,,,,,,ID-COUNT-LEVEL2,,09BLA0772_20,,"Rhithron Associates Inc, Missoula MT",,Baetis tricaudatus complex,100817,,Larva,,,,
Warning,Ambient Monitoring,09BLA0772,09BLA0772,Sample,GovLocal,8/11/2020,,,,,8,ft2,,,,,,09BLA0772_20,,N,,Y,,Solid/Sediment,Freshwater Taxonomy,,SURBER,,,,,,80,Number of Individual Organisms,,4/30/2021,,,2,Count,,,,,,,,,,,ID-COUNT-LEVEL2,,09BLA0772_20,,"Rhithron Associates Inc, Missoula MT",,Orthocladiinae Genus 5 (Coffman and Ferrington),128457,,Larva,,,,
Warning,Ambient Monitoring,09BLA0772,09BLA0772,Sample,GovLocal,9/15/2021,,,,,8,ft2,,,,,,09BLA0772_21,,N,,Y,,Solid/Sediment,Freshwater Taxonomy,,SURBER,,,,,,33.33,Number of Individual Organisms,,12/17/2021,,,1,Count,,,,,,,,,,,ID-COUNT-LEVEL2,,09BLA0772_21,,"Rhithron Associates Inc, Missoula MT",,Chamaedrilus,68510,,unknown,,,,
Warning,Ambient Monitoring,09BLA0772,09BLA0772,Sample,GovLocal,9/15/2021,,,,,8,ft2,,,,,,09BLA0772_21,,N,,Y,,Solid/Sediment,Freshwater Taxonomy,,SURBER,,,,,,33.33,Number of Individual Organisms,,12/17/2021,,,2,Count,,,,,,,,,,,ID-COUNT-LEVEL2,,09BLA0772_21,,"Rhithron Associates Inc, Missoula MT",,Tvetenia bavarica Group,129197,,Larva,,,,
Warning,Ambient Monitoring,09BLA0772,09BLA0772,Sample,GovLocal,9/15/2021,,,,,8,ft2,,,,,,09BLA0772_21,,N,,Y,,Solid/Sediment,Freshwater Taxonomy,,SURBER,,,,,,33.33,Number of Individual Organisms,,12/17/2021,,,5,Count,,,,,,,,,,,ID-COUNT-LEVEL2,,09BLA0772_21,,"Rhithron Associates Inc, Missoula MT",,Thienemannimyia Group,128078,,Larva,,,,
Warning,Ambient Monitoring,09BLA0772,09BLA0772,Sample,GovLocal,9/15/2021,,,,,8,ft2,,,,,,09BLA0772_21,,N,,Y,,Solid/Sediment,Freshwater Taxonomy,,SURBER,,,,,,33.33,Number of Individual Organisms,,12/17/2021,,,3,Count,,,,,,,,,,,ID-COUNT-LEVEL2,,09BLA0772_21,,"Rhithron Associates Inc, Missoula MT",,Psychodini,125391,,Larva,,,,
Warning,Ambient Monitoring,09BLA0772,09BLA0772,Sample,GovLocal,9/15/2021,,,,,8,ft2,,,,,,09BLA0772_21,,N,,Y,,Solid/Sediment,Freshwater Taxonomy,,SURBER,,,,,,33.33,Number of Individual Organisms,,12/17/2021,,,1,Count,,,,,,,,,,,ID-COUNT-LEVEL2,,09BLA0772_21,,"Rhithron Associates Inc, Missoula MT",,Rhyacophila brunnea/vemna Group,115097,,Larva,,,,
Warning,Ambient Monitoring,09BLA0772,09BLA0772,Sample,GovLocal,9/15/2021,,,,,8,ft2,,,,,,09BLA0772_21,,N,,Y,,Solid/Sediment,Freshwater Taxonomy,,SURBER,,,,,,33.33,Number of Individual Organisms,,12/17/2021,,,43,Count,,,,,,,,,,,ID-COUNT-LEVEL2,,09BLA0772_21,,"Rhithron Associates Inc, Missoula MT",,Baetis tricaudatus complex,100817,,Larva,,,,
Warning,Ambient Monitoring,09BLA0772,09BLA0772,Sample,GovLocal,9/15/2021,,,,,8,ft2,,,,,,09BLA0772_21_R,,Y,,Y,,Solid/Sediment,Freshwater Taxonomy,,SURBER,,,,,,46.67,Number of Individual Organisms,,12/17/2021,,,2,Count,,,,,,,,,,,ID-COUNT-LEVEL2,,09BLA0772_21_R,,"Rhithron Associates Inc, Missoula MT",,Chamaedrilus,68510,,unknown,,,,
Warning,Ambient Monitoring,09BLA0772,09BLA0772,Sample,GovLocal,9/15/2021,,,,,8,ft2,,,,,,09BLA0772_21_R,,Y,,Y,,Solid/Sediment,Freshwater Taxonomy,,SURBER,,,,,,46.67,Number of Individual Organisms,,12/17/2021,,,1,Count,,,,,,,,,,,ID-COUNT-LEVEL2,,09BLA0772_21_R,,"Rhithron Associates Inc, Missoula MT",,Tvetenia bavarica Group,129197,,Larva,,,,
Warning,Ambient Monitoring,09BLA0772,09BLA0772,Sample,GovLocal,9/15/2021,,,,,8,ft2,,,,,,09BLA0772_21_R,,Y,,Y,,Solid/Sediment,Freshwater Taxonomy,,SURBER,,,,,,46.67,Number of Individual Organisms,,12/17/2021,,,6,Count,,,,,,,,,,,ID-COUNT-LEVEL2,,09BLA0772_21_R,,"Rhithron Associates Inc, Missoula MT",,Thienemannimyia Group,128078,,Larva,,,,
Warning,Ambient Monitoring,09BLA0772,09BLA0772,Sample,GovLocal,9/15/2021,,,,,8,ft2,,,,,,09BLA0772_21_R,,Y,,Y,,Solid/Sediment,Freshwater Taxonomy,,SURBER,,,,,,46.67,Number of Individual Organisms,,12/17/2021,,,1,Count,,,,,,,,,,,ID-COUNT-LEVEL2,,09BLA0772_21_R,,"Rhithron Associates Inc, Missoula MT",,Psychodini,125391,,Larva,,,,
Warning,Ambient Monitoring,09BLA0772,09BLA0772,Sample,GovLocal,9/15/2021,,,,,8,ft2,,,,,,09BLA0772_21_R,,Y,,Y,,Solid/Sediment,Freshwater Taxonomy,,SURBER,,,,,,46.67,Number of Individual Organisms,,12/17/2021,,,1,Count,,,,,,,,,,,ID-COUNT-LEVEL2,,09BLA0772_21_R,,"Rhithron Associates Inc, Missoula MT",,Rhyacophila coloradensis Group,115097,,Larva,,,,
Warning,Ambient Monitoring,09BLA0772,09BLA0772,Sample,GovLocal,9/15/2021,,,,,8,ft2,,,,,,09BLA0772_21_R,,Y,,Y,,Solid/Sediment,Freshwater Taxonomy,,SURBER,,,,,,46.67,Number of Individual Organisms,,12/17/2021,,,50,Count,,,,,,,,,,,ID-COUNT-LEVEL2,,09BLA0772_21_R,,"Rhithron Associates Inc, Missoula MT",,Baetis tricaudatus complex,100817,,Larva,,,,
Warning,Ambient Monitoring,09BLA0772,09BLA0772,Sample,GovLocal,8/9/2022,,,,,8,ft2,,,,,,09BLA0772_22,,N,,Y,,Solid/Sediment,Freshwater Taxonomy,,SURBER,,,,,,23.33,Number of Individual Organisms,,5/19/2023,,,3,Count,,,,,,,,,,,ID-COUNT-LEVEL2,,09BLA0772_22,,"Rhithron Associates Inc, Missoula MT",,Chamaedrilus,68510,,unknown,,,,
Warning,Ambient Monitoring,09BLA0768,09BLA0768,Sample,GovLocal,9/24/2024,,,,,8,ft2,,,,,,09BLA0768_24,,N,,Y,,Solid/Sediment,Freshwater Taxonomy,,SURBER,,,,,,83.33,Number of Individual Organisms,,5/13/2025,,,3,Count,,,,,,,,,,,ID-COUNT-LEVEL2,,09BLA0768_24,,"Rhithron Associates Inc, Missoula MT",,Tvetenia bavarica Group,129197,,Larva,,,,
Warning,Ambient Monitoring,09BLA0768,09BLA0768,Sample,GovLocal,9/24/2024,,,,,8,ft2,,,,,,09BLA0768_24,,N,,Y,,Solid/Sediment,Freshwater Taxonomy,,SURBER,,,,,,83.33,Number of Individual Organisms,,5/13/2025,,,11,Count,,,,,,,,,,,ID-COUNT-LEVEL2,,09BLA0768_24,,"Rhithron Associates Inc, Missoula MT",,Zapada oregonensis Group,102591,,Larva,,,,
Warning,Ambient Monitoring,09BLA0768,09BLA0768,Sample,GovLocal,9/24/2024,,,,,8,ft2,,,,,,09BLA0768_24,,N,,Y,,Solid/Sediment,Freshwater Taxonomy,,SURBER,,,,,,83.33,Number of Individual Organisms,,5/13/2025,,,29,Count,,,,,,,,,,,ID-COUNT-LEVEL2,,09BLA0768_24,,"Rhithron Associates Inc, Missoula MT",,Kogotus/Rickera,609866,,Larva,,,,
Warning,Ambient Monitoring,09BLA0768,09BLA0768,Sample,GovLocal,9/24/2024,,,,,8,ft2,,,,,,09BLA0768_24,,N,,Y,,Solid/Sediment,Freshwater Taxonomy,,SURBER,,,,,,83.33,Number of Individual Organisms,,5/13/2025,,,5,Count,,,,,,,,,,,ID-COUNT-LEVEL2,,09BLA0768_24,,"Rhithron Associates Inc, Missoula MT",,Rhyacophila betteni Group,115097,,Larva,,,,
Warning,Ambient Monitoring,09BLA0768,09BLA0768,Sample,GovLocal,9/24/2024,,,,,8,ft2,,,,,,09BLA0768_24,,N,,Y,,Solid/Sediment,Freshwater Taxonomy,,SURBER,,,,,,83.33,Number of Individual Organisms,,5/13/2025,,,1,Count,,,,,,,,,,,ID-COUNT-LEVEL2,,09BLA0768_24,,"Rhithron Associates Inc, Missoula MT",,Rhyacophila brunnea/vemna Group,115097,,Larva,,,,
Warning,Ambient Monitoring,09BLA0768,09BLA0768,Sample,GovLocal,9/24/2024,,,,,8,ft2,,,,,,09BLA0768_24,,N,,Y,,Solid/Sediment,Freshwater Taxonomy,,SURBER,,,,,,83.33,Number of Individual Organisms,,5/13/2025,,,190,Count,,,,,,,,,,,ID-COUNT-LEVEL2,,09BLA0768_24,,"Rhithron Associates Inc, Missoula MT",,Baetis tricaudatus complex,100817,,Larva,,,,
Warning,Ambient Monitoring,09BLA0768,09BLA0768,Sample,GovLocal,9/21/2022,,,,,8,ft2,,,,,,09BLA0768_22,,N,,Y,,Solid/Sediment,Freshwater Taxonomy,,SURBER,,,,,,30,Number of Individual Organisms,,2/1/2023,,,9,Count,,,,,,,,,,,ID-COUNT-LEVEL2,,09BLA0768_22,,"Rhithron Associates Inc, Missoula MT",,Chamaedrilus,68510,,unknown,,,,
Warning,Ambient Monitoring,09BLA0768,09BLA0768,Sample,GovLocal,8/28/2019,,,,,8,ft2,,,,,,09BLA0768_19,,N,,Y,,Solid/Sediment,Freshwater Taxonomy,,SURBER,,,,,,30,Number of Individual Organisms,,11/4/2019,,,5,Count,,,,,,,,,,,ID-COUNT-LEVEL2,,09BLA0768_19,,"Rhithron Associates Inc, Missoula MT",,Rhyacophila betteni Group,115097,,Larva,,,,
Warning,Ambient Monitoring,09BLA0768,09BLA0768,Sample,GovLocal,8/28/2019,,,,,8,ft2,,,,,,09BLA0768_19,,N,,Y,,Solid/Sediment,Freshwater Taxonomy,,SURBER,,,,,,30,Number of Individual Organisms,,11/4/2019,,,153,Count,,,,,,,,,,,ID-COUNT-LEVEL2,,09BLA0768_19,,"Rhithron Associates Inc, Missoula MT",,Baetis tricaudatus complex,100817,,Larva,,,,
Warning,Ambient Monitoring,09BLA0768,09BLA0768,Sample,GovLocal,8/15/2018,,,,,8,ft2,,,,,,09BLA0768_18,,N,,Y,,Solid/Sediment,Freshwater Taxonomy,,SURBER,,,,,,100,Number of Individual Organisms,,10/4/2018,,,6,Count,,,,,,,,,,,ID-COUNT-LEVEL2,,09BLA0768_18,,"Rhithron Associates Inc, Missoula MT",,Chamaedrilus,68510,,unknown,,,,
Warning,Ambient Monitoring,09BLA0768,09BLA0768,Sample,GovLocal,8/15/2018,,,,,8,ft2,,,,,,09BLA0768_18,,N,,Y,,Solid/Sediment,Freshwater Taxonomy,,SURBER,,,,,,100,Number of Individual Organisms,,10/4/2018,,,1,Count,,,,,,,,,,,ID-COUNT-LEVEL2,,09BLA0768_18,,"Rhithron Associates Inc, Missoula MT",,Tvetenia bavarica Group,129197,,Larva,,,,
Warning,Ambient Monitoring,09BLA0768,09BLA0768,Sample,GovLocal,8/15/2018,,,,,8,ft2,,,,,,09BLA0768_18,,N,,Y,,Solid/Sediment,Freshwater Taxonomy,,SURBER,,,,,,100,Number of Individual Organisms,,10/4/2018,,,1,Count,,,,,,,,,,,ID-COUNT-LEVEL2,,09BLA0768_18,,"Rhithron Associates Inc, Missoula MT",,Thienemannimyia Group,128078,,Larva,,,,
Warning,Ambient Monitoring,09BLA0768,09BLA0768,Sample,GovLocal,8/15/2018,,,,,8,ft2,,,,,,09BLA0768_18,,N,,Y,,Solid/Sediment,Freshwater Taxonomy,,SURBER,,,,,,100,Number of Individual Organisms,,10/4/2018,,,6,Count,,,,,,,,,,,ID-COUNT-LEVEL2,,09BLA0768_18,,"Rhithron Associates Inc, Missoula MT",,Zapada oregonensis Group,102591,,Larva,,,,
Warning,Ambient Monitoring,09BLA0768,09BLA0768,Sample,GovLocal,8/15/2018,,,,,8,ft2,,,,,,09BLA0768_18,,N,,Y,,Solid/Sediment,Freshwater Taxonomy,,SURBER,,,,,,100,Number of Individual Organisms,,10/4/2018,,,7,Count,,,,,,,,,,,ID-COUNT-LEVEL2,,09BLA0768_18,,"Rhithron Associates Inc, Missoula MT",,Rhyacophila betteni Group,115097,,Larva,,,,
Warning,Ambient Monitoring,09BLA0768,09BLA0768,Sample,GovLocal,8/15/2018,,,,,8,ft2,,,,,,09BLA0768_18,,N,,Y,,Solid/Sediment,Freshwater Taxonomy,,SURBER,,,,,,100,Number of Individual Organisms,,10/4/2018,,,4,Count,,,,,,,,,,,ID-COUNT-LEVEL2,,09BLA0768_18,,"Rhithron Associates Inc, Missoula MT",,Rhyacophila brunnea/vemna Group,115097,,Larva,,,,
Warning,Ambient Monitoring,09BLA0768,09BLA0768,Sample,GovLocal,8/15/2018,,,,,8,ft2,,,,,,09BLA0768_18,,N,,Y,,Solid/Sediment,Freshwater Taxonomy,,SURBER,,,,,,100,Number of Individual Organisms,,10/4/2018,,,60,Count,,,,,,,,,,,ID-COUNT-LEVEL2,,09BLA0768_18,,"Rhithron Associates Inc, Missoula MT",,Baetis tricaudatus complex,100817,,Larva,,,,
Warning,Ambient Monitoring,09BLA0768,09BLA0768,Sample,GovLocal,8/15/2018,,,,,8,ft2,,,,,,09BLA0768_18,,N,,Y,,Solid/Sediment,Freshwater Taxonomy,,SURBER,,,,,,100,Number of Individual Organisms,,10/4/2018,,,1,Count,,,,,,,,,,,ID-COUNT-LEVEL2,,09BLA0768_18,,"Rhithron Associates Inc, Missoula MT",,Truncatelloidea,69459,,unknown,,,,
Warning,Ambient Monitoring,09BLA0768,09BLA0768,Sample,GovLocal,7/26/2017,,,,,8,ft2,,,,,,09BLA0768_17,,N,,Y,,Solid/Sediment,Freshwater Taxonomy,,SURBER,,,,,,80,Number of Individual Organisms,,3/16/2018,,,9,Count,,,,,,,,,,,ID-COUNT-LEVEL2,,09BLA0768_17,,"Rhithron Associates Inc, Missoula MT",,Chamaedrilus,68510,,unknown,,,,
Warning,Ambient Monitoring,09BLA0768,09BLA0768,Sample,GovLocal,7/26/2017,,,,,8,ft2,,,,,,09BLA0768_17,,N,,Y,,Solid/Sediment,Freshwater Taxonomy,,SURBER,,,,,,80,Number of Individual Organisms,,3/16/2018,,,3,Count,,,,,,,,,,,ID-COUNT-LEVEL2,,09BLA0768_17,,"Rhithron Associates Inc, Missoula MT",,Orthocladiinae Genus 5 (Coffman and Ferrington),128457,,Larva,,,,
Warning,Ambient Monitoring,09BLA0768,09BLA0768,Sample,GovLocal,7/26/2017,,,,,8,ft2,,,,,,09BLA0768_17,,N,,Y,,Solid/Sediment,Freshwater Taxonomy,,SURBER,,,,,,80,Number of Individual Organisms,,3/16/2018,,,35,Count,,,,,,,,,,,ID-COUNT-LEVEL2,,09BLA0768_17,,"Rhithron Associates Inc, Missoula MT",,Tvetenia bavarica Group,129197,,Larva,,,,
Warning,Ambient Monitoring,09BLA0768,09BLA0768,Sample,GovLocal,7/26/2017,,,,,8,ft2,,,,,,09BLA0768_17,,N,,Y,,Solid/Sediment,Freshwater Taxonomy,,SURBER,,,,,,80,Number of Individual Organisms,,3/16/2018,,,5,Count,,,,,,,,,,,ID-COUNT-LEVEL2,,09BLA0768_17,,"Rhithron Associates Inc, Missoula MT",,Rhyacophila betteni Group,115097,,Larva,,,,
Warning,Ambient Monitoring,09BLA0768,09BLA0768,Sample,GovLocal,7/26/2017,,,,,8,ft2,,,,,,09BLA0768_17,,N,,Y,,Solid/Sediment,Freshwater Taxonomy,,SURBER,,,,,,80,Number of Individual Organisms,,3/16/2018,,,2,Count,,,,,,,,,,,ID-COUNT-LEVEL2,,09BLA0768_17,,"Rhithron Associates Inc, Missoula MT",,Rhyacophila brunnea/vemna Group,115097,,Larva,,,,
Warning,Ambient Monitoring,09BLA0768,09BLA0768,Sample,GovLocal,7/26/2017,,,,,8,ft2,,,,,,09BLA0768_17,,N,,Y,,Solid/Sediment,Freshwater Taxonomy,,SURBER,,,,,,80,Number of Individual Organisms,,3/16/2018,,,180,Count,,,,,,,,,,,ID-COUNT-LEVEL2,,09BLA0768_17,,"Rhithron Associates Inc, Missoula MT",,Baetis tricaudatus complex,100817,,Larva,,,,
Warning,Ambient Monitoring,09BLA0768,09BLA0768,Sample,GovLocal,7/26/2017,,,,,8,ft2,,,,,,09BLA0768_17_R,,Y,,Y,,Solid/Sediment,Freshwater Taxonomy,,SURBER,,,,,,50,Number of Individual Organisms,,3/16/2018,,,14,Count,,,,,,,,,,,ID-COUNT-LEVEL2,,09BLA0768_17_R,,"Rhithron Associates Inc, Missoula MT",,Chamaedrilus,68510,,unknown,,,,
Warning,Ambient Monitoring,09BLA0817,09BLA0817,Sample,GovLocal,9/23/2021,,,,,8,ft2,,,,,,09BLA0817_21,,N,,Y,,Solid/Sediment,Freshwater Taxonomy,,SURBER,,,,,,76.67,Number of Individual Organisms,,12/17/2021,,,1,Count,,,,,,,,,,,ID-COUNT-LEVEL2,,09BLA0817_21,,"Rhithron Associates Inc, Missoula MT",,Chamaedrilus,68510,,unknown,,,,
Warning,Ambient Monitoring,09BLA0817,09BLA0817,Sample,GovLocal,9/23/2021,,,,,8,ft2,,,,,,09BLA0817_21,,N,,Y,,Solid/Sediment,Freshwater Taxonomy,,SURBER,,,,,,76.67,Number of Individual Organisms,,12/17/2021,,,37,Count,,,,,,,,,,,ID-COUNT-LEVEL2,,09BLA0817_21,,"Rhithron Associates Inc, Missoula MT",,Baetis tricaudatus complex,100817,,Larva,,,,
Warning,Ambient Monitoring,09BLA0817,09BLA0817,Sample,GovLocal,8/13/2020,,,,,8,ft2,,,,,,09BLA0817_20,,N,,Y,,Solid/Sediment,Freshwater Taxonomy,,SURBER,,,,,,16.67,Number of Individual Organisms,,4/30/2021,,,2,Count,,,,,,,,,,,ID-COUNT-LEVEL2,,09BLA0817_20,,"Rhithron Associates Inc, Missoula MT",,Chamaedrilus,68510,,unknown,,,,
Warning,Ambient Monitoring,09BLA0817,09BLA0817,Sample,GovLocal,8/13/2020,,,,,8,ft2,,,,,,09BLA0817_20,,N,,Y,,Solid/Sediment,Freshwater Taxonomy,,SURBER,,,,,,16.67,Number of Individual Organisms,,4/30/2021,,,1,Count,,,,,,,,,,,ID-COUNT-LEVEL2,,09BLA0817_20,,"Rhithron Associates Inc, Missoula MT",,Oropuella,128457,,Pupa,,,,
Warning,Ambient Monitoring,09BLA0817,09BLA0817,Sample,GovLocal,8/13/2020,,,,,8,ft2,,,,,,09BLA0817_20,,N,,Y,,Solid/Sediment,Freshwater Taxonomy,,SURBER,,,,,,16.67,Number of Individual Organisms,,4/30/2021,,,1,Count,,,,,,,,,,,ID-COUNT-LEVEL2,,09BLA0817_20,,"Rhithron Associates Inc, Missoula MT",,Tvetenia bavarica Group,129197,,Larva,,,,
Warning,Ambient Monitoring,09BLA0817,09BLA0817,Sample,GovLocal,8/13/2020,,,,,8,ft2,,,,,,09BLA0817_20,,N,,Y,,Solid/Sediment,Freshwater Taxonomy,,SURBER,,,,,,16.67,Number of Individual Organisms,,4/30/2021,,,125,Count,,,,,,,,,,,ID-COUNT-LEVEL2,,09BLA0817_20,,"Rhithron Associates Inc, Missoula MT",,Baetis tricaudatus complex,100817,,Larva,,,,
Warning,Ambient Monitoring,09BLA0817,09BLA0817,Sample,GovLocal,9/4/2019,,,,,8,ft2,,,,,,09BLA0817_19,,N,,Y,,Solid/Sediment,Freshwater Taxonomy,,SURBER,,,,,,43.33,Number of Individual Organisms,,2/7/2020,,,4,Count,,,,,,,,,,,ID-COUNT-LEVEL2,,09BLA0817_19,,"Rhithron Associates Inc, Missoula MT",,Chamaedrilus,68510,,unknown,,,,
Warning,Ambient Monitoring,09BLA0817,09BLA0817,Sample,GovLocal,9/4/2019,,,,,8,ft2,,,,,,09BLA0817_19,,N,,Y,,Solid/Sediment,Freshwater Taxonomy,,SURBER,,,,,,43.33,Number of Individual Organisms,,2/7/2020,,,75,Count,,,,,,,,,,,ID-COUNT-LEVEL2,,09BLA0817_19,,"Rhithron Associates Inc, Missoula MT",,Baetis tricaudatus complex,100817,,Larva,,,,
Warning,Ambient Monitoring,09BLA0817,09BLA0817,Sample,GovLocal,8/8/2018,,,,,8,ft2,,,,,,09BLA0817_18,,N,,Y,,Solid/Sediment,Freshwater Taxonomy,,SURBER,,,,,,23.33,Number of Individual Organisms,,10/4/2018,,,102,Count,,,,,,,,,,,ID-COUNT-LEVEL2,,09BLA0817_18,,"Rhithron Associates Inc, Missoula MT",,Baetis tricaudatus complex,100817,,Larva,,,,
Warning,Ambient Monitoring,09BLA0817,09BLA0817,Sample,GovLocal,8/28/2017,,,,,8,ft2,,,,,,09BLA0817_17,,N,,Y,,Solid/Sediment,Freshwater Taxonomy,,SURBER,,,,,,100,Number of Individual Organisms,,3/16/2018,,,7,Count,,,,,,,,,,,ID-COUNT-LEVEL2,,09BLA0817_17,,"Rhithron Associates Inc, Missoula MT",,Baetis tricaudatus complex,100817,,Larva,,,,
Warning,Ambient Monitoring,09BLA0817,09BLA0817,Sample,GovLocal,8/31/2016,,,,,8,ft2,,,,,,09BLA0817_16,,N,,Y,,Solid/Sediment,Freshwater Taxonomy,,SURBER,,,,,,60,Number of Individual Organisms,,4/4/2017,,,13,Count,,,,,,,,,,,ID-COUNT-LEVEL2,,09BLA0817_16,,"Rhithron Associates Inc, Missoula MT",,Tvetenia bavarica Group,129197,,Larva,,,,
Warning,Ambient Monitoring,09DEE2208,09DEE2208,Sample,GovLocal,10/7/2021,,,,,8,ft2,,,,,,09DEE2208_21,,N,,Y,,Solid/Sediment,Freshwater Taxonomy,,SURBER,,,,,,16.67,Number of Individual Organisms,,12/17/2021,,,12,Count,,,,,,,,,,,ID-COUNT-LEVEL2,,09DEE2208_21,,"Rhithron Associates Inc, Missoula MT",,Tvetenia bavarica Group,129197,,Larva,,,,
Warning,Ambient Monitoring,09DEE2208,09DEE2208,Sample,GovLocal,10/7/2021,,,,,8,ft2,,,,,,09DEE2208_21,,N,,Y,,Solid/Sediment,Freshwater Taxonomy,,SURBER,,,,,,16.67,Number of Individual Organisms,,12/17/2021,,,1,Count,,,,,,,,,,,ID-COUNT-LEVEL2,,09DEE2208_21,,"Rhithron Associates Inc, Missoula MT",,Thienemannimyia Group,128078,,Larva,,,,
Warning,Ambient Monitoring,09DEE2208,09DEE2208,Sample,GovLocal,10/7/2021,,,,,8,ft2,,,,,,09DEE2208_21,,N,,Y,,Solid/Sediment,Freshwater Taxonomy,,SURBER,,,,,,16.67,Number of Individual Organisms,,12/17/2021,,,53,Count,,,,,,,,,,,ID-COUNT-LEVEL2,,09DEE2208_21,,"Rhithron Associates Inc, Missoula MT",,Pericomaini,125391,,Larva,,,,
Warning,Ambient Monitoring,09DEE2208,09DEE2208,Sample,GovLocal,10/7/2021,,,,,8,ft2,,,,,,09DEE2208_21,,N,,Y,,Solid/Sediment,Freshwater Taxonomy,,SURBER,,,,,,16.67,Number of Individual Organisms,,12/17/2021,,,2,Count,,,,,,,,,,,ID-COUNT-LEVEL2,,09DEE2208_21,,"Rhithron Associates Inc, Missoula MT",,Rhyacophila brunnea/vemna Group,115097,,Larva,,,,
Warning,Ambient Monitoring,09DEE2208,09DEE2208,Sample,GovLocal,10/7/2021,,,,,8,ft2,,,,,,09DEE2208_21,,N,,Y,,Solid/Sediment,Freshwater Taxonomy,,SURBER,,,,,,16.67,Number of Individual Organisms,,12/17/2021,,,85,Count,,,,,,,,,,,ID-COUNT-LEVEL2,,09DEE2208_21,,"Rhithron Associates Inc, Missoula MT",,Ephemerella excrucians Group,101276,,Larva,,,,
Warning,Ambient Monitoring,09DEE2208,09DEE2208,Sample,GovLocal,10/7/2021,,,,,8,ft2,,,,,,09DEE2208_21,,N,,Y,,Solid/Sediment,Freshwater Taxonomy,,SURBER,,,,,,16.67,Number of Individual Organisms,,12/17/2021,,,43,Count,,,,,,,,,,,ID-COUNT-LEVEL2,,09DEE2208_21,,"Rhithron Associates Inc, Missoula MT",,Baetis tricaudatus complex,100817,,Larva,,,,
Warning,Ambient Monitoring,09DEE2208,09DEE2208,Sample,GovLocal,8/6/2020,,,,,8,ft2,,,,,,09DEE2208_20,,N,,Y,,Solid/Sediment,Freshwater Taxonomy,,SURBER,,,,,,13.33,Number of Individual Organisms,,4/30/2021,,,2,Count,,,,,,,,,,,ID-COUNT-LEVEL2,,09DEE2208_20,,"Rhithron Associates Inc, Missoula MT",,Chamaedrilus,68510,,unknown,,,,
Warning,Ambient Monitoring,09DEE2208,09DEE2208,Sample,GovLocal,8/6/2020,,,,,8,ft2,,,,,,09DEE2208_20,,N,,Y,,Solid/Sediment,Freshwater Taxonomy,,SURBER,,,,,,13.33,Number of Individual Organisms,,4/30/2021,,,24,Count,,,,,,,,,,,ID-COUNT-LEVEL2,,09DEE2208_20,,"Rhithron Associates Inc, Missoula MT",,Tvetenia bavarica Group,129197,,Larva,,,,
Warning,Ambient Monitoring,09DEE2208,09DEE2208,Sample,GovLocal,8/6/2020,,,,,8,ft2,,,,,,09DEE2208_20,,N,,Y,,Solid/Sediment,Freshwater Taxonomy,,SURBER,,,,,,13.33,Number of Individual Organisms,,4/30/2021,,,7,Count,,,,,,,,,,,ID-COUNT-LEVEL2,,09DEE2208_20,,"Rhithron Associates Inc, Missoula MT",,Pericomaini,125391,,Larva,,,,
Warning,Ambient Monitoring,09DEE2208,09DEE2208,Sample,GovLocal,8/6/2020,,,,,8,ft2,,,,,,09DEE2208_20,,N,,Y,,Solid/Sediment,Freshwater Taxonomy,,SURBER,,,,,,13.33,Number of Individual Organisms,,4/30/2021,,,10,Count,,,,,,,,,,,ID-COUNT-LEVEL2,,09DEE2208_20,,"Rhithron Associates Inc, Missoula MT",,Suwalliini,609854,,Larva,,,,
Warning,Ambient Monitoring,09DEE2208,09DEE2208,Sample,GovLocal,8/6/2020,,,,,8,ft2,,,,,,09DEE2208_20,,N,,Y,,Solid/Sediment,Freshwater Taxonomy,,SURBER,,,,,,13.33,Number of Individual Organisms,,4/30/2021,,,1,Count,,,,,,,,,,,ID-COUNT-LEVEL2,,09DEE2208_20,,"Rhithron Associates Inc, Missoula MT",,Rhyacophila betteni Group,115097,,Larva,,,,
Warning,Ambient Monitoring,09DEE2208,09DEE2208,Sample,GovLocal,8/6/2020,,,,,8,ft2,,,,,,09DEE2208_20,,N,,Y,,Solid/Sediment,Freshwater Taxonomy,,SURBER,,,,,,13.33,Number of Individual Organisms,,4/30/2021,,,87,Count,,,,,,,,,,,ID-COUNT-LEVEL2,,09DEE2208_20,,"Rhithron Associates Inc, Missoula MT",,Baetis tricaudatus complex,100817,,Larva,,,,
Warning,Ambient Monitoring,09DEE2208,09DEE2208,Sample,GovLocal,8/30/2016,,,,,8,ft2,,,,,,09DEE2208_16,,N,,Y,,Solid/Sediment,Freshwater Taxonomy,,SURBER,,,,,,6.67,Number of Individual Organisms,,4/4/2017,,,1,Count,,,,,,,,,,,ID-COUNT-LEVEL2,,09DEE2208_16,,"Rhithron Associates Inc, Missoula MT",,Rhyacophila betteni Group,115097,,Larva,,,,
Warning,Ambient Monitoring,09DEE2208,09DEE2208,Sample,GovLocal,8/30/2016,,,,,8,ft2,,,,,,09DEE2208_16,,N,,Y,,Solid/Sediment,Freshwater Taxonomy,,SURBER,,,,,,6.67,Number of Individual Organisms,,4/4/2017,,,6,Count,,,,,,,,,,,ID-COUNT-LEVEL2,,09DEE2208_16,,"Rhithron Associates Inc, Missoula MT",,Rhyacophila brunnea/vemna Group,115097,,Larva,,,,
Warning,Ambient Monitoring,09DEE2208,09DEE2208,Sample,GovLocal,8/30/2016,,,,,8,ft2,,,,,,09DEE2208_16,,N,,Y,,Solid/Sediment,Freshwater Taxonomy,,SURBER,,,,,,6.67,Number of Individual Organisms,,4/4/2017,,,40,Count,,,,,,,,,,,ID-COUNT-LEVEL2,,09DEE2208_16,,"Rhithron Associates Inc, Missoula MT",,Baetis tricaudatus complex,100817,,Larva,,,,
Warning,Ambient Monitoring,09DEE2208,09DEE2208,Sample,GovLocal,8/20/2015,,,,,8,ft2,,,,,,09DEE2208_15,,N,,Y,,Solid/Sediment,Freshwater Taxonomy,,SURBER,,,,,,13.33,Number of Individual Organisms,,4/22/2016,,,2,Count,,,,,,,,,,,ID-COUNT-LEVEL2,,09DEE2208_15,,"Rhithron Associates Inc, Missoula MT",,Tvetenia bavarica Group,129197,,Larva,,,,
Warning,Ambient Monitoring,09DEE2208,09DEE2208,Sample,GovLocal,8/20/2015,,,,,8,ft2,,,,,,09DEE2208_15,,N,,Y,,Solid/Sediment,Freshwater Taxonomy,,SURBER,,,,,,13.33,Number of Individual Organisms,,4/22/2016,,,1,Count,,,,,,,,,,,ID-COUNT-LEVEL2,,09DEE2208_15,,"Rhithron Associates Inc, Missoula MT",,Thienemannimyia Group,128078,,Larva,,,,
Warning,Ambient Monitoring,09DEE2208,09DEE2208,Sample,GovLocal,8/20/2015,,,,,8,ft2,,,,,,09DEE2208_15,,N,,Y,,Solid/Sediment,Freshwater Taxonomy,,SURBER,,,,,,13.33,Number of Individual Organisms,,4/22/2016,,,4,Count,,,,,,,,,,,ID-COUNT-LEVEL2,,09DEE2208_15,,"Rhithron Associates Inc, Missoula MT",,Rhyacophila brunnea/vemna Group,115097,,Larva,,,,
Warning,Ambient Monitoring,09DEE2208,09DEE2208,Sample,GovLocal,8/20/2015,,,,,8,ft2,,,,,,09DEE2208_15,,N,,Y,,Solid/Sediment,Freshwater Taxonomy,,SURBER,,,,,,13.33,Number of Individual Organisms,,4/22/2016,,,2,Count,,,,,,,,,,,ID-COUNT-LEVEL2,,09DEE2208_15,,"Rhithron Associates Inc, Missoula MT",,Baetis tricaudatus complex,100817,,Larva,,,,
Warning,Ambient Monitoring,09DEE2294,09DEE2294,Sample,GovLocal,10/6/2021,,,,,8,ft2,,,,,,09DEE2294_21,,N,,Y,,Solid/Sediment,Freshwater Taxonomy,,SURBER,,,,,,6.67,Number of Individual Organisms,,12/17/2021,,,14,Count,,,,,,,,,,,ID-COUNT-LEVEL2,,09DEE2294_21,,"Rhithron Associates Inc, Missoula MT",,Ephemerella excrucians Group,101276,,Larva,,,,
Warning,Ambient Monitoring,09DEE2294,09DEE2294,Sample,GovLocal,10/6/2021,,,,,8,ft2,,,,,,09DEE2294_21,,N,,Y,,Solid/Sediment,Freshwater Taxonomy,,SURBER,,,,,,6.67,Number of Individual Organisms,,12/17/2021,,,23,Count,,,,,,,,,,,ID-COUNT-LEVEL2,,09DEE2294_21,,"Rhithron Associates Inc, Missoula MT",,Baetis tricaudatus complex,100817,,Larva,,,,
Warning,Ambient Monitoring,09DEE2294,09DEE2294,Sample,GovLocal,9/30/2020,,,,,8,ft2,,,,,,09DEE2294_20,,N,,Y,,Solid/Sediment,Freshwater Taxonomy,,SURBER,,,,,,26.67,Number of Individual Organisms,,4/30/2021,,,1,Count,,,,,,,,,,,ID-COUNT-LEVEL2,,09DEE2294_20,,"Rhithron Associates Inc, Missoula MT",,Chamaedrilus,68510,,unknown,,,,
Warning,Ambient Monitoring,09DEE2294,09DEE2294,Sample,GovLocal,9/30/2020,,,,,8,ft2,,,,,,09DEE2294_20,,N,,Y,,Solid/Sediment,Freshwater Taxonomy,,SURBER,,,,,,26.67,Number of Individual Organisms,,4/30/2021,,,27,Count,,,,,,,,,,,ID-COUNT-LEVEL2,,09DEE2294_20,,"Rhithron Associates Inc, Missoula MT",,Tvetenia bavarica Group,129197,,Larva,,,,
Warning,Ambient Monitoring,09DEE2294,09DEE2294,Sample,GovLocal,9/30/2020,,,,,8,ft2,,,,,,09DEE2294_20,,N,,Y,,Solid/Sediment,Freshwater Taxonomy,,SURBER,,,,,,26.67,Number of Individual Organisms,,4/30/2021,,,3,Count,,,,,,,,,,,ID-COUNT-LEVEL2,,09DEE2294_20,,"Rhithron Associates Inc, Missoula MT",,Thienemannimyia Group,128078,,Larva,,,,
Warning,Ambient Monitoring,09DEE2294,09DEE2294,Sample,GovLocal,9/30/2020,,,,,8,ft2,,,,,,09DEE2294_20,,N,,Y,,Solid/Sediment,Freshwater Taxonomy,,SURBER,,,,,,26.67,Number of Individual Organisms,,4/30/2021,,,20,Count,,,,,,,,,,,ID-COUNT-LEVEL2,,09DEE2294_20,,"Rhithron Associates Inc, Missoula MT",,Pericomaini,125391,,Larva,,,,
Warning,Ambient Monitoring,09DEE2294,09DEE2294,Sample,GovLocal,9/30/2020,,,,,8,ft2,,,,,,09DEE2294_20,,N,,Y,,Solid/Sediment,Freshwater Taxonomy,,SURBER,,,,,,26.67,Number of Individual Organisms,,4/30/2021,,,4,Count,,,,,,,,,,,ID-COUNT-LEVEL2,,09DEE2294_20,,"Rhithron Associates Inc, Missoula MT",,Zapada oregonensis Group,102591,,Larva,,,,
Warning,Ambient Monitoring,09DEE2294,09DEE2294,Sample,GovLocal,9/30/2020,,,,,8,ft2,,,,,,09DEE2294_20,,N,,Y,,Solid/Sediment,Freshwater Taxonomy,,SURBER,,,,,,26.67,Number of Individual Organisms,,4/30/2021,,,1,Count,,,,,,,,,,,ID-COUNT-LEVEL2,,09DEE2294_20,,"Rhithron Associates Inc, Missoula MT",,Rhyacophila betteni Group,115097,,Larva,,,,
Warning,Ambient Monitoring,09DEE2294,09DEE2294,Sample,GovLocal,9/30/2020,,,,,8,ft2,,,,,,09DEE2294_20,,N,,Y,,Solid/Sediment,Freshwater Taxonomy,,SURBER,,,,,,26.67,Number of Individual Organisms,,4/30/2021,,,4,Count,,,,,,,,,,,ID-COUNT-LEVEL2,,09DEE2294_20,,"Rhithron Associates Inc, Missoula MT",,Rhyacophila brunnea/vemna Group,115097,,Larva,,,,
Warning,Ambient Monitoring,09DEE2294,09DEE2294,Sample,GovLocal,9/30/2020,,,,,8,ft2,,,,,,09DEE2294_20,,N,,Y,,Solid/Sediment,Freshwater Taxonomy,,SURBER,,,,,,26.67,Number of Individual Organisms,,4/30/2021,,,2,Count,,,,,,,,,,,ID-COUNT-LEVEL2,,09DEE2294_20,,"Rhithron Associates Inc, Missoula MT",,Rhyacophila hyalinata Group,115097,,Larva,,,,
Warning,Ambient Monitoring,09DEE2294,09DEE2294,Sample,GovLocal,9/30/2020,,,,,8,ft2,,,,,,09DEE2294_20,,N,,Y,,Solid/Sediment,Freshwater Taxonomy,,SURBER,,,,,,26.67,Number of Individual Organisms,,4/30/2021,,,12,Count,,,,,,,,,,,ID-COUNT-LEVEL2,,09DEE2294_20,,"Rhithron Associates Inc, Missoula MT",,Ephemerella excrucians Group,101276,,Larva,,,,
Warning,Ambient Monitoring,09DEE2294,09DEE2294,Sample,GovLocal,9/30/2020,,,,,8,ft2,,,,,,09DEE2294_20,,N,,Y,,Solid/Sediment,Freshwater Taxonomy,,SURBER,,,,,,26.67,Number of Individual Organisms,,4/30/2021,,,30,Count,,,,,,,,,,,ID-COUNT-LEVEL2,,09DEE2294_20,,"Rhithron Associates Inc, Missoula MT",,Baetis tricaudatus complex,100817,,Larva,,,,
Warning,Ambient Monitoring,09DEE2294,09DEE2294,Sample,GovLocal,9/30/2019,,,,,8,ft2,,,,,,09DEE2294_19,,N,,Y,,Solid/Sediment,Freshwater Taxonomy,,SURBER,,,,,,13.33,Number of Individual Organisms,,12/18/2019,,,1,Count,,,,,,,,,,,ID-COUNT-LEVEL2,,09DEE2294_19,,"Rhithron Associates Inc, Missoula MT",,Chamaedrilus,68510,,unknown,,,,
Warning,Ambient Monitoring,09DEE2294,09DEE2294,Sample,GovLocal,9/30/2019,,,,,8,ft2,,,,,,09DEE2294_19,,N,,Y,,Solid/Sediment,Freshwater Taxonomy,,SURBER,,,,,,13.33,Number of Individual Organisms,,12/18/2019,,,3,Count,,,,,,,,,,,ID-COUNT-LEVEL2,,09DEE2294_19,,"Rhithron Associates Inc, Missoula MT",,Tvetenia bavarica Group,129197,,Larva,,,,
Warning,Ambient Monitoring,09DEE2294,09DEE2294,Sample,GovLocal,9/30/2019,,,,,8,ft2,,,,,,09DEE2294_19,,N,,Y,,Solid/Sediment,Freshwater Taxonomy,,SURBER,,,,,,13.33,Number of Individual Organisms,,12/18/2019,,,90,Count,,,,,,,,,,,ID-COUNT-LEVEL2,,09DEE2294_19,,"Rhithron Associates Inc, Missoula MT",,Pericomaini,125391,,Larva,,,,
Warning,Ambient Monitoring,09DEE2294,09DEE2294,Sample,GovLocal,8/27/2015,,,,,8,ft2,,,,,,09DEE2294_15,,N,,Y,,Solid/Sediment,Freshwater Taxonomy,,SURBER,,,,,,30,Number of Individual Organisms,,4/22/2016,,,1,Count,,,,,,,,,,,ID-COUNT-LEVEL2,,09DEE2294_15,,"Rhithron Associates Inc, Missoula MT",,Zapada oregonensis Group,102591,,Larva,,,,
Warning,Ambient Monitoring,09DEE2294,09DEE2294,Sample,GovLocal,8/27/2015,,,,,8,ft2,,,,,,09DEE2294_15,,N,,Y,,Solid/Sediment,Freshwater Taxonomy,,SURBER,,,,,,30,Number of Individual Organisms,,4/22/2016,,,1,Count,,,,,,,,,,,ID-COUNT-LEVEL2,,09DEE2294_15,,"Rhithron Associates Inc, Missoula MT",,Rhyacophila betteni Group,115097,,Larva,,,,
Warning,Ambient Monitoring,09DEE2294,09DEE2294,Sample,GovLocal,8/27/2015,,,,,8,ft2,,,,,,09DEE2294_15,,N,,Y,,Solid/Sediment,Freshwater Taxonomy,,SURBER,,,,,,30,Number of Individual Organisms,,4/22/2016,,,5,Count,,,,,,,,,,,ID-COUNT-LEVEL2,,09DEE2294_15,,"Rhithron Associates Inc, Missoula MT",,Rhyacophila brunnea/vemna Group,115097,,Larva,,,,
Warning,Ambient Monitoring,09DEE2294,09DEE2294,Sample,GovLocal,8/27/2015,,,,,8,ft2,,,,,,09DEE2294_15,,N,,Y,,Solid/Sediment,Freshwater Taxonomy,,SURBER,,,,,,30,Number of Individual Organisms,,4/22/2016,,,65,Count,,,,,,,,,,,ID-COUNT-LEVEL2,,09DEE2294_15,,"Rhithron Associates Inc, Missoula MT",,Baetis tricaudatus complex,100817,,Larva,,,,
Warning,Ambient Monitoring,09COV1165,09COV1165,Sample,GovLocal,8/20/2024,,,,,8,ft2,,,,,,09COV1165_24,,N,,Y,,Solid/Sediment,Freshwater Taxonomy,,SURBER,,,,,,13.33,Number of Individual Organisms,,2/5/2025,,,2,Count,,,,,,,,,,,ID-COUNT-LEVEL2,,09COV1165_24,,"Rhithron Associates Inc, Missoula MT",,Tvetenia bavarica Group,129197,,Larva,,,,
Warning,Ambient Monitoring,09COV1165,09COV1165,Sample,GovLocal,8/20/2024,,,,,8,ft2,,,,,,09COV1165_24,,N,,Y,,Solid/Sediment,Freshwater Taxonomy,,SURBER,,,,,,13.33,Number of Individual Organisms,,2/5/2025,,,1,Count,,,,,,,,,,,ID-COUNT-LEVEL2,,09COV1165_24,,"Rhithron Associates Inc, Missoula MT",,Thienemannimyia Group,128078,,Larva,,,,
Warning,Ambient Monitoring,09COV1165,09COV1165,Sample,GovLocal,8/20/2024,,,,,8,ft2,,,,,,09COV1165_24,,N,,Y,,Solid/Sediment,Freshwater Taxonomy,,SURBER,,,,,,13.33,Number of Individual Organisms,,2/5/2025,,,4,Count,,,,,,,,,,,ID-COUNT-LEVEL2,,09COV1165_24,,"Rhithron Associates Inc, Missoula MT",,Pericomaini,125391,,Larva,,,,
Warning,Ambient Monitoring,09COV1165,09COV1165,Sample,GovLocal,8/20/2024,,,,,8,ft2,,,,,,09COV1165_24,,N,,Y,,Solid/Sediment,Freshwater Taxonomy,,SURBER,,,,,,13.33,Number of Individual Organisms,,2/5/2025,,,2,Count,,,,,,,,,,,ID-COUNT-LEVEL2,,09COV1165_24,,"Rhithron Associates Inc, Missoula MT",,Rhyacophila betteni Group,115097,,Larva,,,,
Warning,Ambient Monitoring,09COV1165,09COV1165,Sample,GovLocal,8/20/2024,,,,,8,ft2,,,,,,09COV1165_24,,N,,Y,,Solid/Sediment,Freshwater Taxonomy,,SURBER,,,,,,13.33,Number of Individual Organisms,,2/5/2025,,,2,Count,,,,,,,,,,,ID-COUNT-LEVEL2,,09COV1165_24,,"Rhithron Associates Inc, Missoula MT",,Rhyacophila brunnea/vemna Group,115097,,Larva,,,,
Warning,Ambient Monitoring,09COV1165,09COV1165,Sample,GovLocal,8/20/2024,,,,,8,ft2,,,,,,09COV1165_24,,N,,Y,,Solid/Sediment,Freshwater Taxonomy,,SURBER,,,,,,13.33,Number of Individual Organisms,,2/5/2025,,,80,Count,,,,,,,,,,,ID-COUNT-LEVEL2,,09COV1165_24,,"Rhithron Associates Inc, Missoula MT",,Baetis tricaudatus complex,100817,,Larva,,,,
Warning,Ambient Monitoring,09COV1165,09COV1165,Sample,GovLocal,8/17/2023,,,,,8,ft2,,,,,,09COV1165_23,,N,,Y,,Solid/Sediment,Freshwater Taxonomy,,SURBER,,,,,,16.67,Number of Individual Organisms,,4/18/2024,,,5,Count,,,,,,,,,,,ID-COUNT-LEVEL2,,09COV1165_23,,"Rhithron Associates Inc, Missoula MT",,Thienemannimyia Group,128078,,Larva,,,,
Warning,Ambient Monitoring,09COV1165,09COV1165,Sample,GovLocal,8/17/2023,,,,,8,ft2,,,,,,09COV1165_23,,N,,Y,,Solid/Sediment,Freshwater Taxonomy,,SURBER,,,,,,16.67,Number of Individual Organisms,,4/18/2024,,,6,Count,,,,,,,,,,,ID-COUNT-LEVEL2,,09COV1165_23,,"Rhithron Associates Inc, Missoula MT",,Pericomaini,125391,,Larva,,,,
Warning,Ambient Monitoring,09COV1165,09COV1165,Sample,GovLocal,7/23/2020,,,,,8,ft2,,,,,,09COV1165_20,,N,,Y,,Solid/Sediment,Freshwater Taxonomy,,SURBER,,,,,,46.67,Number of Individual Organisms,,4/30/2021,,,79,Count,,,,,,,,,,,ID-COUNT-LEVEL2,,09COV1165_20,,"Rhithron Associates Inc, Missoula MT",,Baetis tricaudatus complex,100817,,Larva,,,,
Warning,Ambient Monitoring,09COV1165,09COV1165,Sample,GovLocal,9/12/2019,,,,,8,ft2,,,,,,09COV1165_19,,N,,Y,,Solid/Sediment,Freshwater Taxonomy,,SURBER,,,,,,23.33,Number of Individual Organisms,,2/7/2020,,,1,Count,,,,,,,,,,,ID-COUNT-LEVEL2,,09COV1165_19,,"Rhithron Associates Inc, Missoula MT",,Thienemannimyia Group,128078,,Larva,,,,
Warning,Ambient Monitoring,09COV1165,09COV1165,Sample,GovLocal,9/12/2019,,,,,8,ft2,,,,,,09COV1165_19,,N,,Y,,Solid/Sediment,Freshwater Taxonomy,,SURBER,,,,,,23.33,Number of Individual Organisms,,2/7/2020,,,4,Count,,,,,,,,,,,ID-COUNT-LEVEL2,,09COV1165_19,,"Rhithron Associates Inc, Missoula MT",,Pericomaini,125391,,Larva,,,,
Warning,Ambient Monitoring,09COV1165,09COV1165,Sample,GovLocal,9/12/2019,,,,,8,ft2,,,,,,09COV1165_19,,N,,Y,,Solid/Sediment,Freshwater Taxonomy,,SURBER,,,,,,23.33,Number of Individual Organisms,,2/7/2020,,,3,Count,,,,,,,,,,,ID-COUNT-LEVEL2,,09COV1165_19,,"Rhithron Associates Inc, Missoula MT",,Zapada oregonensis Group,102591,,Larva,,,,
Warning,Ambient Monitoring,09COV1165,09COV1165,Sample,GovLocal,9/12/2019,,,,,8,ft2,,,,,,09COV1165_19,,N,,Y,,Solid/Sediment,Freshwater Taxonomy,,SURBER,,,,,,23.33,Number of Individual Organisms,,2/7/2020,,,1,Count,,,,,,,,,,,ID-COUNT-LEVEL2,,09COV1165_19,,"Rhithron Associates Inc, Missoula MT",,Rhyacophila betteni Group,115097,,Larva,,,,
Warning,Ambient Monitoring,09COV1165,09COV1165,Sample,GovLocal,9/12/2019,,,,,8,ft2,,,,,,09COV1165_19,,N,,Y,,Solid/Sediment,Freshwater Taxonomy,,SURBER,,,,,,23.33,Number of Individual Organisms,,2/7/2020,,,7,Count,,,,,,,,,,,ID-COUNT-LEVEL2,,09COV1165_19,,"Rhithron Associates Inc, Missoula MT",,Rhyacophila brunnea/vemna Group,115097,,Larva,,,,
Warning,Ambient Monitoring,09COV1165,09COV1165,Sample,GovLocal,9/12/2019,,,,,8,ft2,,,,,,09COV1165_19,,N,,Y,,Solid/Sediment,Freshwater Taxonomy,,SURBER,,,,,,23.33,Number of Individual Organisms,,2/7/2020,,,4,Count,,,,,,,,,,,ID-COUNT-LEVEL2,,09COV1165_19,,"Rhithron Associates Inc, Missoula MT",,Ephemerella excrucians Group,101276,,Larva,,,,
Warning,Ambient Monitoring,09COV1165,09COV1165,Sample,GovLocal,9/12/2019,,,,,8,ft2,,,,,,09COV1165_19,,N,,Y,,Solid/Sediment,Freshwater Taxonomy,,SURBER,,,,,,23.33,Number of Individual Organisms,,2/7/2020,,,93,Count,,,,,,,,,,,ID-COUNT-LEVEL2,,09COV1165_19,,"Rhithron Associates Inc, Missoula MT",,Baetis tricaudatus complex,100817,,Larva,,,,
Warning,Ambient Monitoring,09COV1165,09COV1165,Sample,GovLocal,9/12/2019,,,,,8,ft2,,,,,,09COV1165_19_R,,Y,,Y,,Solid/Sediment,Freshwater Taxonomy,,SURBER,,,,,,33.33,Number of Individual Organisms,,2/7/2020,,,1,Count,,,,,,,,,,,ID-COUNT-LEVEL2,,09COV1165_19_R,,"Rhithron Associates Inc, Missoula MT",,Tvetenia bavarica Group,129197,,Larva,,,,
Warning,Ambient Monitoring,09COV1165,09COV1165,Sample,GovLocal,9/12/2019,,,,,8,ft2,,,,,,09COV1165_19_R,,Y,,Y,,Solid/Sediment,Freshwater Taxonomy,,SURBER,,,,,,33.33,Number of Individual Organisms,,2/7/2020,,,1,Count,,,,,,,,,,,ID-COUNT-LEVEL2,,09COV1165_19_R,,"Rhithron Associates Inc, Missoula MT",,Thienemannimyia Group,128078,,Larva,,,,
Warning,Ambient Monitoring,09COV1165,09COV1165,Sample,GovLocal,9/12/2019,,,,,8,ft2,,,,,,09COV1165_19_R,,Y,,Y,,Solid/Sediment,Freshwater Taxonomy,,SURBER,,,,,,33.33,Number of Individual Organisms,,2/7/2020,,,1,Count,,,,,,,,,,,ID-COUNT-LEVEL2,,09COV1165_19_R,,"Rhithron Associates Inc, Missoula MT",,Pericomaini,125391,,Larva,,,,
Warning,Ambient Monitoring,09COV1165,09COV1165,Sample,GovLocal,9/12/2019,,,,,8,ft2,,,,,,09COV1165_19_R,,Y,,Y,,Solid/Sediment,Freshwater Taxonomy,,SURBER,,,,,,33.33,Number of Individual Organisms,,2/7/2020,,,1,Count,,,,,,,,,,,ID-COUNT-LEVEL2,,09COV1165_19_R,,"Rhithron Associates Inc, Missoula MT",,Rhyacophila betteni Group,115097,,Larva,,,,
Warning,Ambient Monitoring,09COV1165,09COV1165,Sample,GovLocal,9/12/2019,,,,,8,ft2,,,,,,09COV1165_19_R,,Y,,Y,,Solid/Sediment,Freshwater Taxonomy,,SURBER,,,,,,33.33,Number of Individual Organisms,,2/7/2020,,,2,Count,,,,,,,,,,,ID-COUNT-LEVEL2,,09COV1165_19_R,,"Rhithron Associates Inc, Missoula MT",,Rhyacophila brunnea/vemna Group,115097,,Larva,,,,
Warning,Ambient Monitoring,09COV1165,09COV1165,Sample,GovLocal,9/12/2019,,,,,8,ft2,,,,,,09COV1165_19_R,,Y,,Y,,Solid/Sediment,Freshwater Taxonomy,,SURBER,,,,,,33.33,Number of Individual Organisms,,2/7/2020,,,1,Count,,,,,,,,,,,ID-COUNT-LEVEL2,,09COV1165_19_R,,"Rhithron Associates Inc, Missoula MT",,Ephemerella excrucians Group,101276,,Larva,,,,
Warning,Ambient Monitoring,09COV1165,09COV1165,Sample,GovLocal,9/12/2019,,,,,8,ft2,,,,,,09COV1165_19_R,,Y,,Y,,Solid/Sediment,Freshwater Taxonomy,,SURBER,,,,,,33.33,Number of Individual Organisms,,2/7/2020,,,73,Count,,,,,,,,,,,ID-COUNT-LEVEL2,,09COV1165_19_R,,"Rhithron Associates Inc, Missoula MT",,Baetis tricaudatus complex,100817,,Larva,,,,
Warning,Ambient Monitoring,09BLA0722,09BLA0722,Sample,GovLocal,8/7/2024,,,,,8,ft2,,,,,,09BLA0722_24,,N,,Y,,Solid/Sediment,Freshwater Taxonomy,,SURBER,,,,,,100,Number of Individual Organisms,,2/5/2025,,,2,Count,,,,,,,,,,,ID-COUNT-LEVEL2,,09BLA0722_24,,"Rhithron Associates Inc, Missoula MT",,Rhyacophila betteni Group,115097,,Larva,,,,
Warning,Ambient Monitoring,09BLA0722,09BLA0722,Sample,GovLocal,8/7/2024,,,,,8,ft2,,,,,,09BLA0722_24,,N,,Y,,Solid/Sediment,Freshwater Taxonomy,,SURBER,,,,,,100,Number of Individual Organisms,,2/5/2025,,,2,Count,,,,,,,,,,,ID-COUNT-LEVEL2,,09BLA0722_24,,"Rhithron Associates Inc, Missoula MT",,Rhyacophila brunnea/vemna Group,115097,,Larva,,,,
Warning,Ambient Monitoring,09BLA0722,09BLA0722,Sample,GovLocal,8/7/2024,,,,,8,ft2,,,,,,09BLA0722_24,,N,,Y,,Solid/Sediment,Freshwater Taxonomy,,SURBER,,,,,,100,Number of Individual Organisms,,2/5/2025,,,10,Count,,,,,,,,,,,ID-COUNT-LEVEL2,,09BLA0722_24,,"Rhithron Associates Inc, Missoula MT",,Baetis tricaudatus complex,100817,,Larva,,,,
Warning,Ambient Monitoring,09BLA0722,09BLA0722,Sample,GovLocal,8/7/2023,,,,,8,ft2,,,,,,09BLA0722_23,,N,,Y,,Solid/Sediment,Freshwater Taxonomy,,SURBER,,,,,,100,Number of Individual Organisms,,4/18/2024,,,11,Count,,,,,,,,,,,ID-COUNT-LEVEL2,,09BLA0722_23,,"Rhithron Associates Inc, Missoula MT",,Thienemannimyia Group,128078,,Larva,,,,
Warning,Ambient Monitoring,09BLA0722,09BLA0722,Sample,GovLocal,8/7/2023,,,,,8,ft2,,,,,,09BLA0722_23,,N,,Y,,Solid/Sediment,Freshwater Taxonomy,,SURBER,,,,,,100,Number of Individual Organisms,,4/18/2024,,,3,Count,,,,,,,,,,,ID-COUNT-LEVEL2,,09BLA0722_23,,"Rhithron Associates Inc, Missoula MT",,Rhyacophila brunnea/vemna Group,115097,,Larva,,,,
Warning,Ambient Monitoring,09BLA0722,09BLA0722,Sample,GovLocal,8/7/2023,,,,,8,ft2,,,,,,09BLA0722_23,,N,,Y,,Solid/Sediment,Freshwater Taxonomy,,SURBER,,,,,,100,Number of Individual Organisms,,4/18/2024,,,15,Count,,,,,,,,,,,ID-COUNT-LEVEL2,,09BLA0722_23,,"Rhithron Associates Inc, Missoula MT",,Baetis tricaudatus complex,100817,,Larva,,,,
Warning,Ambient Monitoring,09BLA0722,09BLA0722,Sample,GovLocal,8/10/2022,,,,,8,ft2,,,,,,09BLA0722_22,,N,,Y,,Solid/Sediment,Freshwater Taxonomy,,SURBER,,,,,,13.33,Number of Individual Organisms,,3/13/2023,,,5,Count,,,,,,,,,,,ID-COUNT-LEVEL2,,09BLA0722_22,,"Rhithron Associates Inc, Missoula MT",,Tvetenia bavarica Group,129197,,Larva,,,,
Warning,Ambient Monitoring,09BLA0722,09BLA0722,Sample,GovLocal,8/10/2022,,,,,8,ft2,,,,,,09BLA0722_22,,N,,Y,,Solid/Sediment,Freshwater Taxonomy,,SURBER,,,,,,13.33,Number of Individual Organisms,,3/13/2023,,,1,Count,,,,,,,,,,,ID-COUNT-LEVEL2,,09BLA0722_22,,"Rhithron Associates Inc, Missoula MT",,Thienemannimyia Group,128078,,Larva,,,,
Warning,Ambient Monitoring,09BLA0722,09BLA0722,Sample,GovLocal,9/12/2017,,,,,8,ft2,,,,,,09BLA0722_17_R,,Y,,Y,,Solid/Sediment,Freshwater Taxonomy,,SURBER,,,,,,46.67,Number of Individual Organisms,,3/16/2018,,,1,Count,,,,,,,,,,,ID-COUNT-LEVEL2,,09BLA0722_17_R,,"Rhithron Associates Inc, Missoula MT",,Rhyacophila betteni Group,115097,,Larva,,,,
Warning,Ambient Monitoring,09BLA0722,09BLA0722,Sample,GovLocal,9/12/2017,,,,,8,ft2,,,,,,09BLA0722_17_R,,Y,,Y,,Solid/Sediment,Freshwater Taxonomy,,SURBER,,,,,,46.67,Number of Individual Organisms,,3/16/2018,,,42,Count,,,,,,,,,,,ID-COUNT-LEVEL2,,09BLA0722_17_R,,"Rhithron Associates Inc, Missoula MT",,Baetis tricaudatus complex,100817,,Larva,,,,
Warning,Ambient Monitoring,09BLA0722,09BLA0722,Sample,GovLocal,8/31/2016,,,,,8,ft2,,,,,,09BLA0722_16,,N,,Y,,Solid/Sediment,Freshwater Taxonomy,,SURBER,,,,,,100,Number of Individual Organisms,,4/4/2017,,,11,Count,,,,,,,,,,,ID-COUNT-LEVEL2,,09BLA0722_16,,"Rhithron Associates Inc, Missoula MT",,Thienemannimyia Group,128078,,Larva,,,,
Warning,Ambient Monitoring,09BLA0722,09BLA0722,Sample,GovLocal,8/31/2016,,,,,8,ft2,,,,,,09BLA0722_16,,N,,Y,,Solid/Sediment,Freshwater Taxonomy,,SURBER,,,,,,100,Number of Individual Organisms,,4/4/2017,,,26,Count,,,,,,,,,,,ID-COUNT-LEVEL2,,09BLA0722_16,,"Rhithron Associates Inc, Missoula MT",,Baetis tricaudatus complex,100817,,Larva,,,,
Warning,Ambient Monitoring,09BLA0722,09BLA0722,Sample,GovLocal,8/19/2015,,,,,8,ft2,,,,,,09BLA0722_15,,N,,Y,,Solid/Sediment,Freshwater Taxonomy,,SURBER,,,,,,26.67,Number of Individual Organisms,,4/22/2016,,,1,Count,,,,,,,,,,,ID-COUNT-LEVEL2,,09BLA0722_15,,"Rhithron Associates Inc, Missoula MT",,Tvetenia bavarica Group,129197,,Larva,,,,
Warning,Ambient Monitoring,09BLA0722,09BLA0722,Sample,GovLocal,8/19/2015,,,,,8,ft2,,,,,,09BLA0722_15,,N,,Y,,Solid/Sediment,Freshwater Taxonomy,,SURBER,,,,,,26.67,Number of Individual Organisms,,4/22/2016,,,2,Count,,,,,,,,,,,ID-COUNT-LEVEL2,,09BLA0722_15,,"Rhithron Associates Inc, Missoula MT",,Thienemannimyia Group,128078,,Larva,,,,
Warning,Ambient Monitoring,09BLA0722,09BLA0722,Sample,GovLocal,8/19/2015,,,,,8,ft2,,,,,,09BLA0722_15,,N,,Y,,Solid/Sediment,Freshwater Taxonomy,,SURBER,,,,,,26.67,Number of Individual Organisms,,4/22/2016,,,1,Count,,,,,,,,,,,ID-COUNT-LEVEL2,,09BLA0722_15,,"Rhithron Associates Inc, Missoula MT",,Rhyacophila betteni Group,115097,,Larva,,,,
Warning,Ambient Monitoring,09BLA0722,09BLA0722,Sample,GovLocal,8/19/2015,,,,,8,ft2,,,,,,09BLA0722_15,,N,,Y,,Solid/Sediment,Freshwater Taxonomy,,SURBER,,,,,,26.67,Number of Individual Organisms,,4/22/2016,,,19,Count,,,,,,,,,,,ID-COUNT-LEVEL2,,09BLA0722_15,,"Rhithron Associates Inc, Missoula MT",,Baetis tricaudatus complex,100817,,Larva,,,,
Warning,Ambient Monitoring,09BLA0675,09BLA0675,Sample,GovLocal,8/13/2024,,,,,8,ft2,,,,,,09BLA0675_24,,N,,Y,,Solid/Sediment,Freshwater Taxonomy,,SURBER,,,,,,13.33,Number of Individual Organisms,,2/5/2025,,,1,Count,,,,,,,,,,,ID-COUNT-LEVEL2,,09BLA0675_24,,"Rhithron Associates Inc, Missoula MT",,Tvetenia bavarica Group,129197,,Larva,,,,
Warning,Ambient Monitoring,09BLA0675,09BLA0675,Sample,GovLocal,8/13/2024,,,,,8,ft2,,,,,,09BLA0675_24,,N,,Y,,Solid/Sediment,Freshwater Taxonomy,,SURBER,,,,,,13.33,Number of Individual Organisms,,2/5/2025,,,4,Count,,,,,,,,,,,ID-COUNT-LEVEL2,,09BLA0675_24,,"Rhithron Associates Inc, Missoula MT",,Thienemannimyia Group,128078,,Larva,,,,
Warning,Ambient Monitoring,09BLA0675,09BLA0675,Sample,GovLocal,8/13/2024,,,,,8,ft2,,,,,,09BLA0675_24,,N,,Y,,Solid/Sediment,Freshwater Taxonomy,,SURBER,,,,,,13.33,Number of Individual Organisms,,2/5/2025,,,3,Count,,,,,,,,,,,ID-COUNT-LEVEL2,,09BLA0675_24,,"Rhithron Associates Inc, Missoula MT",,Kogotus/Rickera,609866,,Larva,,,,
Warning,Ambient Monitoring,09BLA0675,09BLA0675,Sample,GovLocal,8/13/2024,,,,,8,ft2,,,,,,09BLA0675_24,,N,,Y,,Solid/Sediment,Freshwater Taxonomy,,SURBER,,,,,,13.33,Number of Individual Organisms,,2/5/2025,,,1,Count,,,,,,,,,,,ID-COUNT-LEVEL2,,09BLA0675_24,,"Rhithron Associates Inc, Missoula MT",,Rhyacophila brunnea/vemna Group,115097,,Larva,,,,
Warning,Ambient Monitoring,09BLA0675,09BLA0675,Sample,GovLocal,9/24/2019,,,,,8,ft2,,,,,,09BLA0675_19_R,,Y,,Y,,Solid/Sediment,Freshwater Taxonomy,,SURBER,,,,,,36.67,Number of Individual Organisms,,12/18/2019,,,1,Count,,,,,,,,,,,ID-COUNT-LEVEL2,,09BLA0675_19_R,,"Rhithron Associates Inc, Missoula MT",,Suwalliini,609854,,Larva,,,,
Warning,Ambient Monitoring,09BLA0675,09BLA0675,Sample,GovLocal,9/24/2019,,,,,8,ft2,,,,,,09BLA0675_19_R,,Y,,Y,,Solid/Sediment,Freshwater Taxonomy,,SURBER,,,,,,36.67,Number of Individual Organisms,,12/18/2019,,,1,Count,,,,,,,,,,,ID-COUNT-LEVEL2,,09BLA0675_19_R,,"Rhithron Associates Inc, Missoula MT",,Rhyacophila brunnea/vemna Group,115097,,Larva,,,,
Warning,Ambient Monitoring,09BLA0675,09BLA0675,Sample,GovLocal,9/24/2019,,,,,8,ft2,,,,,,09BLA0675_19_R,,Y,,Y,,Solid/Sediment,Freshwater Taxonomy,,SURBER,,,,,,36.67,Number of Individual Organisms,,12/18/2019,,,12,Count,,,,,,,,,,,ID-COUNT-LEVEL2,,09BLA0675_19_R,,"Rhithron Associates Inc, Missoula MT",,Baetis tricaudatus complex,100817,,Larva,,,,
Warning,Ambient Monitoring,09BLA0675,09BLA0675,Sample,GovLocal,8/7/2018,,,,,8,ft2,,,,,,09BLA0675_18,,N,,Y,,Solid/Sediment,Freshwater Taxonomy,,SURBER,,,,,,40,Number of Individual Organisms,,10/4/2018,,,9,Count,,,,,,,,,,,ID-COUNT-LEVEL2,,09BLA0675_18,,"Rhithron Associates Inc, Missoula MT",,Chamaedrilus,68510,,unknown,,,,
Warning,Ambient Monitoring,09BLA0675,09BLA0675,Sample,GovLocal,8/7/2018,,,,,8,ft2,,,,,,09BLA0675_18,,N,,Y,,Solid/Sediment,Freshwater Taxonomy,,SURBER,,,,,,40,Number of Individual Organisms,,10/4/2018,,,4,Count,,,,,,,,,,,ID-COUNT-LEVEL2,,09BLA0675_18,,"Rhithron Associates Inc, Missoula MT",,Tvetenia bavarica Group,129197,,Larva,,,,
Warning,Ambient Monitoring,09BLA0675,09BLA0675,Sample,GovLocal,8/7/2018,,,,,8,ft2,,,,,,09BLA0675_18,,N,,Y,,Solid/Sediment,Freshwater Taxonomy,,SURBER,,,,,,40,Number of Individual Organisms,,10/4/2018,,,3,Count,,,,,,,,,,,ID-COUNT-LEVEL2,,09BLA0675_18,,"Rhithron Associates Inc, Missoula MT",,Thienemannimyia Group,128078,,Larva,,,,
Warning,Ambient Monitoring,09BLA0675,09BLA0675,Sample,GovLocal,8/7/2018,,,,,8,ft2,,,,,,09BLA0675_18,,N,,Y,,Solid/Sediment,Freshwater Taxonomy,,SURBER,,,,,,40,Number of Individual Organisms,,10/4/2018,,,72,Count,,,,,,,,,,,ID-COUNT-LEVEL2,,09BLA0675_18,,"Rhithron Associates Inc, Missoula MT",,Baetis tricaudatus complex,100817,,Larva,,,,
Warning,Ambient Monitoring,09BLA0675,09BLA0675,Sample,GovLocal,8/23/2017,,,,,8,ft2,,,,,,09BLA0675_17,,N,,Y,,Solid/Sediment,Freshwater Taxonomy,,SURBER,,,,,,100,Number of Individual Organisms,,3/16/2018,,,1,Count,,,,,,,,,,,ID-COUNT-LEVEL2,,09BLA0675_17,,"Rhithron Associates Inc, Missoula MT",,Tvetenia bavarica Group,129197,,Larva,,,,
Warning,Ambient Monitoring,09BLA0675,09BLA0675,Sample,GovLocal,8/23/2017,,,,,8,ft2,,,,,,09BLA0675_17,,N,,Y,,Solid/Sediment,Freshwater Taxonomy,,SURBER,,,,,,100,Number of Individual Organisms,,3/16/2018,,,2,Count,,,,,,,,,,,ID-COUNT-LEVEL2,,09BLA0675_17,,"Rhithron Associates Inc, Missoula MT",,Thienemannimyia Group,128078,,Larva,,,,
Warning,Ambient Monitoring,09BLA0675,09BLA0675,Sample,GovLocal,8/23/2017,,,,,8,ft2,,,,,,09BLA0675_17,,N,,Y,,Solid/Sediment,Freshwater Taxonomy,,SURBER,,,,,,100,Number of Individual Organisms,,3/16/2018,,,46,Count,,,,,,,,,,,ID-COUNT-LEVEL2,,09BLA0675_17,,"Rhithron Associates Inc, Missoula MT",,Baetis tricaudatus complex,100817,,Larva,,,,
Warning,Ambient Monitoring,09BLA0716,09BLA0716,Sample,GovLocal,9/13/2021,,,,,8,ft2,,,,,,09BLA0716_21,,N,,Y,,Solid/Sediment,Freshwater Taxonomy,,SURBER,,,,,,16.67,Number of Individual Organisms,,12/17/2021,,,68,Count,,,,,,,,,,,ID-COUNT-LEVEL2,,09BLA0716_21,,"Rhithron Associates Inc, Missoula MT",,Baetis tricaudatus complex,100817,,Larva,,,,
Warning,Ambient Monitoring,09BLA0716,09BLA0716,Sample,GovLocal,7/27/2020,,,,,8,ft2,,,,,,09BLA0716_20,,N,,Y,,Solid/Sediment,Freshwater Taxonomy,,SURBER,,,,,,100,Number of Individual Organisms,,4/30/2021,,,1,Count,,,,,,,,,,,ID-COUNT-LEVEL2,,09BLA0716_20,,"Rhithron Associates Inc, Missoula MT",,Chamaedrilus,68510,,unknown,,,,
Warning,Ambient Monitoring,09BLA0716,09BLA0716,Sample,GovLocal,7/27/2020,,,,,8,ft2,,,,,,09BLA0716_20,,N,,Y,,Solid/Sediment,Freshwater Taxonomy,,SURBER,,,,,,100,Number of Individual Organisms,,4/30/2021,,,17,Count,,,,,,,,,,,ID-COUNT-LEVEL2,,09BLA0716_20,,"Rhithron Associates Inc, Missoula MT",,Thienemannimyia Group,128078,,Larva,,,,
Warning,Ambient Monitoring,09BLA0716,09BLA0716,Sample,GovLocal,7/27/2020,,,,,8,ft2,,,,,,09BLA0716_20,,N,,Y,,Solid/Sediment,Freshwater Taxonomy,,SURBER,,,,,,100,Number of Individual Organisms,,4/30/2021,,,10,Count,,,,,,,,,,,ID-COUNT-LEVEL2,,09BLA0716_20,,"Rhithron Associates Inc, Missoula MT",,Rhyacophila brunnea/vemna Group,115097,,Larva,,,,
Warning,Ambient Monitoring,09BLA0716,09BLA0716,Sample,GovLocal,7/27/2020,,,,,8,ft2,,,,,,09BLA0716_20,,N,,Y,,Solid/Sediment,Freshwater Taxonomy,,SURBER,,,,,,100,Number of Individual Organisms,,4/30/2021,,,8,Count,,,,,,,,,,,ID-COUNT-LEVEL2,,09BLA0716_20,,"Rhithron Associates Inc, Missoula MT",,Baetis tricaudatus complex,100817,,Larva,,,,
Warning,Ambient Monitoring,09BLA0716,09BLA0716,Sample,GovLocal,9/26/2019,,,,,8,ft2,,,,,,09BLA0716_19,,N,,Y,,Solid/Sediment,Freshwater Taxonomy,,SURBER,,,,,,53.33,Number of Individual Organisms,,12/18/2019,,,4,Count,,,,,,,,,,,ID-COUNT-LEVEL2,,09BLA0716_19,,"Rhithron Associates Inc, Missoula MT",,Chamaedrilus,68510,,unknown,,,,
Warning,Ambient Monitoring,09BLA0716,09BLA0716,Sample,GovLocal,9/26/2019,,,,,8,ft2,,,,,,09BLA0716_19,,N,,Y,,Solid/Sediment,Freshwater Taxonomy,,SURBER,,,,,,53.33,Number of Individual Organisms,,12/18/2019,,,2,Count,,,,,,,,,,,ID-COUNT-LEVEL2,,09BLA0716_19,,"Rhithron Associates Inc, Missoula MT",,Tvetenia bavarica Group,129197,,Larva,,,,
Warning,Ambient Monitoring,09BLA0716,09BLA0716,Sample,GovLocal,9/26/2019,,,,,8,ft2,,,,,,09BLA0716_19,,N,,Y,,Solid/Sediment,Freshwater Taxonomy,,SURBER,,,,,,53.33,Number of Individual Organisms,,12/18/2019,,,206,Count,,,,,,,,,,,ID-COUNT-LEVEL2,,09BLA0716_19,,"Rhithron Associates Inc, Missoula MT",,Baetis tricaudatus complex,100817,,Larva,,,,
Warning,Ambient Monitoring,09BLA0716,09BLA0716,Sample,GovLocal,8/9/2018,,,,,8,ft2,,,,,,09BLA0716_18,,N,,Y,,Solid/Sediment,Freshwater Taxonomy,,SURBER,,,,,,33.33,Number of Individual Organisms,,10/4/2018,,,5,Count,,,,,,,,,,,ID-COUNT-LEVEL2,,09BLA0716_18,,"Rhithron Associates Inc, Missoula MT",,Chamaedrilus,68510,,unknown,,,,
Warning,Ambient Monitoring,09BLA0716,09BLA0716,Sample,GovLocal,8/9/2018,,,,,8,ft2,,,,,,09BLA0716_18,,N,,Y,,Solid/Sediment,Freshwater Taxonomy,,SURBER,,,,,,33.33,Number of Individual Organisms,,10/4/2018,,,1,Count,,,,,,,,,,,ID-COUNT-LEVEL2,,09BLA0716_18,,"Rhithron Associates Inc, Missoula MT",,Empididae Genus B,0,,Larva,,,,
Warning,Ambient Monitoring,09BLA0716,09BLA0716,Sample,GovLocal,8/9/2018,,,,,8,ft2,,,,,,09BLA0716_18,,N,,Y,,Solid/Sediment,Freshwater Taxonomy,,SURBER,,,,,,33.33,Number of Individual Organisms,,10/4/2018,,,8,Count,,,,,,,,,,,ID-COUNT-LEVEL2,,09BLA0716_18,,"Rhithron Associates Inc, Missoula MT",,Thienemannimyia Group,128078,,Larva,,,,
Warning,Ambient Monitoring,09BLA0756,09BLA0756,Sample,GovLocal,9/20/2021,,,,,8,ft2,,,,,,09BLA0756_21,,N,,Y,,Solid/Sediment,Freshwater Taxonomy,,SURBER,,,,,,60,Number of Individual Organisms,,12/17/2021,,,110,Count,,,,,,,,,,,ID-COUNT-LEVEL2,,09BLA0756_21,,"Rhithron Associates Inc, Missoula MT",,Baetis tricaudatus complex,100817,,Larva,,,,
Warning,Ambient Monitoring,09BLA0756,09BLA0756,Sample,GovLocal,8/29/2018,,,,,8,ft2,,,,,,09BLA0756_18,,N,,Y,,Solid/Sediment,Freshwater Taxonomy,,SURBER,,,,,,90,Number of Individual Organisms,,10/8/2018,,,21,Count,,,,,,,,,,,ID-COUNT-LEVEL2,,09BLA0756_18,,"Rhithron Associates Inc, Missoula MT",,Chamaedrilus,68510,,unknown,,,,
Warning,Ambient Monitoring,09BLA0756,09BLA0756,Sample,GovLocal,8/29/2018,,,,,8,ft2,,,,,,09BLA0756_18,,N,,Y,,Solid/Sediment,Freshwater Taxonomy,,SURBER,,,,,,90,Number of Individual Organisms,,10/8/2018,,,1,Count,,,,,,,,,,,ID-COUNT-LEVEL2,,09BLA0756_18,,"Rhithron Associates Inc, Missoula MT",,Empididae Genus B,0,,Larva,,,,
Warning,Ambient Monitoring,09BLA0756,09BLA0756,Sample,GovLocal,8/29/2018,,,,,8,ft2,,,,,,09BLA0756_18,,N,,Y,,Solid/Sediment,Freshwater Taxonomy,,SURBER,,,,,,90,Number of Individual Organisms,,10/8/2018,,,1,Count,,,,,,,,,,,ID-COUNT-LEVEL2,,09BLA0756_18,,"Rhithron Associates Inc, Missoula MT",,Tvetenia bavarica Group,129197,,Larva,,,,
Warning,Ambient Monitoring,09BLA0756,09BLA0756,Sample,GovLocal,8/29/2018,,,,,8,ft2,,,,,,09BLA0756_18,,N,,Y,,Solid/Sediment,Freshwater Taxonomy,,SURBER,,,,,,90,Number of Individual Organisms,,10/8/2018,,,1,Count,,,,,,,,,,,ID-COUNT-LEVEL2,,09BLA0756_18,,"Rhithron Associates Inc, Missoula MT",,Thienemannimyia Group,128078,,Larva,,,,
Warning,Ambient Monitoring,09BLA0756,09BLA0756,Sample,GovLocal,8/29/2018,,,,,8,ft2,,,,,,09BLA0756_18,,N,,Y,,Solid/Sediment,Freshwater Taxonomy,,SURBER,,,,,,90,Number of Individual Organisms,,10/8/2018,,,161,Count,,,,,,,,,,,ID-COUNT-LEVEL2,,09BLA0756_18,,"Rhithron Associates Inc, Missoula MT",,Baetis tricaudatus complex,100817,,Larva,,,,
Warning,Ambient Monitoring,09BLA0756,09BLA0756,Sample,GovLocal,8/23/2017,,,,,8,ft2,,,,,,09BLA0756_17,,N,,Y,,Solid/Sediment,Freshwater Taxonomy,,SURBER,,,,,,80,Number of Individual Organisms,,3/16/2018,,,18,Count,,,,,,,,,,,ID-COUNT-LEVEL2,,09BLA0756_17,,"Rhithron Associates Inc, Missoula MT",,Chamaedrilus,68510,,unknown,,,,
Warning,Ambient Monitoring,09BLA0756,09BLA0756,Sample,GovLocal,8/23/2017,,,,,8,ft2,,,,,,09BLA0756_17,,N,,Y,,Solid/Sediment,Freshwater Taxonomy,,SURBER,,,,,,80,Number of Individual Organisms,,3/16/2018,,,2,Count,,,,,,,,,,,ID-COUNT-LEVEL2,,09BLA0756_17,,"Rhithron Associates Inc, Missoula MT",,Empididae Genus B,0,,Larva,,,,
Warning,Ambient Monitoring,09BLA0756,09BLA0756,Sample,GovLocal,8/23/2017,,,,,8,ft2,,,,,,09BLA0756_17,,N,,Y,,Solid/Sediment,Freshwater Taxonomy,,SURBER,,,,,,80,Number of Individual Organisms,,3/16/2018,,,2,Count,,,,,,,,,,,ID-COUNT-LEVEL2,,09BLA0756_17,,"Rhithron Associates Inc, Missoula MT",,Tvetenia bavarica Group,129197,,Larva,,,,
Warning,Ambient Monitoring,09BLA0756,09BLA0756,Sample,GovLocal,8/23/2017,,,,,8,ft2,,,,,,09BLA0756_17,,N,,Y,,Solid/Sediment,Freshwater Taxonomy,,SURBER,,,,,,80,Number of Individual Organisms,,3/16/2018,,,1,Count,,,,,,,,,,,ID-COUNT-LEVEL2,,09BLA0756_17,,"Rhithron Associates Inc, Missoula MT",,Thienemannimyia Group,128078,,Larva,,,,
Warning,Ambient Monitoring,09BLA0756,09BLA0756,Sample,GovLocal,8/23/2017,,,,,8,ft2,,,,,,09BLA0756_17,,N,,Y,,Solid/Sediment,Freshwater Taxonomy,,SURBER,,,,,,80,Number of Individual Organisms,,3/16/2018,,,183,Count,,,,,,,,,,,ID-COUNT-LEVEL2,,09BLA0756_17,,"Rhithron Associates Inc, Missoula MT",,Baetis tricaudatus complex,100817,,Larva,,,,
Warning,Ambient Monitoring,09BLA0771,09BLA0771,Sample,GovLocal,8/11/2020,,,,,8,ft2,,,,,,09BLA0771_20,,N,,Y,,Solid/Sediment,Freshwater Taxonomy,,SURBER,,,,,,53.33,Number of Individual Organisms,,4/30/2021,,,1,Count,,,,,,,,,,,ID-COUNT-LEVEL2,,09BLA0771_20,,"Rhithron Associates Inc, Missoula MT",,Tvetenia bavarica Group,129197,,Larva,,,,
Warning,Ambient Monitoring,09BLA0771,09BLA0771,Sample,GovLocal,8/11/2020,,,,,8,ft2,,,,,,09BLA0771_20,,N,,Y,,Solid/Sediment,Freshwater Taxonomy,,SURBER,,,,,,53.33,Number of Individual Organisms,,4/30/2021,,,14,Count,,,,,,,,,,,ID-COUNT-LEVEL2,,09BLA0771_20,,"Rhithron Associates Inc, Missoula MT",,Thienemannimyia Group,128078,,Larva,,,,
Warning,Ambient Monitoring,09BLA0771,09BLA0771,Sample,GovLocal,8/11/2020,,,,,8,ft2,,,,,,09BLA0771_20,,N,,Y,,Solid/Sediment,Freshwater Taxonomy,,SURBER,,,,,,53.33,Number of Individual Organisms,,4/30/2021,,,4,Count,,,,,,,,,,,ID-COUNT-LEVEL2,,09BLA0771_20,,"Rhithron Associates Inc, Missoula MT",,Rhyacophila betteni Group,115097,,Larva,,,,
Warning,Ambient Monitoring,09BLA0771,09BLA0771,Sample,GovLocal,8/11/2020,,,,,8,ft2,,,,,,09BLA0771_20,,N,,Y,,Solid/Sediment,Freshwater Taxonomy,,SURBER,,,,,,53.33,Number of Individual Organisms,,4/30/2021,,,73,Count,,,,,,,,,,,ID-COUNT-LEVEL2,,09BLA0771_20,,"Rhithron Associates Inc, Missoula MT",,Baetis tricaudatus complex,100817,,Larva,,,,
Warning,Ambient Monitoring,09BLA0771,09BLA0771,Sample,GovLocal,9/19/2019,,,,,8,ft2,,,,,,09BLA0771_19,,N,,Y,,Solid/Sediment,Freshwater Taxonomy,,SURBER,,,,,,60,Number of Individual Organisms,,2/7/2020,,,5,Count,,,,,,,,,,,ID-COUNT-LEVEL2,,09BLA0771_19,,"Rhithron Associates Inc, Missoula MT",,Chamaedrilus,68510,,unknown,,,,
Warning,Ambient Monitoring,09BLA0771,09BLA0771,Sample,GovLocal,9/19/2019,,,,,8,ft2,,,,,,09BLA0771_19,,N,,Y,,Solid/Sediment,Freshwater Taxonomy,,SURBER,,,,,,60,Number of Individual Organisms,,2/7/2020,,,1,Count,,,,,,,,,,,ID-COUNT-LEVEL2,,09BLA0771_19,,"Rhithron Associates Inc, Missoula MT",,Orthocladiinae Genus 5 (Coffman and Ferrington),128457,,Larva,,,,
Warning,Ambient Monitoring,09BLA0771,09BLA0771,Sample,GovLocal,9/19/2019,,,,,8,ft2,,,,,,09BLA0771_19,,N,,Y,,Solid/Sediment,Freshwater Taxonomy,,SURBER,,,,,,60,Number of Individual Organisms,,2/7/2020,,,5,Count,,,,,,,,,,,ID-COUNT-LEVEL2,,09BLA0771_19,,"Rhithron Associates Inc, Missoula MT",,Rhyacophila betteni Group,115097,,Larva,,,,
Warning,Ambient Monitoring,09BLA0771,09BLA0771,Sample,GovLocal,9/19/2019,,,,,8,ft2,,,,,,09BLA0771_19,,N,,Y,,Solid/Sediment,Freshwater Taxonomy,,SURBER,,,,,,60,Number of Individual Organisms,,2/7/2020,,,22,Count,,,,,,,,,,,ID-COUNT-LEVEL2,,09BLA0771_19,,"Rhithron Associates Inc, Missoula MT",,Neoleptophlebia,101095,,Larva,,,,
Warning,Ambient Monitoring,09BLA0771,09BLA0771,Sample,GovLocal,9/19/2019,,,,,8,ft2,,,,,,09BLA0771_19,,N,,Y,,Solid/Sediment,Freshwater Taxonomy,,SURBER,,,,,,60,Number of Individual Organisms,,2/7/2020,,,97,Count,,,,,,,,,,,ID-COUNT-LEVEL2,,09BLA0771_19,,"Rhithron Associates Inc, Missoula MT",,Baetis tricaudatus complex,100817,,Larva,,,,
Warning,Ambient Monitoring,09BLA0771,09BLA0771,Sample,GovLocal,7/30/2018,,,,,8,ft2,,,,,,09BLA0771_18,,N,,Y,,Solid/Sediment,Freshwater Taxonomy,,SURBER,,,,,,30,Number of Individual Organisms,,10/4/2018,,,1,Count,,,,,,,,,,,ID-COUNT-LEVEL2,,09BLA0771_18,,"Rhithron Associates Inc, Missoula MT",,Chamaedrilus,68510,,unknown,,,,
Warning,Ambient Monitoring,09BLA0771,09BLA0771,Sample,GovLocal,7/30/2018,,,,,8,ft2,,,,,,09BLA0771_18,,N,,Y,,Solid/Sediment,Freshwater Taxonomy,,SURBER,,,,,,30,Number of Individual Organisms,,10/4/2018,,,2,Count,,,,,,,,,,,ID-COUNT-LEVEL2,,09BLA0771_18,,"Rhithron Associates Inc, Missoula MT",,Tvetenia bavarica Group,129197,,Larva,,,,
Warning,Ambient Monitoring,09BLA0771,09BLA0771,Sample,GovLocal,7/30/2018,,,,,8,ft2,,,,,,09BLA0771_18,,N,,Y,,Solid/Sediment,Freshwater Taxonomy,,SURBER,,,,,,30,Number of Individual Organisms,,10/4/2018,,,1,Count,,,,,,,,,,,ID-COUNT-LEVEL2,,09BLA0771_18,,"Rhithron Associates Inc, Missoula MT",,Rhyacophila betteni Group,115097,,Larva,,,,
Warning,Ambient Monitoring,09BLA0771,09BLA0771,Sample,GovLocal,7/30/2018,,,,,8,ft2,,,,,,09BLA0771_18,,N,,Y,,Solid/Sediment,Freshwater Taxonomy,,SURBER,,,,,,30,Number of Individual Organisms,,10/4/2018,,,28,Count,,,,,,,,,,,ID-COUNT-LEVEL2,,09BLA0771_18,,"Rhithron Associates Inc, Missoula MT",,Baetis tricaudatus complex,100817,,Larva,,,,
Warning,Ambient Monitoring,09BLA0772,09BLA0772,Sample,GovLocal,8/9/2022,,,,,8,ft2,,,,,,09BLA0772_22,,N,,Y,,Solid/Sediment,Freshwater Taxonomy,,SURBER,,,,,,23.33,Number of Individual Organisms,,5/19/2023,,,1,Count,,,,,,,,,,,ID-COUNT-LEVEL2,,09BLA0772_22,,"Rhithron Associates Inc, Missoula MT",,Naidinae,68509,,unknown,,,,
Warning,Ambient Monitoring,09BLA0772,09BLA0772,Sample,GovLocal,8/9/2022,,,,,8,ft2,,,,,,09BLA0772_22,,N,,Y,,Solid/Sediment,Freshwater Taxonomy,,SURBER,,,,,,23.33,Number of Individual Organisms,,5/19/2023,,,3,Count,,,,,,,,,,,ID-COUNT-LEVEL2,,09BLA0772_22,,"Rhithron Associates Inc, Missoula MT",,Tvetenia bavarica Group,129197,,Larva,,,,
Warning,Ambient Monitoring,09BLA0772,09BLA0772,Sample,GovLocal,8/9/2022,,,,,8,ft2,,,,,,09BLA0772_22,,N,,Y,,Solid/Sediment,Freshwater Taxonomy,,SURBER,,,,,,23.33,Number of Individual Organisms,,5/19/2023,,,3,Count,,,,,,,,,,,ID-COUNT-LEVEL2,,09BLA0772_22,,"Rhithron Associates Inc, Missoula MT",,Thienemannimyia Group,128078,,Larva,,,,
Warning,Ambient Monitoring,09BLA0772,09BLA0772,Sample,GovLocal,8/9/2022,,,,,8,ft2,,,,,,09BLA0772_22,,N,,Y,,Solid/Sediment,Freshwater Taxonomy,,SURBER,,,,,,23.33,Number of Individual Organisms,,5/19/2023,,,1,Count,,,,,,,,,,,ID-COUNT-LEVEL2,,09BLA0772_22,,"Rhithron Associates Inc, Missoula MT",,Rhyacophila betteni Group,115097,,Larva,,,,
Warning,Ambient Monitoring,09BLA0772,09BLA0772,Sample,GovLocal,8/9/2022,,,,,8,ft2,,,,,,09BLA0772_22,,N,,Y,,Solid/Sediment,Freshwater Taxonomy,,SURBER,,,,,,23.33,Number of Individual Organisms,,5/19/2023,,,53,Count,,,,,,,,,,,ID-COUNT-LEVEL2,,09BLA0772_22,,"Rhithron Associates Inc, Missoula MT",,Baetis tricaudatus complex,100817,,Larva,,,,
Warning,Ambient Monitoring,09BLA0772,09BLA0772,Sample,GovLocal,8/9/2022,,,,,8,ft2,,,,,,09BLA0772_22_R,,Y,,Y,,Solid/Sediment,Freshwater Taxonomy,,SURBER,,,,,,23.33,Number of Individual Organisms,,5/19/2023,,,2,Count,,,,,,,,,,,ID-COUNT-LEVEL2,,09BLA0772_22_R,,"Rhithron Associates Inc, Missoula MT",,Tvetenia bavarica Group,129197,,Larva,,,,
Warning,Ambient Monitoring,09BLA0772,09BLA0772,Sample,GovLocal,8/9/2022,,,,,8,ft2,,,,,,09BLA0772_22_R,,Y,,Y,,Solid/Sediment,Freshwater Taxonomy,,SURBER,,,,,,23.33,Number of Individual Organisms,,5/19/2023,,,6,Count,,,,,,,,,,,ID-COUNT-LEVEL2,,09BLA0772_22_R,,"Rhithron Associates Inc, Missoula MT",,Thienemannimyia Group,128078,,Larva,,,,
Warning,Ambient Monitoring,09BLA0772,09BLA0772,Sample,GovLocal,8/9/2022,,,,,8,ft2,,,,,,09BLA0772_22_R,,Y,,Y,,Solid/Sediment,Freshwater Taxonomy,,SURBER,,,,,,23.33,Number of Individual Organisms,,5/19/2023,,,67,Count,,,,,,,,,,,ID-COUNT-LEVEL2,,09BLA0772_22_R,,"Rhithron Associates Inc, Missoula MT",,Baetis tricaudatus complex,100817,,Larva,,,,
Warning,Ambient Monitoring,09BLA0772,09BLA0772,Sample,GovLocal,8/7/2023,,,,,8,ft2,,,,,,09BLA0772_23,,N,,Y,,Solid/Sediment,Freshwater Taxonomy,,SURBER,,,,,,26.67,Number of Individual Organisms,,4/18/2024,,,8,Count,,,,,,,,,,,ID-COUNT-LEVEL2,,09BLA0772_23,,"Rhithron Associates Inc, Missoula MT",,Thienemannimyia Group,128078,,Larva,,,,
Warning,Ambient Monitoring,09BLA0772,09BLA0772,Sample,GovLocal,8/7/2023,,,,,8,ft2,,,,,,09BLA0772_23,,N,,Y,,Solid/Sediment,Freshwater Taxonomy,,SURBER,,,,,,26.67,Number of Individual Organisms,,4/18/2024,,,1,Count,,,,,,,,,,,ID-COUNT-LEVEL2,,09BLA0772_23,,"Rhithron Associates Inc, Missoula MT",,Rhyacophila betteni Group,115097,,Larva,,,,
Warning,Ambient Monitoring,09BLA0772,09BLA0772,Sample,GovLocal,8/7/2023,,,,,8,ft2,,,,,,09BLA0772_23,,N,,Y,,Solid/Sediment,Freshwater Taxonomy,,SURBER,,,,,,26.67,Number of Individual Organisms,,4/18/2024,,,79,Count,,,,,,,,,,,ID-COUNT-LEVEL2,,09BLA0772_23,,"Rhithron Associates Inc, Missoula MT",,Baetis tricaudatus complex,100817,,Larva,,,,
Warning,Ambient Monitoring,09BLA0772,09BLA0772,Sample,GovLocal,8/7/2024,,,,,8,ft2,,,,,,09BLA0772_24,,N,,Y,,Solid/Sediment,Freshwater Taxonomy,,SURBER,,,,,,6.67,Number of Individual Organisms,,2/5/2025,,,3,Count,,,,,,,,,,,ID-COUNT-LEVEL2,,09BLA0772_24,,"Rhithron Associates Inc, Missoula MT",,Tvetenia bavarica Group,129197,,Larva,,,,
Warning,Ambient Monitoring,09BLA0772,09BLA0772,Sample,GovLocal,8/7/2024,,,,,8,ft2,,,,,,09BLA0772_24,,N,,Y,,Solid/Sediment,Freshwater Taxonomy,,SURBER,,,,,,6.67,Number of Individual Organisms,,2/5/2025,,,1,Count,,,,,,,,,,,ID-COUNT-LEVEL2,,09BLA0772_24,,"Rhithron Associates Inc, Missoula MT",,Thienemannimyia Group,128078,,Larva,,,,
Warning,Ambient Monitoring,09BLA0772,09BLA0772,Sample,GovLocal,8/7/2024,,,,,8,ft2,,,,,,09BLA0772_24,,N,,Y,,Solid/Sediment,Freshwater Taxonomy,,SURBER,,,,,,6.67,Number of Individual Organisms,,2/5/2025,,,46,Count,,,,,,,,,,,ID-COUNT-LEVEL2,,09BLA0772_24,,"Rhithron Associates Inc, Missoula MT",,Baetis tricaudatus complex,100817,,Larva,,,,
Warning,Ambient Monitoring,09BLA0768,09BLA0768,Sample,GovLocal,9/21/2022,,,,,8,ft2,,,,,,09BLA0768_22,,N,,Y,,Solid/Sediment,Freshwater Taxonomy,,SURBER,,,,,,30,Number of Individual Organisms,,2/1/2023,,,4,Count,,,,,,,,,,,ID-COUNT-LEVEL2,,09BLA0768_22,,"Rhithron Associates Inc, Missoula MT",,Tvetenia bavarica Group,129197,,Larva,,,,
Warning,Ambient Monitoring,09BLA0768,09BLA0768,Sample,GovLocal,9/21/2022,,,,,8,ft2,,,,,,09BLA0768_22,,N,,Y,,Solid/Sediment,Freshwater Taxonomy,,SURBER,,,,,,30,Number of Individual Organisms,,2/1/2023,,,11,Count,,,,,,,,,,,ID-COUNT-LEVEL2,,09BLA0768_22,,"Rhithron Associates Inc, Missoula MT",,Zapada oregonensis Group,102591,,Larva,,,,
Warning,Ambient Monitoring,09BLA0768,09BLA0768,Sample,GovLocal,9/21/2022,,,,,8,ft2,,,,,,09BLA0768_22,,N,,Y,,Solid/Sediment,Freshwater Taxonomy,,SURBER,,,,,,30,Number of Individual Organisms,,2/1/2023,,,2,Count,,,,,,,,,,,ID-COUNT-LEVEL2,,09BLA0768_22,,"Rhithron Associates Inc, Missoula MT",,Rhyacophila betteni Group,115097,,Larva,,,,
Warning,Ambient Monitoring,09BLA0768,09BLA0768,Sample,GovLocal,9/21/2022,,,,,8,ft2,,,,,,09BLA0768_22,,N,,Y,,Solid/Sediment,Freshwater Taxonomy,,SURBER,,,,,,30,Number of Individual Organisms,,2/1/2023,,,1,Count,,,,,,,,,,,ID-COUNT-LEVEL2,,09BLA0768_22,,"Rhithron Associates Inc, Missoula MT",,Rhyacophila brunnea/vemna Group,115097,,Larva,,,,
Warning,Ambient Monitoring,09BLA0768,09BLA0768,Sample,GovLocal,9/21/2022,,,,,8,ft2,,,,,,09BLA0768_22,,N,,Y,,Solid/Sediment,Freshwater Taxonomy,,SURBER,,,,,,30,Number of Individual Organisms,,2/1/2023,,,3,Count,,,,,,,,,,,ID-COUNT-LEVEL2,,09BLA0768_22,,"Rhithron Associates Inc, Missoula MT",,Ephemerella excrucians Group,101276,,Larva,,,,
Warning,Ambient Monitoring,09BLA0768,09BLA0768,Sample,GovLocal,9/21/2022,,,,,8,ft2,,,,,,09BLA0768_22,,N,,Y,,Solid/Sediment,Freshwater Taxonomy,,SURBER,,,,,,30,Number of Individual Organisms,,2/1/2023,,,140,Count,,,,,,,,,,,ID-COUNT-LEVEL2,,09BLA0768_22,,"Rhithron Associates Inc, Missoula MT",,Baetis tricaudatus complex,100817,,Larva,,,,
Warning,Ambient Monitoring,09BLA0768,09BLA0768,Sample,GovLocal,9/21/2022,,,,,8,ft2,,,,,,09BLA0768_22_R,,Y,,Y,,Solid/Sediment,Freshwater Taxonomy,,SURBER,,,,,,36.67,Number of Individual Organisms,,2/1/2023,,,2,Count,,,,,,,,,,,ID-COUNT-LEVEL2,,09BLA0768_22_R,,"Rhithron Associates Inc, Missoula MT",,Chamaedrilus,68510,,unknown,,,,
Warning,Ambient Monitoring,09BLA0768,09BLA0768,Sample,GovLocal,9/21/2022,,,,,8,ft2,,,,,,09BLA0768_22_R,,Y,,Y,,Solid/Sediment,Freshwater Taxonomy,,SURBER,,,,,,36.67,Number of Individual Organisms,,2/1/2023,,,9,Count,,,,,,,,,,,ID-COUNT-LEVEL2,,09BLA0768_22_R,,"Rhithron Associates Inc, Missoula MT",,Tvetenia bavarica Group,129197,,Larva,,,,
Warning,Ambient Monitoring,09BLA0768,09BLA0768,Sample,GovLocal,9/21/2022,,,,,8,ft2,,,,,,09BLA0768_22_R,,Y,,Y,,Solid/Sediment,Freshwater Taxonomy,,SURBER,,,,,,36.67,Number of Individual Organisms,,2/1/2023,,,13,Count,,,,,,,,,,,ID-COUNT-LEVEL2,,09BLA0768_22_R,,"Rhithron Associates Inc, Missoula MT",,Zapada oregonensis Group,102591,,Larva,,,,
Warning,Ambient Monitoring,09BLA0768,09BLA0768,Sample,GovLocal,9/21/2022,,,,,8,ft2,,,,,,09BLA0768_22_R,,Y,,Y,,Solid/Sediment,Freshwater Taxonomy,,SURBER,,,,,,36.67,Number of Individual Organisms,,2/1/2023,,,4,Count,,,,,,,,,,,ID-COUNT-LEVEL2,,09BLA0768_22_R,,"Rhithron Associates Inc, Missoula MT",,Rhyacophila betteni Group,115097,,Larva,,,,
Warning,Ambient Monitoring,09BLA0768,09BLA0768,Sample,GovLocal,9/21/2022,,,,,8,ft2,,,,,,09BLA0768_22_R,,Y,,Y,,Solid/Sediment,Freshwater Taxonomy,,SURBER,,,,,,36.67,Number of Individual Organisms,,2/1/2023,,,3,Count,,,,,,,,,,,ID-COUNT-LEVEL2,,09BLA0768_22_R,,"Rhithron Associates Inc, Missoula MT",,Rhyacophila brunnea/vemna Group,115097,,Larva,,,,
Warning,Ambient Monitoring,09BLA0768,09BLA0768,Sample,GovLocal,9/21/2022,,,,,8,ft2,,,,,,09BLA0768_22_R,,Y,,Y,,Solid/Sediment,Freshwater Taxonomy,,SURBER,,,,,,36.67,Number of Individual Organisms,,2/1/2023,,,96,Count,,,,,,,,,,,ID-COUNT-LEVEL2,,09BLA0768_22_R,,"Rhithron Associates Inc, Missoula MT",,Baetis tricaudatus complex,100817,,Larva,,,,
Warning,Ambient Monitoring,09BLA0768,09BLA0768,Sample,GovLocal,10/7/2021,,,,,8,ft2,,,,,,09BLA0768_21,,N,,Y,,Solid/Sediment,Freshwater Taxonomy,,SURBER,,,,,,16.67,Number of Individual Organisms,,12/17/2021,,,9,Count,,,,,,,,,,,ID-COUNT-LEVEL2,,09BLA0768_21,,"Rhithron Associates Inc, Missoula MT",,Chamaedrilus,68510,,unknown,,,,
Warning,Ambient Monitoring,09BLA0768,09BLA0768,Sample,GovLocal,7/26/2017,,,,,8,ft2,,,,,,09BLA0768_17_R,,Y,,Y,,Solid/Sediment,Freshwater Taxonomy,,SURBER,,,,,,50,Number of Individual Organisms,,3/16/2018,,,32,Count,,,,,,,,,,,ID-COUNT-LEVEL2,,09BLA0768_17_R,,"Rhithron Associates Inc, Missoula MT",,Tvetenia bavarica Group,129197,,Larva,,,,
Warning,Ambient Monitoring,09BLA0768,09BLA0768,Sample,GovLocal,7/26/2017,,,,,8,ft2,,,,,,09BLA0768_17_R,,Y,,Y,,Solid/Sediment,Freshwater Taxonomy,,SURBER,,,,,,50,Number of Individual Organisms,,3/16/2018,,,2,Count,,,,,,,,,,,ID-COUNT-LEVEL2,,09BLA0768_17_R,,"Rhithron Associates Inc, Missoula MT",,Rhyacophila betteni Group,115097,,Larva,,,,
Warning,Ambient Monitoring,09BLA0768,09BLA0768,Sample,GovLocal,7/26/2017,,,,,8,ft2,,,,,,09BLA0768_17_R,,Y,,Y,,Solid/Sediment,Freshwater Taxonomy,,SURBER,,,,,,50,Number of Individual Organisms,,3/16/2018,,,4,Count,,,,,,,,,,,ID-COUNT-LEVEL2,,09BLA0768_17_R,,"Rhithron Associates Inc, Missoula MT",,Rhyacophila brunnea/vemna Group,115097,,Larva,,,,
Warning,Ambient Monitoring,09BLA0768,09BLA0768,Sample,GovLocal,7/26/2017,,,,,8,ft2,,,,,,09BLA0768_17_R,,Y,,Y,,Solid/Sediment,Freshwater Taxonomy,,SURBER,,,,,,50,Number of Individual Organisms,,3/16/2018,,,164,Count,,,,,,,,,,,ID-COUNT-LEVEL2,,09BLA0768_17_R,,"Rhithron Associates Inc, Missoula MT",,Baetis tricaudatus complex,100817,,Larva,,,,
Warning,Ambient Monitoring,09BLA0768,09BLA0768,Sample,GovLocal,7/26/2017,,,,,8,ft2,,,,,,09BLA0768_17_R,,Y,,Y,,Solid/Sediment,Freshwater Taxonomy,,SURBER,,,,,,50,Number of Individual Organisms,,3/16/2018,,,1,Count,,,,,,,,,,,ID-COUNT-LEVEL2,,09BLA0768_17_R,,"Rhithron Associates Inc, Missoula MT",,Truncatelloidea,69459,,unknown,,,,
Warning,Ambient Monitoring,09BLA0768,09BLA0768,Sample,GovLocal,8/31/2016,,,,,8,ft2,,,,,,09BLA0768_16,,N,,Y,,Solid/Sediment,Freshwater Taxonomy,,SURBER,,,,,,36.67,Number of Individual Organisms,,4/4/2017,,,8,Count,,,,,,,,,,,ID-COUNT-LEVEL2,,09BLA0768_16,,"Rhithron Associates Inc, Missoula MT",,Tvetenia bavarica Group,129197,,Larva,,,,
Warning,Ambient Monitoring,09BLA0768,09BLA0768,Sample,GovLocal,8/31/2016,,,,,8,ft2,,,,,,09BLA0768_16,,N,,Y,,Solid/Sediment,Freshwater Taxonomy,,SURBER,,,,,,36.67,Number of Individual Organisms,,4/4/2017,,,28,Count,,,,,,,,,,,ID-COUNT-LEVEL2,,09BLA0768_16,,"Rhithron Associates Inc, Missoula MT",,Zapada oregonensis Group,102591,,Larva,,,,
Warning,Ambient Monitoring,09BLA0768,09BLA0768,Sample,GovLocal,8/31/2016,,,,,8,ft2,,,,,,09BLA0768_16,,N,,Y,,Solid/Sediment,Freshwater Taxonomy,,SURBER,,,,,,36.67,Number of Individual Organisms,,4/4/2017,,,4,Count,,,,,,,,,,,ID-COUNT-LEVEL2,,09BLA0768_16,,"Rhithron Associates Inc, Missoula MT",,Rhyacophila betteni Group,115097,,Larva,,,,
Warning,Ambient Monitoring,09BLA0768,09BLA0768,Sample,GovLocal,8/31/2016,,,,,8,ft2,,,,,,09BLA0768_16,,N,,Y,,Solid/Sediment,Freshwater Taxonomy,,SURBER,,,,,,36.67,Number of Individual Organisms,,4/4/2017,,,2,Count,,,,,,,,,,,ID-COUNT-LEVEL2,,09BLA0768_16,,"Rhithron Associates Inc, Missoula MT",,Rhyacophila brunnea/vemna Group,115097,,Larva,,,,
Warning,Ambient Monitoring,09BLA0768,09BLA0768,Sample,GovLocal,8/31/2016,,,,,8,ft2,,,,,,09BLA0768_16,,N,,Y,,Solid/Sediment,Freshwater Taxonomy,,SURBER,,,,,,36.67,Number of Individual Organisms,,4/4/2017,,,159,Count,,,,,,,,,,,ID-COUNT-LEVEL2,,09BLA0768_16,,"Rhithron Associates Inc, Missoula MT",,Baetis tricaudatus complex,100817,,Larva,,,,
Warning,Ambient Monitoring,09BLA0817,09BLA0817,Sample,GovLocal,8/18/2015,,,,,8,ft2,,,,,,09BLA0817_15,,N,,Y,,Solid/Sediment,Freshwater Taxonomy,,SURBER,,,,,,20,Number of Individual Organisms,,4/22/2016,,,3,Count,,,,,,,,,,,ID-COUNT-LEVEL2,,09BLA0817_15,,"Rhithron Associates Inc, Missoula MT",,Tvetenia bavarica Group,129197,,Larva,,,,
Warning,Ambient Monitoring,09BLA0817,09BLA0817,Sample,GovLocal,8/18/2015,,,,,8,ft2,,,,,,09BLA0817_15,,N,,Y,,Solid/Sediment,Freshwater Taxonomy,,SURBER,,,,,,20,Number of Individual Organisms,,4/22/2016,,,36,Count,,,,,,,,,,,ID-COUNT-LEVEL2,,09BLA0817_15,,"Rhithron Associates Inc, Missoula MT",,Baetis tricaudatus complex,100817,,Larva,,,,
Warning,Ambient Monitoring,09DEE2208,09DEE2208,Sample,GovLocal,9/3/2024,,,,,8,ft2,,,,,,09DEE2208_24,,N,,Y,,Solid/Sediment,Freshwater Taxonomy,,SURBER,,,,,,10,Number of Individual Organisms,,4/14/2025,,,24,Count,,,,,,,,,,,ID-COUNT-LEVEL2,,09DEE2208_24,,"Rhithron Associates Inc, Missoula MT",,Tvetenia bavarica Group,129197,,Larva,,,,
Warning,Ambient Monitoring,09DEE2208,09DEE2208,Sample,GovLocal,9/3/2024,,,,,8,ft2,,,,,,09DEE2208_24,,N,,Y,,Solid/Sediment,Freshwater Taxonomy,,SURBER,,,,,,10,Number of Individual Organisms,,4/14/2025,,,1,Count,,,,,,,,,,,ID-COUNT-LEVEL2,,09DEE2208_24,,"Rhithron Associates Inc, Missoula MT",,Thienemannimyia Group,128078,,Larva,,,,
Warning,Ambient Monitoring,09DEE2208,09DEE2208,Sample,GovLocal,9/3/2024,,,,,8,ft2,,,,,,09DEE2208_24,,N,,Y,,Solid/Sediment,Freshwater Taxonomy,,SURBER,,,,,,10,Number of Individual Organisms,,4/14/2025,,,6,Count,,,,,,,,,,,ID-COUNT-LEVEL2,,09DEE2208_24,,"Rhithron Associates Inc, Missoula MT",,Pericomaini,125391,,Larva,,,,
Warning,Ambient Monitoring,09DEE2208,09DEE2208,Sample,GovLocal,9/3/2024,,,,,8,ft2,,,,,,09DEE2208_24,,N,,Y,,Solid/Sediment,Freshwater Taxonomy,,SURBER,,,,,,10,Number of Individual Organisms,,4/14/2025,,,1,Count,,,,,,,,,,,ID-COUNT-LEVEL2,,09DEE2208_24,,"Rhithron Associates Inc, Missoula MT",,Rhyacophila betteni Group,115097,,Larva,,,,
Warning,Ambient Monitoring,09DEE2208,09DEE2208,Sample,GovLocal,9/3/2024,,,,,8,ft2,,,,,,09DEE2208_24,,N,,Y,,Solid/Sediment,Freshwater Taxonomy,,SURBER,,,,,,10,Number of Individual Organisms,,4/14/2025,,,1,Count,,,,,,,,,,,ID-COUNT-LEVEL2,,09DEE2208_24,,"Rhithron Associates Inc, Missoula MT",,Rhyacophila brunnea/vemna Group,115097,,Larva,,,,
Warning,Ambient Monitoring,09DEE2208,09DEE2208,Sample,GovLocal,9/3/2024,,,,,8,ft2,,,,,,09DEE2208_24,,N,,Y,,Solid/Sediment,Freshwater Taxonomy,,SURBER,,,,,,10,Number of Individual Organisms,,4/14/2025,,,3,Count,,,,,,,,,,,ID-COUNT-LEVEL2,,09DEE2208_24,,"Rhithron Associates Inc, Missoula MT",,Ephemerella excrucians Group,101276,,Larva,,,,
Warning,Ambient Monitoring,09DEE2208,09DEE2208,Sample,GovLocal,9/3/2024,,,,,8,ft2,,,,,,09DEE2208_24,,N,,Y,,Solid/Sediment,Freshwater Taxonomy,,SURBER,,,,,,10,Number of Individual Organisms,,4/14/2025,,,90,Count,,,,,,,,,,,ID-COUNT-LEVEL2,,09DEE2208_24,,"Rhithron Associates Inc, Missoula MT",,Baetis tricaudatus complex,100817,,Larva,,,,
Warning,Ambient Monitoring,09DEE2208,09DEE2208,Sample,GovLocal,9/13/2023,,,,,8,ft2,,,,,,09DEE2208_23,,N,,Y,,Solid/Sediment,Freshwater Taxonomy,,SURBER,,,,,,10,Number of Individual Organisms,,4/16/2024,,,1,Count,,,,,,,,,,,ID-COUNT-LEVEL2,,09DEE2208_23,,"Rhithron Associates Inc, Missoula MT",,Potthastia gaedii Group,128408,,Larva,,,,
Warning,Ambient Monitoring,09DEE2208,09DEE2208,Sample,GovLocal,8/28/2019,,,,,8,ft2,,,,,,09DEE2208_19,,N,,Y,,Solid/Sediment,Freshwater Taxonomy,,SURBER,,,,,,16.67,Number of Individual Organisms,,11/4/2019,,,3,Count,,,,,,,,,,,ID-COUNT-LEVEL2,,09DEE2208_19,,"Utah State University, National Aquatic Monitoring Center, Logan UT",,Tvetenia bavarica Group,129197,,Larva,,,,
Warning,Ambient Monitoring,09DEE2208,09DEE2208,Sample,GovLocal,8/28/2019,,,,,8,ft2,,,,,,09DEE2208_19,,N,,Y,,Solid/Sediment,Freshwater Taxonomy,,SURBER,,,,,,16.67,Number of Individual Organisms,,11/4/2019,,,81,Count,,,,,,,,,,,ID-COUNT-LEVEL2,,09DEE2208_19,,"Utah State University, National Aquatic Monitoring Center, Logan UT",,Pericomaini,125391,,Larva,,,,
Warning,Ambient Monitoring,09DEE2208,09DEE2208,Sample,GovLocal,8/28/2019,,,,,8,ft2,,,,,,09DEE2208_19,,N,,Y,,Solid/Sediment,Freshwater Taxonomy,,SURBER,,,,,,16.67,Number of Individual Organisms,,11/4/2019,,,8,Count,,,,,,,,,,,ID-COUNT-LEVEL2,,09DEE2208_19,,"Utah State University, National Aquatic Monitoring Center, Logan UT",,Suwalliini,609854,,Larva,,,,
Warning,Ambient Monitoring,09DEE2208,09DEE2208,Sample,GovLocal,8/28/2019,,,,,8,ft2,,,,,,09DEE2208_19,,N,,Y,,Solid/Sediment,Freshwater Taxonomy,,SURBER,,,,,,16.67,Number of Individual Organisms,,11/4/2019,,,2,Count,,,,,,,,,,,ID-COUNT-LEVEL2,,09DEE2208_19,,"Utah State University, National Aquatic Monitoring Center, Logan UT",,Rhyacophila betteni Group,115097,,Larva,,,,
Warning,Ambient Monitoring,09DEE2208,09DEE2208,Sample,GovLocal,8/28/2019,,,,,8,ft2,,,,,,09DEE2208_19,,N,,Y,,Solid/Sediment,Freshwater Taxonomy,,SURBER,,,,,,16.67,Number of Individual Organisms,,11/4/2019,,,1,Count,,,,,,,,,,,ID-COUNT-LEVEL2,,09DEE2208_19,,"Utah State University, National Aquatic Monitoring Center, Logan UT",,Rhyacophila brunnea/vemna Group,115097,,Larva,,,,
Warning,Ambient Monitoring,09DEE2208,09DEE2208,Sample,GovLocal,8/28/2019,,,,,8,ft2,,,,,,09DEE2208_19,,N,,Y,,Solid/Sediment,Freshwater Taxonomy,,SURBER,,,,,,16.67,Number of Individual Organisms,,11/4/2019,,,5,Count,,,,,,,,,,,ID-COUNT-LEVEL2,,09DEE2208_19,,"Utah State University, National Aquatic Monitoring Center, Logan UT",,Ephemerella excrucians Group,101276,,Larva,,,,
Warning,Ambient Monitoring,09DEE2208,09DEE2208,Sample,GovLocal,8/28/2019,,,,,8,ft2,,,,,,09DEE2208_19,,N,,Y,,Solid/Sediment,Freshwater Taxonomy,,SURBER,,,,,,16.67,Number of Individual Organisms,,11/4/2019,,,19,Count,,,,,,,,,,,ID-COUNT-LEVEL2,,09DEE2208_19,,"Utah State University, National Aquatic Monitoring Center, Logan UT",,Baetis tricaudatus complex,100817,,Larva,,,,
Warning,Ambient Monitoring,09DEE2208,09DEE2208,Sample,GovLocal,9/6/2018,,,,,8,ft2,,,,,,09DEE2208_18,,N,,Y,,Solid/Sediment,Freshwater Taxonomy,,SURBER,,,,,,16.67,Number of Individual Organisms,,10/8/2018,,,2,Count,,,,,,,,,,,ID-COUNT-LEVEL2,,09DEE2208_18,,"Rhithron Associates Inc, Missoula MT",,Potthastia gaedii Group,128408,,Larva,,,,
Warning,Ambient Monitoring,09DEE2208,09DEE2208,Sample,GovLocal,9/6/2018,,,,,8,ft2,,,,,,09DEE2208_18,,N,,Y,,Solid/Sediment,Freshwater Taxonomy,,SURBER,,,,,,16.67,Number of Individual Organisms,,10/8/2018,,,15,Count,,,,,,,,,,,ID-COUNT-LEVEL2,,09DEE2208_18,,"Rhithron Associates Inc, Missoula MT",,Tvetenia bavarica Group,129197,,Larva,,,,
Warning,Ambient Monitoring,09DEE2208,09DEE2208,Sample,GovLocal,9/6/2018,,,,,8,ft2,,,,,,09DEE2208_18,,N,,Y,,Solid/Sediment,Freshwater Taxonomy,,SURBER,,,,,,16.67,Number of Individual Organisms,,10/8/2018,,,1,Count,,,,,,,,,,,ID-COUNT-LEVEL2,,09DEE2208_18,,"Rhithron Associates Inc, Missoula MT",,Thienemannimyia Group,128078,,Larva,,,,
Warning,Ambient Monitoring,09DEE2208,09DEE2208,Sample,GovLocal,9/6/2018,,,,,8,ft2,,,,,,09DEE2208_18,,N,,Y,,Solid/Sediment,Freshwater Taxonomy,,SURBER,,,,,,16.67,Number of Individual Organisms,,10/8/2018,,,7,Count,,,,,,,,,,,ID-COUNT-LEVEL2,,09DEE2208_18,,"Rhithron Associates Inc, Missoula MT",,Suwalliini,609854,,Larva,,,,
Warning,Ambient Monitoring,09DEE2208,09DEE2208,Sample,GovLocal,9/6/2018,,,,,8,ft2,,,,,,09DEE2208_18,,N,,Y,,Solid/Sediment,Freshwater Taxonomy,,SURBER,,,,,,16.67,Number of Individual Organisms,,10/8/2018,,,1,Count,,,,,,,,,,,ID-COUNT-LEVEL2,,09DEE2208_18,,"Rhithron Associates Inc, Missoula MT",,Rhyacophila betteni Group,115097,,Larva,,,,
Warning,Ambient Monitoring,09DEE2208,09DEE2208,Sample,GovLocal,9/6/2018,,,,,8,ft2,,,,,,09DEE2208_18,,N,,Y,,Solid/Sediment,Freshwater Taxonomy,,SURBER,,,,,,16.67,Number of Individual Organisms,,10/8/2018,,,27,Count,,,,,,,,,,,ID-COUNT-LEVEL2,,09DEE2208_18,,"Rhithron Associates Inc, Missoula MT",,Baetis tricaudatus complex,100817,,Larva,,,,
Warning,Ambient Monitoring,09DEE2294,09DEE2294,Sample,GovLocal,9/12/2024,,,,,8,ft2,,,,,,09DEE2294_24,,N,,Y,,Solid/Sediment,Freshwater Taxonomy,,SURBER,,,,,,5,Number of Individual Organisms,,4/14/2025,,,15,Count,,,,,,,,,,,ID-COUNT-LEVEL2,,09DEE2294_24,,"Rhithron Associates Inc, Missoula MT",,Tvetenia bavarica Group,129197,,Larva,,,,
Warning,Ambient Monitoring,09DEE2294,09DEE2294,Sample,GovLocal,9/12/2024,,,,,8,ft2,,,,,,09DEE2294_24,,N,,Y,,Solid/Sediment,Freshwater Taxonomy,,SURBER,,,,,,5,Number of Individual Organisms,,4/14/2025,,,8,Count,,,,,,,,,,,ID-COUNT-LEVEL2,,09DEE2294_24,,"Rhithron Associates Inc, Missoula MT",,Pericomaini,125391,,Larva,,,,
Warning,Ambient Monitoring,09DEE2294,09DEE2294,Sample,GovLocal,9/12/2024,,,,,8,ft2,,,,,,09DEE2294_24,,N,,Y,,Solid/Sediment,Freshwater Taxonomy,,SURBER,,,,,,5,Number of Individual Organisms,,4/14/2025,,,1,Count,,,,,,,,,,,ID-COUNT-LEVEL2,,09DEE2294_24,,"Rhithron Associates Inc, Missoula MT",,Kogotus/Rickera,609866,,Larva,,,,
Warning,Ambient Monitoring,09DEE2294,09DEE2294,Sample,GovLocal,9/12/2024,,,,,8,ft2,,,,,,09DEE2294_24,,N,,Y,,Solid/Sediment,Freshwater Taxonomy,,SURBER,,,,,,5,Number of Individual Organisms,,4/14/2025,,,5,Count,,,,,,,,,,,ID-COUNT-LEVEL2,,09DEE2294_24,,"Rhithron Associates Inc, Missoula MT",,Rhyacophila brunnea/vemna Group,115097,,Larva,,,,
Warning,Ambient Monitoring,09DEE2294,09DEE2294,Sample,GovLocal,9/12/2024,,,,,8,ft2,,,,,,09DEE2294_24,,N,,Y,,Solid/Sediment,Freshwater Taxonomy,,SURBER,,,,,,5,Number of Individual Organisms,,4/14/2025,,,61,Count,,,,,,,,,,,ID-COUNT-LEVEL2,,09DEE2294_24,,"Rhithron Associates Inc, Missoula MT",,Baetis tricaudatus complex,100817,,Larva,,,,
Warning,Ambient Monitoring,09DEE2294,09DEE2294,Sample,GovLocal,10/5/2023,,,,,8,ft2,,,,,,09DEE2294_23,,N,,Y,,Solid/Sediment,Freshwater Taxonomy,,SURBER,,,,,,23.33,Number of Individual Organisms,,4/16/2024,,,2,Count,,,,,,,,,,,ID-COUNT-LEVEL2,,09DEE2294_23,,"Rhithron Associates Inc, Missoula MT",,Tvetenia bavarica Group,129197,,Larva,,,,
Warning,Ambient Monitoring,09DEE2294,09DEE2294,Sample,GovLocal,10/5/2023,,,,,8,ft2,,,,,,09DEE2294_23,,N,,Y,,Solid/Sediment,Freshwater Taxonomy,,SURBER,,,,,,23.33,Number of Individual Organisms,,4/16/2024,,,7,Count,,,,,,,,,,,ID-COUNT-LEVEL2,,09DEE2294_23,,"Rhithron Associates Inc, Missoula MT",,Pericomaini,125391,,Larva,,,,
Warning,Ambient Monitoring,09DEE2294,09DEE2294,Sample,GovLocal,10/5/2023,,,,,8,ft2,,,,,,09DEE2294_23,,N,,Y,,Solid/Sediment,Freshwater Taxonomy,,SURBER,,,,,,23.33,Number of Individual Organisms,,4/16/2024,,,1,Count,,,,,,,,,,,ID-COUNT-LEVEL2,,09DEE2294_23,,"Rhithron Associates Inc, Missoula MT",,Zapada oregonensis Group,102591,,Larva,,,,
Warning,Ambient Monitoring,09DEE2294,09DEE2294,Sample,GovLocal,10/5/2023,,,,,8,ft2,,,,,,09DEE2294_23,,N,,Y,,Solid/Sediment,Freshwater Taxonomy,,SURBER,,,,,,23.33,Number of Individual Organisms,,4/16/2024,,,3,Count,,,,,,,,,,,ID-COUNT-LEVEL2,,09DEE2294_23,,"Rhithron Associates Inc, Missoula MT",,Rhyacophila betteni Group,115097,,Larva,,,,
Warning,Ambient Monitoring,09DEE2294,09DEE2294,Sample,GovLocal,10/5/2023,,,,,8,ft2,,,,,,09DEE2294_23,,N,,Y,,Solid/Sediment,Freshwater Taxonomy,,SURBER,,,,,,23.33,Number of Individual Organisms,,4/16/2024,,,3,Count,,,,,,,,,,,ID-COUNT-LEVEL2,,09DEE2294_23,,"Rhithron Associates Inc, Missoula MT",,Rhyacophila brunnea/vemna Group,115097,,Larva,,,,
Warning,Ambient Monitoring,09DEE2294,09DEE2294,Sample,GovLocal,10/5/2023,,,,,8,ft2,,,,,,09DEE2294_23,,N,,Y,,Solid/Sediment,Freshwater Taxonomy,,SURBER,,,,,,23.33,Number of Individual Organisms,,4/16/2024,,,1,Count,,,,,,,,,,,ID-COUNT-LEVEL2,,09DEE2294_23,,"Rhithron Associates Inc, Missoula MT",,Neoleptophlebia,101095,,Larva,,,,
Warning,Ambient Monitoring,09DEE2294,09DEE2294,Sample,GovLocal,10/5/2023,,,,,8,ft2,,,,,,09DEE2294_23,,N,,Y,,Solid/Sediment,Freshwater Taxonomy,,SURBER,,,,,,23.33,Number of Individual Organisms,,4/16/2024,,,66,Count,,,,,,,,,,,ID-COUNT-LEVEL2,,09DEE2294_23,,"Rhithron Associates Inc, Missoula MT",,Ephemerella excrucians Group,101276,,Larva,,,,
Warning,Ambient Monitoring,09DEE2294,09DEE2294,Sample,GovLocal,10/5/2023,,,,,8,ft2,,,,,,09DEE2294_23,,N,,Y,,Solid/Sediment,Freshwater Taxonomy,,SURBER,,,,,,23.33,Number of Individual Organisms,,4/16/2024,,,14,Count,,,,,,,,,,,ID-COUNT-LEVEL2,,09DEE2294_23,,"Rhithron Associates Inc, Missoula MT",,Baetis tricaudatus complex,100817,,Larva,,,,
Warning,Ambient Monitoring,09DEE2294,09DEE2294,Sample,GovLocal,9/30/2019,,,,,8,ft2,,,,,,09DEE2294_19,,N,,Y,,Solid/Sediment,Freshwater Taxonomy,,SURBER,,,,,,13.33,Number of Individual Organisms,,12/18/2019,,,41,Count,,,,,,,,,,,ID-COUNT-LEVEL2,,09DEE2294_19,,"Rhithron Associates Inc, Missoula MT",,Ephemerella excrucians Group,101276,,Larva,,,,
Warning,Ambient Monitoring,09DEE2294,09DEE2294,Sample,GovLocal,9/30/2019,,,,,8,ft2,,,,,,09DEE2294_19,,N,,Y,,Solid/Sediment,Freshwater Taxonomy,,SURBER,,,,,,13.33,Number of Individual Organisms,,12/18/2019,,,30,Count,,,,,,,,,,,ID-COUNT-LEVEL2,,09DEE2294_19,,"Rhithron Associates Inc, Missoula MT",,Baetis tricaudatus complex,100817,,Larva,,,,
Warning,Ambient Monitoring,09DEE2294,09DEE2294,Sample,GovLocal,9/30/2019,,,,,8,ft2,,,,,,09DEE2294_19_R,,Y,,Y,,Solid/Sediment,Freshwater Taxonomy,,SURBER,,,,,,16.67,Number of Individual Organisms,,12/18/2019,,,2,Count,,,,,,,,,,,ID-COUNT-LEVEL2,,09DEE2294_19_R,,"Rhithron Associates Inc, Missoula MT",,Chamaedrilus,68510,,unknown,,,,
Warning,Ambient Monitoring,09DEE2294,09DEE2294,Sample,GovLocal,9/30/2019,,,,,8,ft2,,,,,,09DEE2294_19_R,,Y,,Y,,Solid/Sediment,Freshwater Taxonomy,,SURBER,,,,,,16.67,Number of Individual Organisms,,12/18/2019,,,3,Count,,,,,,,,,,,ID-COUNT-LEVEL2,,09DEE2294_19_R,,"Rhithron Associates Inc, Missoula MT",,Monatractides,83249,,Adult,,,,
Warning,Ambient Monitoring,09DEE2294,09DEE2294,Sample,GovLocal,9/30/2019,,,,,8,ft2,,,,,,09DEE2294_19_R,,Y,,Y,,Solid/Sediment,Freshwater Taxonomy,,SURBER,,,,,,16.67,Number of Individual Organisms,,12/18/2019,,,1,Count,,,,,,,,,,,ID-COUNT-LEVEL2,,09DEE2294_19_R,,"Rhithron Associates Inc, Missoula MT",,Tvetenia bavarica Group,129197,,Larva,,,,
Warning,Ambient Monitoring,09DEE2294,09DEE2294,Sample,GovLocal,9/30/2019,,,,,8,ft2,,,,,,09DEE2294_19_R,,Y,,Y,,Solid/Sediment,Freshwater Taxonomy,,SURBER,,,,,,16.67,Number of Individual Organisms,,12/18/2019,,,1,Count,,,,,,,,,,,ID-COUNT-LEVEL2,,09DEE2294_19_R,,"Rhithron Associates Inc, Missoula MT",,Thienemannimyia Group,128078,,Larva,,,,
Warning,Ambient Monitoring,09DEE2294,09DEE2294,Sample,GovLocal,9/30/2019,,,,,8,ft2,,,,,,09DEE2294_19_R,,Y,,Y,,Solid/Sediment,Freshwater Taxonomy,,SURBER,,,,,,16.67,Number of Individual Organisms,,12/18/2019,,,89,Count,,,,,,,,,,,ID-COUNT-LEVEL2,,09DEE2294_19_R,,"Rhithron Associates Inc, Missoula MT",,Pericomaini,125391,,Larva,,,,
Warning,Ambient Monitoring,09DEE2294,09DEE2294,Sample,GovLocal,9/30/2019,,,,,8,ft2,,,,,,09DEE2294_19_R,,Y,,Y,,Solid/Sediment,Freshwater Taxonomy,,SURBER,,,,,,16.67,Number of Individual Organisms,,12/18/2019,,,2,Count,,,,,,,,,,,ID-COUNT-LEVEL2,,09DEE2294_19_R,,"Rhithron Associates Inc, Missoula MT",,Rhyacophila betteni Group,115097,,Larva,,,,
Warning,Ambient Monitoring,09DEE2294,09DEE2294,Sample,GovLocal,9/30/2019,,,,,8,ft2,,,,,,09DEE2294_19_R,,Y,,Y,,Solid/Sediment,Freshwater Taxonomy,,SURBER,,,,,,16.67,Number of Individual Organisms,,12/18/2019,,,1,Count,,,,,,,,,,,ID-COUNT-LEVEL2,,09DEE2294_19_R,,"Rhithron Associates Inc, Missoula MT",,Rhyacophila brunnea/vemna Group,115097,,Larva,,,,
Warning,Ambient Monitoring,09DEE2294,09DEE2294,Sample,GovLocal,9/30/2019,,,,,8,ft2,,,,,,09DEE2294_19_R,,Y,,Y,,Solid/Sediment,Freshwater Taxonomy,,SURBER,,,,,,16.67,Number of Individual Organisms,,12/18/2019,,,37,Count,,,,,,,,,,,ID-COUNT-LEVEL2,,09DEE2294_19_R,,"Rhithron Associates Inc, Missoula MT",,Ephemerella excrucians Group,101276,,Larva,,,,
Warning,Ambient Monitoring,09DEE2294,09DEE2294,Sample,GovLocal,9/30/2019,,,,,8,ft2,,,,,,09DEE2294_19_R,,Y,,Y,,Solid/Sediment,Freshwater Taxonomy,,SURBER,,,,,,16.67,Number of Individual Organisms,,12/18/2019,,,33,Count,,,,,,,,,,,ID-COUNT-LEVEL2,,09DEE2294_19_R,,"Rhithron Associates Inc, Missoula MT",,Baetis tricaudatus complex,100817,,Larva,,,,
Warning,Ambient Monitoring,09DEE2294,09DEE2294,Sample,GovLocal,8/16/2017,,,,,8,ft2,,,,,,09DEE2294_17,,N,,Y,,Solid/Sediment,Freshwater Taxonomy,,SURBER,,,,,,23.33,Number of Individual Organisms,,3/16/2018,,,1,Count,,,,,,,,,,,ID-COUNT-LEVEL2,,09DEE2294_17,,"Rhithron Associates Inc, Missoula MT",,Chamaedrilus,68510,,unknown,,,,
Warning,Ambient Monitoring,09DEE2294,09DEE2294,Sample,GovLocal,8/16/2017,,,,,8,ft2,,,,,,09DEE2294_17,,N,,Y,,Solid/Sediment,Freshwater Taxonomy,,SURBER,,,,,,23.33,Number of Individual Organisms,,3/16/2018,,,1,Count,,,,,,,,,,,ID-COUNT-LEVEL2,,09DEE2294_17,,"Rhithron Associates Inc, Missoula MT",,Potthastia gaedii Group,128408,,Larva,,,,
Warning,Ambient Monitoring,09COV1165,09COV1165,Sample,GovLocal,8/17/2023,,,,,8,ft2,,,,,,09COV1165_23,,N,,Y,,Solid/Sediment,Freshwater Taxonomy,,SURBER,,,,,,16.67,Number of Individual Organisms,,4/18/2024,,,1,Count,,,,,,,,,,,ID-COUNT-LEVEL2,,09COV1165_23,,"Rhithron Associates Inc, Missoula MT",,Zapada oregonensis Group,102591,,Larva,,,,
Warning,Ambient Monitoring,09COV1165,09COV1165,Sample,GovLocal,8/17/2023,,,,,8,ft2,,,,,,09COV1165_23,,N,,Y,,Solid/Sediment,Freshwater Taxonomy,,SURBER,,,,,,16.67,Number of Individual Organisms,,4/18/2024,,,2,Count,,,,,,,,,,,ID-COUNT-LEVEL2,,09COV1165_23,,"Rhithron Associates Inc, Missoula MT",,Rhyacophila betteni Group,115097,,Larva,,,,
Warning,Ambient Monitoring,09COV1165,09COV1165,Sample,GovLocal,8/17/2023,,,,,8,ft2,,,,,,09COV1165_23,,N,,Y,,Solid/Sediment,Freshwater Taxonomy,,SURBER,,,,,,16.67,Number of Individual Organisms,,4/18/2024,,,15,Count,,,,,,,,,,,ID-COUNT-LEVEL2,,09COV1165_23,,"Rhithron Associates Inc, Missoula MT",,Rhyacophila brunnea/vemna Group,115097,,Larva,,,,
Warning,Ambient Monitoring,09COV1165,09COV1165,Sample,GovLocal,8/17/2023,,,,,8,ft2,,,,,,09COV1165_23,,N,,Y,,Solid/Sediment,Freshwater Taxonomy,,SURBER,,,,,,16.67,Number of Individual Organisms,,4/18/2024,,,1,Count,,,,,,,,,,,ID-COUNT-LEVEL2,,09COV1165_23,,"Rhithron Associates Inc, Missoula MT",,Paraleptophlebia bicornuta Group,101206,,Larva,,,,
Warning,Ambient Monitoring,09COV1165,09COV1165,Sample,GovLocal,8/17/2023,,,,,8,ft2,,,,,,09COV1165_23,,N,,Y,,Solid/Sediment,Freshwater Taxonomy,,SURBER,,,,,,16.67,Number of Individual Organisms,,4/18/2024,,,1,Count,,,,,,,,,,,ID-COUNT-LEVEL2,,09COV1165_23,,"Rhithron Associates Inc, Missoula MT",,Ephemerella excrucians Group,101276,,Larva,,,,
Warning,Ambient Monitoring,09COV1165,09COV1165,Sample,GovLocal,8/17/2023,,,,,8,ft2,,,,,,09COV1165_23,,N,,Y,,Solid/Sediment,Freshwater Taxonomy,,SURBER,,,,,,16.67,Number of Individual Organisms,,4/18/2024,,,64,Count,,,,,,,,,,,ID-COUNT-LEVEL2,,09COV1165_23,,"Rhithron Associates Inc, Missoula MT",,Baetis tricaudatus complex,100817,,Larva,,,,
Warning,Ambient Monitoring,09COV1165,09COV1165,Sample,GovLocal,8/9/2022,,,,,8,ft2,,,,,,09COV1165_22,,N,,Y,,Solid/Sediment,Freshwater Taxonomy,,SURBER,,,,,,23.33,Number of Individual Organisms,,5/19/2023,,,2,Count,,,,,,,,,,,ID-COUNT-LEVEL2,,09COV1165_22,,"Rhithron Associates Inc, Missoula MT",,Tvetenia bavarica Group,129197,,Larva,,,,
Warning,Ambient Monitoring,09COV1165,09COV1165,Sample,GovLocal,8/9/2022,,,,,8,ft2,,,,,,09COV1165_22,,N,,Y,,Solid/Sediment,Freshwater Taxonomy,,SURBER,,,,,,23.33,Number of Individual Organisms,,5/19/2023,,,4,Count,,,,,,,,,,,ID-COUNT-LEVEL2,,09COV1165_22,,"Rhithron Associates Inc, Missoula MT",,Thienemannimyia Group,128078,,Larva,,,,
Warning,Ambient Monitoring,09COV1165,09COV1165,Sample,GovLocal,8/9/2022,,,,,8,ft2,,,,,,09COV1165_22,,N,,Y,,Solid/Sediment,Freshwater Taxonomy,,SURBER,,,,,,23.33,Number of Individual Organisms,,5/19/2023,,,1,Count,,,,,,,,,,,ID-COUNT-LEVEL2,,09COV1165_22,,"Rhithron Associates Inc, Missoula MT",,Pericomaini,125391,,Larva,,,,
Warning,Ambient Monitoring,09COV1165,09COV1165,Sample,GovLocal,8/9/2022,,,,,8,ft2,,,,,,09COV1165_22,,N,,Y,,Solid/Sediment,Freshwater Taxonomy,,SURBER,,,,,,23.33,Number of Individual Organisms,,5/19/2023,,,3,Count,,,,,,,,,,,ID-COUNT-LEVEL2,,09COV1165_22,,"Rhithron Associates Inc, Missoula MT",,Rhyacophila brunnea/vemna Group,115097,,Larva,,,,
Warning,Ambient Monitoring,09COV1165,09COV1165,Sample,GovLocal,8/9/2022,,,,,8,ft2,,,,,,09COV1165_22,,N,,Y,,Solid/Sediment,Freshwater Taxonomy,,SURBER,,,,,,23.33,Number of Individual Organisms,,5/19/2023,,,37,Count,,,,,,,,,,,ID-COUNT-LEVEL2,,09COV1165_22,,"Rhithron Associates Inc, Missoula MT",,Baetis tricaudatus complex,100817,,Larva,,,,
Warning,Ambient Monitoring,09COV1165,09COV1165,Sample,GovLocal,8/9/2022,,,,,8,ft2,,,,,,09COV1165_22_R,,Y,,Y,,Solid/Sediment,Freshwater Taxonomy,,SURBER,,,,,,76.67,Number of Individual Organisms,,5/19/2023,,,3,Count,,,,,,,,,,,ID-COUNT-LEVEL2,,09COV1165_22_R,,"Rhithron Associates Inc, Missoula MT",,Thienemannimyia Group,128078,,Larva,,,,
Warning,Ambient Monitoring,09COV1165,09COV1165,Sample,GovLocal,8/3/2017,,,,,8,ft2,,,,,,09COV1165_17,,N,,Y,,Solid/Sediment,Freshwater Taxonomy,,SURBER,,,,,,23.33,Number of Individual Organisms,,3/16/2018,,,2,Count,,,,,,,,,,,ID-COUNT-LEVEL2,,09COV1165_17,,"Rhithron Associates Inc, Missoula MT",,Tvetenia bavarica Group,129197,,Larva,,,,
Warning,Ambient Monitoring,09COV1165,09COV1165,Sample,GovLocal,8/3/2017,,,,,8,ft2,,,,,,09COV1165_17,,N,,Y,,Solid/Sediment,Freshwater Taxonomy,,SURBER,,,,,,23.33,Number of Individual Organisms,,3/16/2018,,,1,Count,,,,,,,,,,,ID-COUNT-LEVEL2,,09COV1165_17,,"Rhithron Associates Inc, Missoula MT",,Thienemannimyia Group,128078,,Larva,,,,
Warning,Ambient Monitoring,09COV1165,09COV1165,Sample,GovLocal,8/3/2017,,,,,8,ft2,,,,,,09COV1165_17,,N,,Y,,Solid/Sediment,Freshwater Taxonomy,,SURBER,,,,,,23.33,Number of Individual Organisms,,3/16/2018,,,1,Count,,,,,,,,,,,ID-COUNT-LEVEL2,,09COV1165_17,,"Rhithron Associates Inc, Missoula MT",,Rhyacophila angelita Group,115097,,Larva,,,,
Warning,Ambient Monitoring,09COV1165,09COV1165,Sample,GovLocal,8/3/2017,,,,,8,ft2,,,,,,09COV1165_17,,N,,Y,,Solid/Sediment,Freshwater Taxonomy,,SURBER,,,,,,23.33,Number of Individual Organisms,,3/16/2018,,,3,Count,,,,,,,,,,,ID-COUNT-LEVEL2,,09COV1165_17,,"Rhithron Associates Inc, Missoula MT",,Rhyacophila brunnea/vemna Group,115097,,Larva,,,,
Warning,Ambient Monitoring,09COV1165,09COV1165,Sample,GovLocal,8/3/2017,,,,,8,ft2,,,,,,09COV1165_17,,N,,Y,,Solid/Sediment,Freshwater Taxonomy,,SURBER,,,,,,23.33,Number of Individual Organisms,,3/16/2018,,,18,Count,,,,,,,,,,,ID-COUNT-LEVEL2,,09COV1165_17,,"Rhithron Associates Inc, Missoula MT",,Baetis tricaudatus complex,100817,,Larva,,,,
Warning,Ambient Monitoring,09COV1165,09COV1165,Sample,GovLocal,8/16/2016,,,,,8,ft2,,,,,,09COV1165_16,,N,,Y,,Solid/Sediment,Freshwater Taxonomy,,SURBER,,,,,,16.67,Number of Individual Organisms,,11/21/2016,,,4,Count,,,,,,,,,,,ID-COUNT-LEVEL2,,09COV1165_16,,"Rhithron Associates Inc, Missoula MT",,Thienemannimyia Group,128078,,Larva,,,,
Warning,Ambient Monitoring,09COV1165,09COV1165,Sample,GovLocal,8/16/2016,,,,,8,ft2,,,,,,09COV1165_16,,N,,Y,,Solid/Sediment,Freshwater Taxonomy,,SURBER,,,,,,16.67,Number of Individual Organisms,,11/21/2016,,,1,Count,,,,,,,,,,,ID-COUNT-LEVEL2,,09COV1165_16,,"Rhithron Associates Inc, Missoula MT",,Rhyacophila betteni Group,115097,,Larva,,,,
Warning,Ambient Monitoring,09COV1165,09COV1165,Sample,GovLocal,8/16/2016,,,,,8,ft2,,,,,,09COV1165_16,,N,,Y,,Solid/Sediment,Freshwater Taxonomy,,SURBER,,,,,,16.67,Number of Individual Organisms,,11/21/2016,,,92,Count,,,,,,,,,,,ID-COUNT-LEVEL2,,09COV1165_16,,"Rhithron Associates Inc, Missoula MT",,Baetis tricaudatus complex,100817,,Larva,,,,
Warning,Ambient Monitoring,09COV1418,09COV1418,Sample,GovLocal,10/5/2021,,,,,8,ft2,,,,,,09COV1418_21,,N,,Y,,Solid/Sediment,Freshwater Taxonomy,,SURBER,,,,,,6.67,Number of Individual Organisms,,12/17/2021,,,20,Count,,,,,,,,,,,ID-COUNT-LEVEL2,,09COV1418_21,,"Rhithron Associates Inc, Missoula MT",,Thienemannimyia Group,128078,,Larva,,,,
Warning,Ambient Monitoring,09COV1418,09COV1418,Sample,GovLocal,10/5/2021,,,,,8,ft2,,,,,,09COV1418_21,,N,,Y,,Solid/Sediment,Freshwater Taxonomy,,SURBER,,,,,,6.67,Number of Individual Organisms,,12/17/2021,,,3,Count,,,,,,,,,,,ID-COUNT-LEVEL2,,09COV1418_21,,"Rhithron Associates Inc, Missoula MT",,Zapada oregonensis Group,102591,,Larva,,,,
Warning,Ambient Monitoring,09COV1418,09COV1418,Sample,GovLocal,10/5/2021,,,,,8,ft2,,,,,,09COV1418_21,,N,,Y,,Solid/Sediment,Freshwater Taxonomy,,SURBER,,,,,,6.67,Number of Individual Organisms,,12/17/2021,,,1,Count,,,,,,,,,,,ID-COUNT-LEVEL2,,09COV1418_21,,"Rhithron Associates Inc, Missoula MT",,Rhyacophila brunnea/vemna Group,115097,,Larva,,,,
Warning,Ambient Monitoring,09COV1418,09COV1418,Sample,GovLocal,10/5/2021,,,,,8,ft2,,,,,,09COV1418_21,,N,,Y,,Solid/Sediment,Freshwater Taxonomy,,SURBER,,,,,,6.67,Number of Individual Organisms,,12/17/2021,,,57,Count,,,,,,,,,,,ID-COUNT-LEVEL2,,09COV1418_21,,"Rhithron Associates Inc, Missoula MT",,Ephemerella excrucians Group,101276,,Larva,,,,
Warning,Ambient Monitoring,09COV1418,09COV1418,Sample,GovLocal,10/5/2021,,,,,8,ft2,,,,,,09COV1418_21,,N,,Y,,Solid/Sediment,Freshwater Taxonomy,,SURBER,,,,,,6.67,Number of Individual Organisms,,12/17/2021,,,2,Count,,,,,,,,,,,ID-COUNT-LEVEL2,,09COV1418_21,,"Rhithron Associates Inc, Missoula MT",,Anafroptilum,100755,,Larva,,,,
Warning,Ambient Monitoring,09COV1418,09COV1418,Sample,GovLocal,10/5/2021,,,,,8,ft2,,,,,,09COV1418_21,,N,,Y,,Solid/Sediment,Freshwater Taxonomy,,SURBER,,,,,,6.67,Number of Individual Organisms,,12/17/2021,,,26,Count,,,,,,,,,,,ID-COUNT-LEVEL2,,09COV1418_21,,"Rhithron Associates Inc, Missoula MT",,Baetis tricaudatus complex,100817,,Larva,,,,
Warning,Ambient Monitoring,09COV1418,09COV1418,Sample,GovLocal,7/29/2020,,,,,8,ft2,,,,,,09COV1418_20,,N,,Y,,Solid/Sediment,Freshwater Taxonomy,,SURBER,,,,,,13.33,Number of Individual Organisms,,4/30/2021,,,7,Count,,,,,,,,,,,ID-COUNT-LEVEL2,,09COV1418_20,,"Rhithron Associates Inc, Missoula MT",,Tvetenia bavarica Group,129197,,Larva,,,,
Warning,Ambient Monitoring,09COV1418,09COV1418,Sample,GovLocal,7/29/2020,,,,,8,ft2,,,,,,09COV1418_20,,N,,Y,,Solid/Sediment,Freshwater Taxonomy,,SURBER,,,,,,13.33,Number of Individual Organisms,,4/30/2021,,,4,Count,,,,,,,,,,,ID-COUNT-LEVEL2,,09COV1418_20,,"Rhithron Associates Inc, Missoula MT",,Thienemannimyia Group,128078,,Larva,,,,
Warning,Ambient Monitoring,09COV1418,09COV1418,Sample,GovLocal,7/29/2020,,,,,8,ft2,,,,,,09COV1418_20,,N,,Y,,Solid/Sediment,Freshwater Taxonomy,,SURBER,,,,,,13.33,Number of Individual Organisms,,4/30/2021,,,3,Count,,,,,,,,,,,ID-COUNT-LEVEL2,,09COV1418_20,,"Rhithron Associates Inc, Missoula MT",,Rhyacophila betteni Group,115097,,Larva,,,,
Warning,Ambient Monitoring,09COV1418,09COV1418,Sample,GovLocal,7/29/2020,,,,,8,ft2,,,,,,09COV1418_20,,N,,Y,,Solid/Sediment,Freshwater Taxonomy,,SURBER,,,,,,13.33,Number of Individual Organisms,,4/30/2021,,,1,Count,,,,,,,,,,,ID-COUNT-LEVEL2,,09COV1418_20,,"Rhithron Associates Inc, Missoula MT",,Rhyacophila hyalinata Group,115097,,Larva,,,,
Warning,Ambient Monitoring,09COV1418,09COV1418,Sample,GovLocal,7/29/2020,,,,,8,ft2,,,,,,09COV1418_20,,N,,Y,,Solid/Sediment,Freshwater Taxonomy,,SURBER,,,,,,13.33,Number of Individual Organisms,,4/30/2021,,,2,Count,,,,,,,,,,,ID-COUNT-LEVEL2,,09COV1418_20,,"Rhithron Associates Inc, Missoula MT",,Paraleptophlebia bicornuta Group,101206,,Larva,,,,
Warning,Ambient Monitoring,09COV1418,09COV1418,Sample,GovLocal,7/29/2020,,,,,8,ft2,,,,,,09COV1418_20,,N,,Y,,Solid/Sediment,Freshwater Taxonomy,,SURBER,,,,,,13.33,Number of Individual Organisms,,4/30/2021,,,90,Count,,,,,,,,,,,ID-COUNT-LEVEL2,,09COV1418_20,,"Rhithron Associates Inc, Missoula MT",,Baetis tricaudatus complex,100817,,Larva,,,,
Warning,Ambient Monitoring,09COV1418,09COV1418,Sample,GovLocal,7/29/2020,,,,,8,ft2,,,,,,09COV1418_20,,N,,Y,,Solid/Sediment,Freshwater Taxonomy,,SURBER,,,,,,13.33,Number of Individual Organisms,,4/30/2021,,,1,Count,,,,,,,,,,,ID-COUNT-LEVEL2,,09COV1418_20,,"Rhithron Associates Inc, Missoula MT",,Afghanurus criddlei,100504,,Larva,,,,
Warning,Ambient Monitoring,09COV1418,09COV1418,Sample,GovLocal,9/28/2016,,,,,8,ft2,,,,,,09COV1418_16,,N,,Y,,Solid/Sediment,Freshwater Taxonomy,,SURBER,,,,,,3.33,Number of Individual Organisms,,4/4/2017,,,1,Count,,,,,,,,,,,ID-COUNT-LEVEL2,,09COV1418_16,,"Rhithron Associates Inc, Missoula MT",,Tvetenia bavarica Group,129197,,Larva,,,,
Warning,Ambient Monitoring,09COV1418,09COV1418,Sample,GovLocal,9/28/2016,,,,,8,ft2,,,,,,09COV1418_16,,N,,Y,,Solid/Sediment,Freshwater Taxonomy,,SURBER,,,,,,3.33,Number of Individual Organisms,,4/4/2017,,,1,Count,,,,,,,,,,,ID-COUNT-LEVEL2,,09COV1418_16,,"Rhithron Associates Inc, Missoula MT",,Thienemannimyia Group,128078,,Larva,,,,
Warning,Ambient Monitoring,09COV1418,09COV1418,Sample,GovLocal,9/28/2016,,,,,8,ft2,,,,,,09COV1418_16,,N,,Y,,Solid/Sediment,Freshwater Taxonomy,,SURBER,,,,,,3.33,Number of Individual Organisms,,4/4/2017,,,4,Count,,,,,,,,,,,ID-COUNT-LEVEL2,,09COV1418_16,,"Rhithron Associates Inc, Missoula MT",,Rhyacophila brunnea/vemna Group,115097,,Larva,,,,
Warning,Ambient Monitoring,09COV1418,09COV1418,Sample,GovLocal,9/28/2016,,,,,8,ft2,,,,,,09COV1418_16,,N,,Y,,Solid/Sediment,Freshwater Taxonomy,,SURBER,,,,,,3.33,Number of Individual Organisms,,4/4/2017,,,1,Count,,,,,,,,,,,ID-COUNT-LEVEL2,,09COV1418_16,,"Rhithron Associates Inc, Missoula MT",,Rhyacophila hyalinata Group,115097,,Larva,,,,
Warning,Ambient Monitoring,09COV1418,09COV1418,Sample,GovLocal,9/28/2016,,,,,8,ft2,,,,,,09COV1418_16,,N,,Y,,Solid/Sediment,Freshwater Taxonomy,,SURBER,,,,,,3.33,Number of Individual Organisms,,4/4/2017,,,44,Count,,,,,,,,,,,ID-COUNT-LEVEL2,,09COV1418_16,,"Rhithron Associates Inc, Missoula MT",,Baetis tricaudatus complex,100817,,Larva,,,,
Warning,Ambient Monitoring,09COV1418,09COV1418,Sample,GovLocal,8/27/2015,,,,,8,ft2,,,,,,09COV1418_15,,N,,Y,,Solid/Sediment,Freshwater Taxonomy,,SURBER,,,,,,10,Number of Individual Organisms,,4/22/2016,,,13,Count,,,,,,,,,,,ID-COUNT-LEVEL2,,09COV1418_15,,"Rhithron Associates Inc, Missoula MT",,Thienemannimyia Group,128078,,Larva,,,,
Warning,Ambient Monitoring,09COV1418,09COV1418,Sample,GovLocal,8/27/2015,,,,,8,ft2,,,,,,09COV1418_15,,N,,Y,,Solid/Sediment,Freshwater Taxonomy,,SURBER,,,,,,10,Number of Individual Organisms,,4/22/2016,,,24,Count,,,,,,,,,,,ID-COUNT-LEVEL2,,09COV1418_15,,"Rhithron Associates Inc, Missoula MT",,Baetis tricaudatus complex,100817,,Larva,,,,
Warning,Ambient Monitoring,09COV1418,09COV1418,Sample,GovLocal,8/27/2015,,,,,8,ft2,,,,,,09COV1418_15_R,,Y,,Y,,Solid/Sediment,Freshwater Taxonomy,,SURBER,,,,,,16.67,Number of Individual Organisms,,4/22/2016,,,2,Count,,,,,,,,,,,ID-COUNT-LEVEL2,,09COV1418_15_R,,"Rhithron Associates Inc, Missoula MT",,Thienemannimyia Group,128078,,Larva,,,,
Warning,Ambient Monitoring,09COV1756,09COV1756,Sample,GovLocal,10/4/2021,,,,,8,ft2,,,,,,09COV1756_21,,N,,Y,,Solid/Sediment,Freshwater Taxonomy,,SURBER,,,,,,6.67,Number of Individual Organisms,,12/17/2021,,,1,Count,,,,,,,,,,,ID-COUNT-LEVEL2,,09COV1756_21,,"Rhithron Associates Inc, Missoula MT",,Rhyacophila betteni Group,115097,,Larva,,,,
Warning,Ambient Monitoring,09COV1756,09COV1756,Sample,GovLocal,10/4/2021,,,,,8,ft2,,,,,,09COV1756_21,,N,,Y,,Solid/Sediment,Freshwater Taxonomy,,SURBER,,,,,,6.67,Number of Individual Organisms,,12/17/2021,,,23,Count,,,,,,,,,,,ID-COUNT-LEVEL2,,09COV1756_21,,"Rhithron Associates Inc, Missoula MT",,Baetis tricaudatus complex,100817,,Larva,,,,
Warning,Ambient Monitoring,09COV1756,09COV1756,Sample,GovLocal,7/28/2020,,,,,8,ft2,,,,,,09COV1756_20,,N,,Y,,Solid/Sediment,Freshwater Taxonomy,,SURBER,,,,,,16.67,Number of Individual Organisms,,4/30/2021,,,3,Count,,,,,,,,,,,ID-COUNT-LEVEL2,,09COV1756_20,,"Rhithron Associates Inc, Missoula MT",,Chamaedrilus,68510,,unknown,,,,
Warning,Ambient Monitoring,09COV1756,09COV1756,Sample,GovLocal,7/28/2020,,,,,8,ft2,,,,,,09COV1756_20,,N,,Y,,Solid/Sediment,Freshwater Taxonomy,,SURBER,,,,,,16.67,Number of Individual Organisms,,4/30/2021,,,2,Count,,,,,,,,,,,ID-COUNT-LEVEL2,,09COV1756_20,,"Rhithron Associates Inc, Missoula MT",,Tvetenia bavarica Group,129197,,Larva,,,,
Warning,Ambient Monitoring,09COV1756,09COV1756,Sample,GovLocal,7/28/2020,,,,,8,ft2,,,,,,09COV1756_20,,N,,Y,,Solid/Sediment,Freshwater Taxonomy,,SURBER,,,,,,16.67,Number of Individual Organisms,,4/30/2021,,,2,Count,,,,,,,,,,,ID-COUNT-LEVEL2,,09COV1756_20,,"Rhithron Associates Inc, Missoula MT",,Zapada oregonensis Group,102591,,Larva,,,,
Warning,Ambient Monitoring,09COV1756,09COV1756,Sample,GovLocal,7/28/2020,,,,,8,ft2,,,,,,09COV1756_20,,N,,Y,,Solid/Sediment,Freshwater Taxonomy,,SURBER,,,,,,16.67,Number of Individual Organisms,,4/30/2021,,,3,Count,,,,,,,,,,,ID-COUNT-LEVEL2,,09COV1756_20,,"Rhithron Associates Inc, Missoula MT",,Rhyacophila betteni Group,115097,,Larva,,,,
Warning,Ambient Monitoring,09COV1756,09COV1756,Sample,GovLocal,7/28/2020,,,,,8,ft2,,,,,,09COV1756_20,,N,,Y,,Solid/Sediment,Freshwater Taxonomy,,SURBER,,,,,,16.67,Number of Individual Organisms,,4/30/2021,,,1,Count,,,,,,,,,,,ID-COUNT-LEVEL2,,09COV1756_20,,"Rhithron Associates Inc, Missoula MT",,Rhyacophila brunnea/vemna Group,115097,,Larva,,,,
Warning,Ambient Monitoring,09COV1756,09COV1756,Sample,GovLocal,7/28/2020,,,,,8,ft2,,,,,,09COV1756_20,,N,,Y,,Solid/Sediment,Freshwater Taxonomy,,SURBER,,,,,,16.67,Number of Individual Organisms,,4/30/2021,,,34,Count,,,,,,,,,,,ID-COUNT-LEVEL2,,09COV1756_20,,"Rhithron Associates Inc, Missoula MT",,Baetis tricaudatus complex,100817,,Larva,,,,
Warning,Ambient Monitoring,09COV1756,09COV1756,Sample,GovLocal,8/13/2019,,,,,8,ft2,,,,,,09COV1756_19,,N,,Y,,Solid/Sediment,Freshwater Taxonomy,,SURBER,,,,,,13.33,Number of Individual Organisms,,11/4/2019,,,1,Count,,,,,,,,,,,ID-COUNT-LEVEL2,,09COV1756_19,,"Rhithron Associates Inc, Missoula MT",,Monatractides,83249,,Adult,,,,
Warning,Ambient Monitoring,09COV1756,09COV1756,Sample,GovLocal,8/13/2019,,,,,8,ft2,,,,,,09COV1756_19,,N,,Y,,Solid/Sediment,Freshwater Taxonomy,,SURBER,,,,,,13.33,Number of Individual Organisms,,11/4/2019,,,3,Count,,,,,,,,,,,ID-COUNT-LEVEL2,,09COV1756_19,,"Rhithron Associates Inc, Missoula MT",,Zapada oregonensis Group,102591,,Larva,,,,
Warning,Ambient Monitoring,09COV1756,09COV1756,Sample,GovLocal,7/26/2017,,,,,8,ft2,,,,,,09COV1756_17,,N,,Y,,Solid/Sediment,Freshwater Taxonomy,,SURBER,,,,,,16.67,Number of Individual Organisms,,3/16/2018,,,7,Count,,,,,,,,,,,ID-COUNT-LEVEL2,,09COV1756_17,,"Rhithron Associates Inc, Missoula MT",,Rhyacophila betteni Group,115097,,Larva,,,,
Warning,Ambient Monitoring,09COV1756,09COV1756,Sample,GovLocal,7/26/2017,,,,,8,ft2,,,,,,09COV1756_17,,N,,Y,,Solid/Sediment,Freshwater Taxonomy,,SURBER,,,,,,16.67,Number of Individual Organisms,,3/16/2018,,,6,Count,,,,,,,,,,,ID-COUNT-LEVEL2,,09COV1756_17,,"Rhithron Associates Inc, Missoula MT",,Rhyacophila brunnea/vemna Group,115097,,Larva,,,,
Warning,Ambient Monitoring,09COV1756,09COV1756,Sample,GovLocal,7/26/2017,,,,,8,ft2,,,,,,09COV1756_17,,N,,Y,,Solid/Sediment,Freshwater Taxonomy,,SURBER,,,,,,16.67,Number of Individual Organisms,,3/16/2018,,,4,Count,,,,,,,,,,,ID-COUNT-LEVEL2,,09COV1756_17,,"Rhithron Associates Inc, Missoula MT",,Baetis tricaudatus complex,100817,,Larva,,,,
Warning,Ambient Monitoring,09COV1756,09COV1756,Sample,GovLocal,7/27/2016,,,,,8,ft2,,,,,,09COV1756_16,,N,,Y,,Solid/Sediment,Freshwater Taxonomy,,SURBER,,,,,,100,Number of Individual Organisms,,11/21/2016,,,5,Count,,,,,,,,,,,ID-COUNT-LEVEL2,,09COV1756_16,,"Rhithron Associates Inc, Missoula MT",,Rhyacophila betteni Group,115097,,Larva,,,,
Warning,Ambient Monitoring,09COV1756,09COV1756,Sample,GovLocal,7/27/2016,,,,,8,ft2,,,,,,09COV1756_16,,N,,Y,,Solid/Sediment,Freshwater Taxonomy,,SURBER,,,,,,100,Number of Individual Organisms,,11/21/2016,,,6,Count,,,,,,,,,,,ID-COUNT-LEVEL2,,09COV1756_16,,"Rhithron Associates Inc, Missoula MT",,Rhyacophila brunnea/vemna Group,115097,,Larva,,,,
Warning,Ambient Monitoring,09COV1756,09COV1756,Sample,GovLocal,8/19/2015,,,,,8,ft2,,,,,,09COV1756_15,,N,,Y,,Solid/Sediment,Freshwater Taxonomy,,SURBER,,,,,,20,Number of Individual Organisms,,4/22/2016,,,1,Count,,,,,,,,,,,ID-COUNT-LEVEL2,,09COV1756_15,,"Rhithron Associates Inc, Missoula MT",,Zapada oregonensis Group,102591,,Larva,,,,
Warning,Ambient Monitoring,09COV1756,09COV1756,Sample,GovLocal,8/19/2015,,,,,8,ft2,,,,,,09COV1756_15,,N,,Y,,Solid/Sediment,Freshwater Taxonomy,,SURBER,,,,,,20,Number of Individual Organisms,,4/22/2016,,,2,Count,,,,,,,,,,,ID-COUNT-LEVEL2,,09COV1756_15,,"Rhithron Associates Inc, Missoula MT",,Rhyacophila betteni Group,115097,,Larva,,,,
Warning,Ambient Monitoring,09COV1756,09COV1756,Sample,GovLocal,8/19/2015,,,,,8,ft2,,,,,,09COV1756_15,,N,,Y,,Solid/Sediment,Freshwater Taxonomy,,SURBER,,,,,,20,Number of Individual Organisms,,4/22/2016,,,1,Count,,,,,,,,,,,ID-COUNT-LEVEL2,,09COV1756_15,,"Rhithron Associates Inc, Missoula MT",,Rhyacophila brunnea/vemna Group,115097,,Larva,,,,
Warning,Ambient Monitoring,09COV1756,09COV1756,Sample,GovLocal,8/19/2015,,,,,8,ft2,,,,,,09COV1756_15,,N,,Y,,Solid/Sediment,Freshwater Taxonomy,,SURBER,,,,,,20,Number of Individual Organisms,,4/22/2016,,,21,Count,,,,,,,,,,,ID-COUNT-LEVEL2,,09COV1756_15,,"Rhithron Associates Inc, Missoula MT",,Baetis tricaudatus complex,100817,,Larva,,,,
Warning,Ambient Monitoring,09COV1862,09COV1862,Sample,GovLocal,7/27/2022,,,,,8,ft2,,,,,,09COV1862_22,,N,,Y,,Solid/Sediment,Freshwater Taxonomy,,SURBER,,,,,,6.67,Number of Individual Organisms,,3/13/2023,,,8,Count,,,,,,,,,,,ID-COUNT-LEVEL2,,09COV1862_22,,"Rhithron Associates Inc, Missoula MT",,Rhyacophila betteni Group,115097,,Larva,,,,
Warning,Ambient Monitoring,09COV1862,09COV1862,Sample,GovLocal,7/27/2022,,,,,8,ft2,,,,,,09COV1862_22,,N,,Y,,Solid/Sediment,Freshwater Taxonomy,,SURBER,,,,,,6.67,Number of Individual Organisms,,3/13/2023,,,2,Count,,,,,,,,,,,ID-COUNT-LEVEL2,,09COV1862_22,,"Rhithron Associates Inc, Missoula MT",,Rhyacophila brunnea/vemna Group,115097,,Larva,,,,
Warning,Ambient Monitoring,09COV1862,09COV1862,Sample,GovLocal,7/27/2022,,,,,8,ft2,,,,,,09COV1862_22,,N,,Y,,Solid/Sediment,Freshwater Taxonomy,,SURBER,,,,,,6.67,Number of Individual Organisms,,3/13/2023,,,16,Count,,,,,,,,,,,ID-COUNT-LEVEL2,,09COV1862_22,,"Rhithron Associates Inc, Missoula MT",,Baetis tricaudatus complex,100817,,Larva,,,,
Warning,Ambient Monitoring,09COV1862,09COV1862,Sample,GovLocal,7/22/2021,,,,,8,ft2,,,,,,09COV1862_21,,N,,Y,,Solid/Sediment,Freshwater Taxonomy,,SURBER,,,,,,33.33,Number of Individual Organisms,,10/20/2021,,,1,Count,,,,,,,,,,,ID-COUNT-LEVEL2,,09COV1862_21,,"Rhithron Associates Inc, Missoula MT",,Monatractides,83249,,Adult,,,,
Warning,Ambient Monitoring,09COV1862,09COV1862,Sample,GovLocal,7/22/2021,,,,,8,ft2,,,,,,09COV1862_21,,N,,Y,,Solid/Sediment,Freshwater Taxonomy,,SURBER,,,,,,33.33,Number of Individual Organisms,,10/20/2021,,,1,Count,,,,,,,,,,,ID-COUNT-LEVEL2,,09COV1862_21,,"Rhithron Associates Inc, Missoula MT",,Thienemannimyia Group,128078,,Larva,,,,
Warning,Ambient Monitoring,09COV1862,09COV1862,Sample,GovLocal,7/22/2021,,,,,8,ft2,,,,,,09COV1862_21,,N,,Y,,Solid/Sediment,Freshwater Taxonomy,,SURBER,,,,,,33.33,Number of Individual Organisms,,10/20/2021,,,12,Count,,,,,,,,,,,ID-COUNT-LEVEL2,,09COV1862_21,,"Rhithron Associates Inc, Missoula MT",,Rhyacophila betteni Group,115097,,Larva,,,,
Warning,Ambient Monitoring,09COV1862,09COV1862,Sample,GovLocal,7/22/2021,,,,,8,ft2,,,,,,09COV1862_21,,N,,Y,,Solid/Sediment,Freshwater Taxonomy,,SURBER,,,,,,33.33,Number of Individual Organisms,,10/20/2021,,,12,Count,,,,,,,,,,,ID-COUNT-LEVEL2,,09COV1862_21,,"Rhithron Associates Inc, Missoula MT",,Baetis tricaudatus complex,100817,,Larva,,,,
Warning,Ambient Monitoring,09COV1862,09COV1862,Sample,GovLocal,7/30/2020,,,,,8,ft2,,,,,,09COV1862_20,,N,,Y,,Solid/Sediment,Freshwater Taxonomy,,SURBER,,,,,,13.33,Number of Individual Organisms,,4/30/2021,,,3,Count,,,,,,,,,,,ID-COUNT-LEVEL2,,09COV1862_20,,"Rhithron Associates Inc, Missoula MT",,Monatractides,83249,,Adult,,,,
Warning,Ambient Monitoring,09COV1862,09COV1862,Sample,GovLocal,7/30/2020,,,,,8,ft2,,,,,,09COV1862_20,,N,,Y,,Solid/Sediment,Freshwater Taxonomy,,SURBER,,,,,,13.33,Number of Individual Organisms,,4/30/2021,,,14,Count,,,,,,,,,,,ID-COUNT-LEVEL2,,09COV1862_20,,"Rhithron Associates Inc, Missoula MT",,Tvetenia bavarica Group,129197,,Larva,,,,
Warning,Ambient Monitoring,09COV1862,09COV1862,Sample,GovLocal,7/30/2020,,,,,8,ft2,,,,,,09COV1862_20,,N,,Y,,Solid/Sediment,Freshwater Taxonomy,,SURBER,,,,,,13.33,Number of Individual Organisms,,4/30/2021,,,1,Count,,,,,,,,,,,ID-COUNT-LEVEL2,,09COV1862_20,,"Rhithron Associates Inc, Missoula MT",,Thienemannimyia Group,128078,,Larva,,,,
Warning,Ambient Monitoring,09COV1862,09COV1862,Sample,GovLocal,7/30/2020,,,,,8,ft2,,,,,,09COV1862_20,,N,,Y,,Solid/Sediment,Freshwater Taxonomy,,SURBER,,,,,,13.33,Number of Individual Organisms,,4/30/2021,,,4,Count,,,,,,,,,,,ID-COUNT-LEVEL2,,09COV1862_20,,"Rhithron Associates Inc, Missoula MT",,Rhyacophila betteni Group,115097,,Larva,,,,
Warning,Ambient Monitoring,09COV1862,09COV1862,Sample,GovLocal,7/30/2020,,,,,8,ft2,,,,,,09COV1862_20,,N,,Y,,Solid/Sediment,Freshwater Taxonomy,,SURBER,,,,,,13.33,Number of Individual Organisms,,4/30/2021,,,10,Count,,,,,,,,,,,ID-COUNT-LEVEL2,,09COV1862_20,,"Rhithron Associates Inc, Missoula MT",,Baetis tricaudatus complex,100817,,Larva,,,,
Warning,Ambient Monitoring,09COV1862,09COV1862,Sample,GovLocal,8/5/2015,,,,,8,ft2,,,,,,09COV1862_15,,N,,Y,,Solid/Sediment,Freshwater Taxonomy,,SURBER,,,,,,26.67,Number of Individual Organisms,,4/22/2016,,,8,Count,,,,,,,,,,,ID-COUNT-LEVEL2,,09COV1862_15,,"Rhithron Associates Inc, Missoula MT",,Rhyacophila betteni Group,115097,,Larva,,,,
Warning,Ambient Monitoring,09COV1862,09COV1862,Sample,GovLocal,8/5/2015,,,,,8,ft2,,,,,,09COV1862_15,,N,,Y,,Solid/Sediment,Freshwater Taxonomy,,SURBER,,,,,,26.67,Number of Individual Organisms,,4/22/2016,,,1,Count,,,,,,,,,,,ID-COUNT-LEVEL2,,09COV1862_15,,"Rhithron Associates Inc, Missoula MT",,Rhyacophila brunnea/vemna Group,115097,,Larva,,,,
Warning,Ambient Monitoring,09COV1864,09COV1864,Sample,GovLocal,7/30/2024,,,,,8,ft2,,,,,,09COV1864_24,,N,,Y,,Solid/Sediment,Freshwater Taxonomy,,SURBER,,,,,,16.67,Number of Individual Organisms,,2/5/2025,,,3,Count,,,,,,,,,,,ID-COUNT-LEVEL2,,09COV1864_24,,"Rhithron Associates Inc, Missoula MT",,Tvetenia bavarica Group,129197,,Larva,,,,
Warning,Ambient Monitoring,09COV1864,09COV1864,Sample,GovLocal,7/30/2024,,,,,8,ft2,,,,,,09COV1864_24,,N,,Y,,Solid/Sediment,Freshwater Taxonomy,,SURBER,,,,,,16.67,Number of Individual Organisms,,2/5/2025,,,1,Count,,,,,,,,,,,ID-COUNT-LEVEL2,,09COV1864_24,,"Rhithron Associates Inc, Missoula MT",,Thienemannimyia Group,128078,,Larva,,,,
Warning,Ambient Monitoring,09COV1864,09COV1864,Sample,GovLocal,7/30/2024,,,,,8,ft2,,,,,,09COV1864_24,,N,,Y,,Solid/Sediment,Freshwater Taxonomy,,SURBER,,,,,,16.67,Number of Individual Organisms,,2/5/2025,,,14,Count,,,,,,,,,,,ID-COUNT-LEVEL2,,09COV1864_24,,"Rhithron Associates Inc, Missoula MT",,Baetis tricaudatus complex,100817,,Larva,,,,
Warning,Ambient Monitoring,09COV1864,09COV1864,Sample,GovLocal,9/19/2023,,,,,8,ft2,,,,,,09COV1864_23,,N,,Y,,Solid/Sediment,Freshwater Taxonomy,,SURBER,,,,,,46.67,Number of Individual Organisms,,4/1/2024,,,14,Count,,,,,,,,,,,ID-COUNT-LEVEL2,,09COV1864_23,,"Rhithron Associates Inc, Missoula MT",,Zapada oregonensis Group,102591,,Larva,,,,
Warning,Ambient Monitoring,09COV1864,09COV1864,Sample,GovLocal,9/19/2023,,,,,8,ft2,,,,,,09COV1864_23,,N,,Y,,Solid/Sediment,Freshwater Taxonomy,,SURBER,,,,,,46.67,Number of Individual Organisms,,4/1/2024,,,31,Count,,,,,,,,,,,ID-COUNT-LEVEL2,,09COV1864_23,,"Rhithron Associates Inc, Missoula MT",,Baetis tricaudatus complex,100817,,Larva,,,,
Warning,Ambient Monitoring,09COV1864,09COV1864,Sample,GovLocal,9/20/2018,,,,,8,ft2,,,,,,09COV1864_18,,N,,Y,,Solid/Sediment,Freshwater Taxonomy,,SURBER,,,,,,33.33,Number of Individual Organisms,,11/19/2018,,,8,Count,,,,,,,,,,,ID-COUNT-LEVEL2,,09COV1864_18,,"Rhithron Associates Inc, Missoula MT",,Baetis tricaudatus complex,100817,,Larva,,,,
Warning,Ambient Monitoring,09DEE2163,09DEE2163,Sample,GovLocal,8/8/2024,,,,,8,ft2,,,,,,09DEE2163_24,,N,,Y,,Solid/Sediment,Freshwater Taxonomy,,SURBER,,,,,,23.33,Number of Individual Organisms,,12/4/2024,,,1,Count,,,,,,,,,,,ID-COUNT-LEVEL2,,09DEE2163_24,,"Rhithron Associates Inc, Missoula MT",,Tvetenia bavarica Group,129197,,Larva,,,,
Warning,Ambient Monitoring,09DEE2163,09DEE2163,Sample,GovLocal,8/8/2024,,,,,8,ft2,,,,,,09DEE2163_24,,N,,Y,,Solid/Sediment,Freshwater Taxonomy,,SURBER,,,,,,23.33,Number of Individual Organisms,,12/4/2024,,,4,Count,,,,,,,,,,,ID-COUNT-LEVEL2,,09DEE2163_24,,"Rhithron Associates Inc, Missoula MT",,Thienemannimyia Group,128078,,Larva,,,,
Warning,Ambient Monitoring,09DEE2163,09DEE2163,Sample,GovLocal,8/8/2024,,,,,8,ft2,,,,,,09DEE2163_24,,N,,Y,,Solid/Sediment,Freshwater Taxonomy,,SURBER,,,,,,23.33,Number of Individual Organisms,,12/4/2024,,,1,Count,,,,,,,,,,,ID-COUNT-LEVEL2,,09DEE2163_24,,"Rhithron Associates Inc, Missoula MT",,Rhyacophila brunnea/vemna Group,115097,,Larva,,,,
Warning,Ambient Monitoring,09DEE2163,09DEE2163,Sample,GovLocal,8/8/2024,,,,,8,ft2,,,,,,09DEE2163_24,,N,,Y,,Solid/Sediment,Freshwater Taxonomy,,SURBER,,,,,,23.33,Number of Individual Organisms,,12/4/2024,,,15,Count,,,,,,,,,,,ID-COUNT-LEVEL2,,09DEE2163_24,,"Rhithron Associates Inc, Missoula MT",,Baetis tricaudatus complex,100817,,Larva,,,,
Warning,Ambient Monitoring,09DEE2163,09DEE2163,Sample,GovLocal,9/5/2023,,,,,8,ft2,,,,,,09DEE2163_23,,N,,Y,,Solid/Sediment,Freshwater Taxonomy,,SURBER,,,,,,3.33,Number of Individual Organisms,,4/16/2024,,,2,Count,,,,,,,,,,,ID-COUNT-LEVEL2,,09DEE2163_23,,"Rhithron Associates Inc, Missoula MT",,Monatractides,83249,,Adult,,,,
Warning,Ambient Monitoring,09DEE2163,09DEE2163,Sample,GovLocal,8/16/2017,,,,,8,ft2,,,,,,09DEE2163_17,,N,,Y,,Solid/Sediment,Freshwater Taxonomy,,SURBER,,,,,,13.33,Number of Individual Organisms,,3/16/2018,,,1,Count,,,,,,,,,,,ID-COUNT-LEVEL2,,09DEE2163_17,,"Rhithron Associates Inc, Missoula MT",,Rhyacophila betteni Group,115097,,Larva,,,,
Warning,Ambient Monitoring,09DEE2163,09DEE2163,Sample,GovLocal,8/16/2017,,,,,8,ft2,,,,,,09DEE2163_17,,N,,Y,,Solid/Sediment,Freshwater Taxonomy,,SURBER,,,,,,13.33,Number of Individual Organisms,,3/16/2018,,,7,Count,,,,,,,,,,,ID-COUNT-LEVEL2,,09DEE2163_17,,"Rhithron Associates Inc, Missoula MT",,Rhyacophila brunnea/vemna Group,115097,,Larva,,,,
Warning,Ambient Monitoring,09DEE2163,09DEE2163,Sample,GovLocal,8/16/2017,,,,,8,ft2,,,,,,09DEE2163_17,,N,,Y,,Solid/Sediment,Freshwater Taxonomy,,SURBER,,,,,,13.33,Number of Individual Organisms,,3/16/2018,,,5,Count,,,,,,,,,,,ID-COUNT-LEVEL2,,09DEE2163_17,,"Rhithron Associates Inc, Missoula MT",,Baetis tricaudatus complex,100817,,Larva,,,,
Warning,Ambient Monitoring,09DEE2163,09DEE2163,Sample,GovLocal,8/4/2016,,,,,8,ft2,,,,,,09DEE2163_16,,N,,Y,,Solid/Sediment,Freshwater Taxonomy,,SURBER,,,,,,16.67,Number of Individual Organisms,,11/21/2016,,,2,Count,,,,,,,,,,,ID-COUNT-LEVEL2,,09DEE2163_16,,"Rhithron Associates Inc, Missoula MT",,Monatractides,83249,,Adult,,,,
Warning,Ambient Monitoring,09DEE2163,09DEE2163,Sample,GovLocal,8/4/2016,,,,,8,ft2,,,,,,09DEE2163_16,,N,,Y,,Solid/Sediment,Freshwater Taxonomy,,SURBER,,,,,,16.67,Number of Individual Organisms,,11/21/2016,,,4,Count,,,,,,,,,,,ID-COUNT-LEVEL2,,09DEE2163_16,,"Rhithron Associates Inc, Missoula MT",,Tvetenia bavarica Group,129197,,Larva,,,,
Warning,Ambient Monitoring,09DEE2163,09DEE2163,Sample,GovLocal,8/4/2016,,,,,8,ft2,,,,,,09DEE2163_16,,N,,Y,,Solid/Sediment,Freshwater Taxonomy,,SURBER,,,,,,16.67,Number of Individual Organisms,,11/21/2016,,,4,Count,,,,,,,,,,,ID-COUNT-LEVEL2,,09DEE2163_16,,"Rhithron Associates Inc, Missoula MT",,Rhyacophila betteni Group,115097,,Larva,,,,
Warning,Ambient Monitoring,09DEE2163,09DEE2163,Sample,GovLocal,8/4/2016,,,,,8,ft2,,,,,,09DEE2163_16,,N,,Y,,Solid/Sediment,Freshwater Taxonomy,,SURBER,,,,,,16.67,Number of Individual Organisms,,11/21/2016,,,5,Count,,,,,,,,,,,ID-COUNT-LEVEL2,,09DEE2163_16,,"Rhithron Associates Inc, Missoula MT",,Rhyacophila brunnea/vemna Group,115097,,Larva,,,,
Warning,Ambient Monitoring,09DEE2163,09DEE2163,Sample,GovLocal,8/4/2016,,,,,8,ft2,,,,,,09DEE2163_16,,N,,Y,,Solid/Sediment,Freshwater Taxonomy,,SURBER,,,,,,16.67,Number of Individual Organisms,,11/21/2016,,,8,Count,,,,,,,,,,,ID-COUNT-LEVEL2,,09DEE2163_16,,"Rhithron Associates Inc, Missoula MT",,Baetis tricaudatus complex,100817,,Larva,,,,
Warning,Ambient Monitoring,09DEE2163,09DEE2163,Sample,GovLocal,9/15/2015,,,,,8,ft2,,,,,,09DEE2163_15,,N,,Y,,Solid/Sediment,Freshwater Taxonomy,,SURBER,,,,,,13.33,Number of Individual Organisms,,4/22/2016,,,8,Count,,,,,,,,,,,ID-COUNT-LEVEL2,,09DEE2163_15,,"Rhithron Associates Inc, Missoula MT",,Monatractides,83249,,Adult,,,,
Warning,Ambient Monitoring,09DEE2163,09DEE2163,Sample,GovLocal,9/15/2015,,,,,8,ft2,,,,,,09DEE2163_15,,N,,Y,,Solid/Sediment,Freshwater Taxonomy,,SURBER,,,,,,13.33,Number of Individual Organisms,,4/22/2016,,,5,Count,,,,,,,,,,,ID-COUNT-LEVEL2,,09DEE2163_15,,"Rhithron Associates Inc, Missoula MT",,Tvetenia bavarica Group,129197,,Larva,,,,
Warning,Ambient Monitoring,09DEE2163,09DEE2163,Sample,GovLocal,9/15/2015,,,,,8,ft2,,,,,,09DEE2163_15,,N,,Y,,Solid/Sediment,Freshwater Taxonomy,,SURBER,,,,,,13.33,Number of Individual Organisms,,4/22/2016,,,1,Count,,,,,,,,,,,ID-COUNT-LEVEL2,,09DEE2163_15,,"Rhithron Associates Inc, Missoula MT",,Thienemannimyia Group,128078,,Larva,,,,
Warning,Ambient Monitoring,09DEE2163,09DEE2163,Sample,GovLocal,9/15/2015,,,,,8,ft2,,,,,,09DEE2163_15,,N,,Y,,Solid/Sediment,Freshwater Taxonomy,,SURBER,,,,,,13.33,Number of Individual Organisms,,4/22/2016,,,1,Count,,,,,,,,,,,ID-COUNT-LEVEL2,,09DEE2163_15,,"Rhithron Associates Inc, Missoula MT",,Rhyacophila brunnea/vemna Group,115097,,Larva,,,,
Warning,Ambient Monitoring,09DEE2211,09DEE2211,Sample,GovLocal,9/9/2022,,,,,8,ft2,,,,,,09DEE2211_22_R,,Y,,Y,,Solid/Sediment,Freshwater Taxonomy,,SURBER,,,,,,13.33,Number of Individual Organisms,,5/19/2023,,,16,Count,,,,,,,,,,,ID-COUNT-LEVEL2,,09DEE2211_22_R,,"Rhithron Associates Inc, Missoula MT",,Rhyacophila brunnea/vemna Group,115097,,Larva,,,,
Warning,Ambient Monitoring,09DEE2211,09DEE2211,Sample,GovLocal,9/9/2022,,,,,8,ft2,,,,,,09DEE2211_22_R,,Y,,Y,,Solid/Sediment,Freshwater Taxonomy,,SURBER,,,,,,13.33,Number of Individual Organisms,,5/19/2023,,,1,Count,,,,,,,,,,,ID-COUNT-LEVEL2,,09DEE2211_22_R,,"Rhithron Associates Inc, Missoula MT",,Ephemerella excrucians Group,101276,,Larva,,,,
Warning,Ambient Monitoring,09DEE2211,09DEE2211,Sample,GovLocal,9/9/2022,,,,,8,ft2,,,,,,09DEE2211_22_R,,Y,,Y,,Solid/Sediment,Freshwater Taxonomy,,SURBER,,,,,,13.33,Number of Individual Organisms,,5/19/2023,,,1,Count,,,,,,,,,,,ID-COUNT-LEVEL2,,09DEE2211_22_R,,"Rhithron Associates Inc, Missoula MT",,Baetis tricaudatus complex,100817,,Larva,,,,
Warning,Ambient Monitoring,09DEE2211,09DEE2211,Sample,GovLocal,7/28/2021,,,,,8,ft2,,,,,,09DEE2211_21,,N,,Y,,Solid/Sediment,Freshwater Taxonomy,,SURBER,,,,,,13.33,Number of Individual Organisms,,10/20/2021,,,10,Count,,,,,,,,,,,ID-COUNT-LEVEL2,,09DEE2211_21,,"Rhithron Associates Inc, Missoula MT",,Monatractides,83249,,Adult,,,,
Warning,Ambient Monitoring,09DEE2211,09DEE2211,Sample,GovLocal,7/28/2021,,,,,8,ft2,,,,,,09DEE2211_21,,N,,Y,,Solid/Sediment,Freshwater Taxonomy,,SURBER,,,,,,13.33,Number of Individual Organisms,,10/20/2021,,,5,Count,,,,,,,,,,,ID-COUNT-LEVEL2,,09DEE2211_21,,"Rhithron Associates Inc, Missoula MT",,Tvetenia bavarica Group,129197,,Larva,,,,
Warning,Ambient Monitoring,09DEE2211,09DEE2211,Sample,GovLocal,7/28/2021,,,,,8,ft2,,,,,,09DEE2211_21,,N,,Y,,Solid/Sediment,Freshwater Taxonomy,,SURBER,,,,,,13.33,Number of Individual Organisms,,10/20/2021,,,6,Count,,,,,,,,,,,ID-COUNT-LEVEL2,,09DEE2211_21,,"Rhithron Associates Inc, Missoula MT",,Thienemannimyia Group,128078,,Larva,,,,
Warning,Ambient Monitoring,09DEE2211,09DEE2211,Sample,GovLocal,7/28/2021,,,,,8,ft2,,,,,,09DEE2211_21,,N,,Y,,Solid/Sediment,Freshwater Taxonomy,,SURBER,,,,,,13.33,Number of Individual Organisms,,10/20/2021,,,2,Count,,,,,,,,,,,ID-COUNT-LEVEL2,,09DEE2211_21,,"Rhithron Associates Inc, Missoula MT",,Rhyacophila betteni Group,115097,,Larva,,,,
Warning,Ambient Monitoring,09DEE2211,09DEE2211,Sample,GovLocal,7/28/2021,,,,,8,ft2,,,,,,09DEE2211_21,,N,,Y,,Solid/Sediment,Freshwater Taxonomy,,SURBER,,,,,,13.33,Number of Individual Organisms,,10/20/2021,,,5,Count,,,,,,,,,,,ID-COUNT-LEVEL2,,09DEE2211_21,,"Rhithron Associates Inc, Missoula MT",,Rhyacophila brunnea/vemna Group,115097,,Larva,,,,
Warning,Ambient Monitoring,09DEE2211,09DEE2211,Sample,GovLocal,7/28/2021,,,,,8,ft2,,,,,,09DEE2211_21,,N,,Y,,Solid/Sediment,Freshwater Taxonomy,,SURBER,,,,,,13.33,Number of Individual Organisms,,10/20/2021,,,1,Count,,,,,,,,,,,ID-COUNT-LEVEL2,,09DEE2211_21,,"Rhithron Associates Inc, Missoula MT",,Baetis tricaudatus complex,100817,,Larva,,,,
Warning,Ambient Monitoring,09DEE2211,09DEE2211,Sample,GovLocal,8/6/2020,,,,,8,ft2,,,,,,09DEE2211_20,,N,,Y,,Solid/Sediment,Freshwater Taxonomy,,SURBER,,,,,,86.67,Number of Individual Organisms,,4/30/2021,,,11,Count,,,,,,,,,,,ID-COUNT-LEVEL2,,09DEE2211_20,,"Rhithron Associates Inc, Missoula MT",,Monatractides,83249,,Adult,,,,
Warning,Ambient Monitoring,09DEE2211,09DEE2211,Sample,GovLocal,8/9/2016,,,,,8,ft2,,,,,,09DEE2211_16,,N,,Y,,Solid/Sediment,Freshwater Taxonomy,,SURBER,,,,,,43.33,Number of Individual Organisms,,11/21/2016,,,3,Count,,,,,,,,,,,ID-COUNT-LEVEL2,,09DEE2211_16,,"Rhithron Associates Inc, Missoula MT",,Monatractides,83249,,Adult,,,,
Warning,Ambient Monitoring,09DEE2211,09DEE2211,Sample,GovLocal,8/9/2016,,,,,8,ft2,,,,,,09DEE2211_16,,N,,Y,,Solid/Sediment,Freshwater Taxonomy,,SURBER,,,,,,43.33,Number of Individual Organisms,,11/21/2016,,,1,Count,,,,,,,,,,,ID-COUNT-LEVEL2,,09DEE2211_16,,"Rhithron Associates Inc, Missoula MT",,Tvetenia bavarica Group,129197,,Larva,,,,
Warning,Ambient Monitoring,09DEE2211,09DEE2211,Sample,GovLocal,8/9/2016,,,,,8,ft2,,,,,,09DEE2211_16,,N,,Y,,Solid/Sediment,Freshwater Taxonomy,,SURBER,,,,,,43.33,Number of Individual Organisms,,11/21/2016,,,13,Count,,,,,,,,,,,ID-COUNT-LEVEL2,,09DEE2211_16,,"Rhithron Associates Inc, Missoula MT",,Thienemannimyia Group,128078,,Larva,,,,
Warning,Ambient Monitoring,09DEE2211,09DEE2211,Sample,GovLocal,8/9/2016,,,,,8,ft2,,,,,,09DEE2211_16,,N,,Y,,Solid/Sediment,Freshwater Taxonomy,,SURBER,,,,,,43.33,Number of Individual Organisms,,11/21/2016,,,1,Count,,,,,,,,,,,ID-COUNT-LEVEL2,,09DEE2211_16,,"Rhithron Associates Inc, Missoula MT",,Rhyacophila betteni Group,115097,,Larva,,,,
Warning,Ambient Monitoring,09DEE2211,09DEE2211,Sample,GovLocal,8/9/2016,,,,,8,ft2,,,,,,09DEE2211_16,,N,,Y,,Solid/Sediment,Freshwater Taxonomy,,SURBER,,,,,,43.33,Number of Individual Organisms,,11/21/2016,,,2,Count,,,,,,,,,,,ID-COUNT-LEVEL2,,09DEE2211_16,,"Rhithron Associates Inc, Missoula MT",,Rhyacophila brunnea/vemna Group,115097,,Larva,,,,
Warning,Ambient Monitoring,09DEE2211,09DEE2211,Sample,GovLocal,8/9/2016,,,,,8,ft2,,,,,,09DEE2211_16,,N,,Y,,Solid/Sediment,Freshwater Taxonomy,,SURBER,,,,,,43.33,Number of Individual Organisms,,11/21/2016,,,9,Count,,,,,,,,,,,ID-COUNT-LEVEL2,,09DEE2211_16,,"Rhithron Associates Inc, Missoula MT",,Baetis tricaudatus complex,100817,,Larva,,,,
Warning,Ambient Monitoring,09DEE2211,09DEE2211,Sample,GovLocal,8/9/2016,,,,,8,ft2,,,,,,09DEE2211_16_R,,Y,,Y,,Solid/Sediment,Freshwater Taxonomy,,SURBER,,,,,,6.67,Number of Individual Organisms,,11/21/2016,,,2,Count,,,,,,,,,,,ID-COUNT-LEVEL2,,09DEE2211_16_R,,"Rhithron Associates Inc, Missoula MT",,Monatractides,83249,,Adult,,,,
Warning,Ambient Monitoring,09DEE2211,09DEE2211,Sample,GovLocal,8/9/2016,,,,,8,ft2,,,,,,09DEE2211_16_R,,Y,,Y,,Solid/Sediment,Freshwater Taxonomy,,SURBER,,,,,,6.67,Number of Individual Organisms,,11/21/2016,,,10,Count,,,,,,,,,,,ID-COUNT-LEVEL2,,09DEE2211_16_R,,"Rhithron Associates Inc, Missoula MT",,Tvetenia bavarica Group,129197,,Larva,,,,
Warning,Ambient Monitoring,09DEE2211,09DEE2211,Sample,GovLocal,8/9/2016,,,,,8,ft2,,,,,,09DEE2211_16_R,,Y,,Y,,Solid/Sediment,Freshwater Taxonomy,,SURBER,,,,,,6.67,Number of Individual Organisms,,11/21/2016,,,10,Count,,,,,,,,,,,ID-COUNT-LEVEL2,,09DEE2211_16_R,,"Rhithron Associates Inc, Missoula MT",,Thienemannimyia Group,128078,,Larva,,,,
Warning,Ambient Monitoring,09DEE2211,09DEE2211,Sample,GovLocal,8/9/2016,,,,,8,ft2,,,,,,09DEE2211_16_R,,Y,,Y,,Solid/Sediment,Freshwater Taxonomy,,SURBER,,,,,,6.67,Number of Individual Organisms,,11/21/2016,,,9,Count,,,,,,,,,,,ID-COUNT-LEVEL2,,09DEE2211_16_R,,"Rhithron Associates Inc, Missoula MT",,Baetis tricaudatus complex,100817,,Larva,,,,
Warning,Ambient Monitoring,09DUW0091,09DUW0091,Sample,GovLocal,9/19/2018,,,,,8,ft2,,,,,,09DUW0091_18_R,,Y,,Y,,Solid/Sediment,Freshwater Taxonomy,,SURBER,,,,,,20,Number of Individual Organisms,,11/19/2018,,,8,Count,,,,,,,,,,,ID-COUNT-LEVEL2,,09DUW0091_18_R,,"Rhithron Associates Inc, Missoula MT",,Tvetenia bavarica Group,129197,,Larva,,,,
Warning,Ambient Monitoring,09DUW0091,09DUW0091,Sample,GovLocal,9/19/2018,,,,,8,ft2,,,,,,09DUW0091_18_R,,Y,,Y,,Solid/Sediment,Freshwater Taxonomy,,SURBER,,,,,,20,Number of Individual Organisms,,11/19/2018,,,1,Count,,,,,,,,,,,ID-COUNT-LEVEL2,,09DUW0091_18_R,,"Rhithron Associates Inc, Missoula MT",,Holorusia hespera,118890,,Larva,,,,
Warning,Ambient Monitoring,09DUW0091,09DUW0091,Sample,GovLocal,9/19/2018,,,,,8,ft2,,,,,,09DUW0091_18_R,,Y,,Y,,Solid/Sediment,Freshwater Taxonomy,,SURBER,,,,,,20,Number of Individual Organisms,,11/19/2018,,,3,Count,,,,,,,,,,,ID-COUNT-LEVEL2,,09DUW0091_18_R,,"Rhithron Associates Inc, Missoula MT",,Baetis tricaudatus complex,100817,,Larva,,,,
Warning,Ambient Monitoring,09DUW0091,09DUW0091,Sample,GovLocal,9/5/2017,,,,,8,ft2,,,,,,09DUW0091_17,,N,,Y,,Solid/Sediment,Freshwater Taxonomy,,SURBER,,,,,,100,Number of Individual Organisms,,4/19/2018,,,4,Count,,,,,,,,,,,ID-COUNT-LEVEL2,,09DUW0091_17,,"Rhithron Associates Inc, Missoula MT",,Tvetenia bavarica Group,129197,,Larva,,,,
Warning,Ambient Monitoring,09DUW0091,09DUW0091,Sample,GovLocal,9/5/2017,,,,,8,ft2,,,,,,09DUW0091_17,,N,,Y,,Solid/Sediment,Freshwater Taxonomy,,SURBER,,,,,,100,Number of Individual Organisms,,4/19/2018,,,1,Count,,,,,,,,,,,ID-COUNT-LEVEL2,,09DUW0091_17,,"Rhithron Associates Inc, Missoula MT",,Thienemannimyia Group,128078,,Larva,,,,
Warning,Ambient Monitoring,09DUW0091,09DUW0091,Sample,GovLocal,8/11/2016,,,,,8,ft2,,,,,,09DUW0091_16,,N,,Y,,Solid/Sediment,Freshwater Taxonomy,,SURBER,,,,,,53.33,Number of Individual Organisms,,11/21/2016,,,1,Count,,,,,,,,,,,ID-COUNT-LEVEL2,,09DUW0091_16,,"Rhithron Associates Inc, Missoula MT",,Thienemannimyia Group,128078,,Larva,,,,
Warning,Ambient Monitoring,09DUW0091,09DUW0091,Sample,GovLocal,8/11/2016,,,,,8,ft2,,,,,,09DUW0091_16,,N,,Y,,Solid/Sediment,Freshwater Taxonomy,,SURBER,,,,,,53.33,Number of Individual Organisms,,11/21/2016,,,29,Count,,,,,,,,,,,ID-COUNT-LEVEL2,,09DUW0091_16,,"Rhithron Associates Inc, Missoula MT",,Baetis tricaudatus complex,100817,,Larva,,,,
Warning,Ambient Monitoring,09DUW0091,09DUW0091,Sample,GovLocal,9/10/2015,,,,,8,ft2,,,,,,09DUW0091_15,,N,,Y,,Solid/Sediment,Freshwater Taxonomy,,SURBER,,,,,,100,Number of Individual Organisms,,4/22/2016,,,29,Count,,,,,,,,,,,ID-COUNT-LEVEL2,,09DUW0091_15,,"Rhithron Associates Inc, Missoula MT",,Tvetenia bavarica Group,129197,,Larva,,,,
Warning,Ambient Monitoring,09DUW0091,09DUW0091,Sample,GovLocal,9/10/2015,,,,,8,ft2,,,,,,09DUW0091_15,,N,,Y,,Solid/Sediment,Freshwater Taxonomy,,SURBER,,,,,,100,Number of Individual Organisms,,4/22/2016,,,1,Count,,,,,,,,,,,ID-COUNT-LEVEL2,,09DUW0091_15,,"Rhithron Associates Inc, Missoula MT",,Thienemannimyia Group,128078,,Larva,,,,
Warning,Ambient Monitoring,09DUW0277,09DUW0277,Sample,GovLocal,8/18/2021,,,,,8,ft2,,,,,,09DUW0277_21,,N,,Y,,Solid/Sediment,Freshwater Taxonomy,,SURBER,,,,,,60,Number of Individual Organisms,,10/20/2021,,,1,Count,,,,,,,,,,,ID-COUNT-LEVEL2,,09DUW0277_21,,"Rhithron Associates Inc, Missoula MT",,Rhyacophila brunnea/vemna Group,115097,,Larva,,,,
Warning,Ambient Monitoring,09DUW0277,09DUW0277,Sample,GovLocal,8/18/2021,,,,,8,ft2,,,,,,09DUW0277_21,,N,,Y,,Solid/Sediment,Freshwater Taxonomy,,SURBER,,,,,,60,Number of Individual Organisms,,10/20/2021,,,55,Count,,,,,,,,,,,ID-COUNT-LEVEL2,,09DUW0277_21,,"Rhithron Associates Inc, Missoula MT",,Baetis tricaudatus complex,100817,,Larva,,,,
Warning,Ambient Monitoring,09DUW0277,09DUW0277,Sample,GovLocal,8/24/2020,,,,,8,ft2,,,,,,09DUW0277_20,,N,,Y,,Solid/Sediment,Freshwater Taxonomy,,SURBER,,,,,,70,Number of Individual Organisms,,4/30/2021,,,4,Count,,,,,,,,,,,ID-COUNT-LEVEL2,,09DUW0277_20,,"Rhithron Associates Inc, Missoula MT",,Tvetenia bavarica Group,129197,,Larva,,,,
Warning,Ambient Monitoring,09DUW0277,09DUW0277,Sample,GovLocal,8/24/2020,,,,,8,ft2,,,,,,09DUW0277_20,,N,,Y,,Solid/Sediment,Freshwater Taxonomy,,SURBER,,,,,,70,Number of Individual Organisms,,4/30/2021,,,21,Count,,,,,,,,,,,ID-COUNT-LEVEL2,,09DUW0277_20,,"Rhithron Associates Inc, Missoula MT",,Zapada oregonensis Group,102591,,Larva,,,,
Warning,Ambient Monitoring,09DUW0277,09DUW0277,Sample,GovLocal,8/24/2020,,,,,8,ft2,,,,,,09DUW0277_20,,N,,Y,,Solid/Sediment,Freshwater Taxonomy,,SURBER,,,,,,70,Number of Individual Organisms,,4/30/2021,,,2,Count,,,,,,,,,,,ID-COUNT-LEVEL2,,09DUW0277_20,,"Rhithron Associates Inc, Missoula MT",,Rhyacophila betteni Group,115097,,Larva,,,,
Warning,Ambient Monitoring,09DUW0277,09DUW0277,Sample,GovLocal,8/24/2020,,,,,8,ft2,,,,,,09DUW0277_20,,N,,Y,,Solid/Sediment,Freshwater Taxonomy,,SURBER,,,,,,70,Number of Individual Organisms,,4/30/2021,,,7,Count,,,,,,,,,,,ID-COUNT-LEVEL2,,09DUW0277_20,,"Rhithron Associates Inc, Missoula MT",,Rhyacophila brunnea/vemna Group,115097,,Larva,,,,
Warning,Ambient Monitoring,09DUW0277,09DUW0277,Sample,GovLocal,8/24/2020,,,,,8,ft2,,,,,,09DUW0277_20,,N,,Y,,Solid/Sediment,Freshwater Taxonomy,,SURBER,,,,,,70,Number of Individual Organisms,,4/30/2021,,,41,Count,,,,,,,,,,,ID-COUNT-LEVEL2,,09DUW0277_20,,"Rhithron Associates Inc, Missoula MT",,Baetis tricaudatus complex,100817,,Larva,,,,
Warning,Ambient Monitoring,09DUW0277,09DUW0277,Sample,GovLocal,8/12/2019,,,,,8,ft2,,,,,,09DUW0277_19,,N,,Y,,Solid/Sediment,Freshwater Taxonomy,,SURBER,,,,,,90,Number of Individual Organisms,,11/4/2019,,,26,Count,,,,,,,,,,,ID-COUNT-LEVEL2,,09DUW0277_19,,"Rhithron Associates Inc, Missoula MT",,Chamaedrilus,68510,,unknown,,,,
Warning,Ambient Monitoring,09DUW0277,09DUW0277,Sample,GovLocal,8/12/2019,,,,,8,ft2,,,,,,09DUW0277_19,,N,,Y,,Solid/Sediment,Freshwater Taxonomy,,SURBER,,,,,,90,Number of Individual Organisms,,11/4/2019,,,2,Count,,,,,,,,,,,ID-COUNT-LEVEL2,,09DUW0277_19,,"Rhithron Associates Inc, Missoula MT",,Tvetenia tshernovskii,129197,,Larva,,,,
Warning,Ambient Monitoring,09DUW0277,09DUW0277,Sample,GovLocal,8/12/2019,,,,,8,ft2,,,,,,09DUW0277_19,,N,,Y,,Solid/Sediment,Freshwater Taxonomy,,SURBER,,,,,,90,Number of Individual Organisms,,11/4/2019,,,9,Count,,,,,,,,,,,ID-COUNT-LEVEL2,,09DUW0277_19,,"Rhithron Associates Inc, Missoula MT",,Tvetenia bavarica Group,129197,,Larva,,,,
Warning,Ambient Monitoring,09DUW0277,09DUW0277,Sample,GovLocal,8/12/2019,,,,,8,ft2,,,,,,09DUW0277_19,,N,,Y,,Solid/Sediment,Freshwater Taxonomy,,SURBER,,,,,,90,Number of Individual Organisms,,11/4/2019,,,1,Count,,,,,,,,,,,ID-COUNT-LEVEL2,,09DUW0277_19,,"Rhithron Associates Inc, Missoula MT",,Pericomaini,125391,,Larva,,,,
Warning,Ambient Monitoring,09DUW0277,09DUW0277,Sample,GovLocal,8/12/2019,,,,,8,ft2,,,,,,09DUW0277_19,,N,,Y,,Solid/Sediment,Freshwater Taxonomy,,SURBER,,,,,,90,Number of Individual Organisms,,11/4/2019,,,4,Count,,,,,,,,,,,ID-COUNT-LEVEL2,,09DUW0277_19,,"Rhithron Associates Inc, Missoula MT",,Zapada oregonensis Group,102591,,Larva,,,,
Warning,Ambient Monitoring,09DUW0277,09DUW0277,Sample,GovLocal,8/12/2019,,,,,8,ft2,,,,,,09DUW0277_19,,N,,Y,,Solid/Sediment,Freshwater Taxonomy,,SURBER,,,,,,90,Number of Individual Organisms,,11/4/2019,,,4,Count,,,,,,,,,,,ID-COUNT-LEVEL2,,09DUW0277_19,,"Rhithron Associates Inc, Missoula MT",,Rhyacophila betteni Group,115097,,Larva,,,,
Warning,Ambient Monitoring,09DUW0277,09DUW0277,Sample,GovLocal,8/12/2019,,,,,8,ft2,,,,,,09DUW0277_19,,N,,Y,,Solid/Sediment,Freshwater Taxonomy,,SURBER,,,,,,90,Number of Individual Organisms,,11/4/2019,,,5,Count,,,,,,,,,,,ID-COUNT-LEVEL2,,09DUW0277_19,,"Rhithron Associates Inc, Missoula MT",,Rhyacophila brunnea/vemna Group,115097,,Larva,,,,
Warning,Ambient Monitoring,09DUW0277,09DUW0277,Sample,GovLocal,8/12/2019,,,,,8,ft2,,,,,,09DUW0277_19,,N,,Y,,Solid/Sediment,Freshwater Taxonomy,,SURBER,,,,,,90,Number of Individual Organisms,,11/4/2019,,,83,Count,,,,,,,,,,,ID-COUNT-LEVEL2,,09DUW0277_19,,"Rhithron Associates Inc, Missoula MT",,Baetis tricaudatus complex,100817,,Larva,,,,
Warning,Ambient Monitoring,09DUW0277,09DUW0277,Sample,GovLocal,8/20/2018,,,,,8,ft2,,,,,,09DUW0277_18,,N,,Y,,Solid/Sediment,Freshwater Taxonomy,,SURBER,,,,,,100,Number of Individual Organisms,,10/4/2018,,,2,Count,,,,,,,,,,,ID-COUNT-LEVEL2,,09DUW0277_18,,"Rhithron Associates Inc, Missoula MT",,Chamaedrilus,68510,,unknown,,,,
Warning,Ambient Monitoring,09JEN1318,09JEN1318,Sample,GovLocal,8/19/2024,,,,,8,ft2,,,,,,09JEN1318_24,,N,,Y,,Solid/Sediment,Freshwater Taxonomy,,SURBER,,,,,,10,Number of Individual Organisms,,4/14/2025,,,2,Count,,,,,,,,,,,ID-COUNT-LEVEL2,,09JEN1318_24,,"Rhithron Associates Inc, Missoula MT",,Rhyacophila betteni Group,115097,,Larva,,,,
Warning,Ambient Monitoring,09JEN1318,09JEN1318,Sample,GovLocal,8/19/2024,,,,,8,ft2,,,,,,09JEN1318_24,,N,,Y,,Solid/Sediment,Freshwater Taxonomy,,SURBER,,,,,,10,Number of Individual Organisms,,4/14/2025,,,27,Count,,,,,,,,,,,ID-COUNT-LEVEL2,,09JEN1318_24,,"Rhithron Associates Inc, Missoula MT",,Baetis tricaudatus complex,100817,,Larva,,,,
Warning,Ambient Monitoring,09JEN1318,09JEN1318,Sample,GovLocal,8/19/2024,,,,,8,ft2,,,,,,09JEN1318_24,,N,,Y,,Solid/Sediment,Freshwater Taxonomy,,SURBER,,,,,,10,Number of Individual Organisms,,4/14/2025,,,12,Count,,,,,,,,,,,ID-COUNT-LEVEL2,,09JEN1318_24,,"Rhithron Associates Inc, Missoula MT",,Labiobaetis sonajuventus,568552,,Larva,,,,
Warning,Ambient Monitoring,09JEN1318,09JEN1318,Sample,GovLocal,9/14/2023,,,,,8,ft2,,,,,,09JEN1318_23,,N,,Y,,Solid/Sediment,Freshwater Taxonomy,,SURBER,,,,,,33.33,Number of Individual Organisms,,4/16/2024,,,1,Count,,,,,,,,,,,ID-COUNT-LEVEL2,,09JEN1318_23,,"Rhithron Associates Inc, Missoula MT",,Monatractides,83249,,Adult,,,,
Warning,Ambient Monitoring,09JEN1318,09JEN1318,Sample,GovLocal,9/14/2023,,,,,8,ft2,,,,,,09JEN1318_23,,N,,Y,,Solid/Sediment,Freshwater Taxonomy,,SURBER,,,,,,33.33,Number of Individual Organisms,,4/16/2024,,,11,Count,,,,,,,,,,,ID-COUNT-LEVEL2,,09JEN1318_23,,"Rhithron Associates Inc, Missoula MT",,Baetis tricaudatus complex,100817,,Larva,,,,
Warning,Ambient Monitoring,09JEN1318,09JEN1318,Sample,GovLocal,9/6/2022,,,,,8,ft2,,,,,,09JEN1318_22,,N,,Y,,Solid/Sediment,Freshwater Taxonomy,,SURBER,,,,,,46.67,Number of Individual Organisms,,5/23/2023,,,1,Count,,,,,,,,,,,ID-COUNT-LEVEL2,,09JEN1318_22,,"Rhithron Associates Inc, Missoula MT",,Chamaedrilus,68510,,unknown,,,,
Warning,Ambient Monitoring,09JEN1318,09JEN1318,Sample,GovLocal,9/6/2022,,,,,8,ft2,,,,,,09JEN1318_22,,N,,Y,,Solid/Sediment,Freshwater Taxonomy,,SURBER,,,,,,46.67,Number of Individual Organisms,,5/23/2023,,,3,Count,,,,,,,,,,,ID-COUNT-LEVEL2,,09JEN1318_22,,"Rhithron Associates Inc, Missoula MT",,Tvetenia bavarica Group,129197,,Larva,,,,
Warning,Ambient Monitoring,09JEN1318,09JEN1318,Sample,GovLocal,9/6/2022,,,,,8,ft2,,,,,,09JEN1318_22,,N,,Y,,Solid/Sediment,Freshwater Taxonomy,,SURBER,,,,,,46.67,Number of Individual Organisms,,5/23/2023,,,1,Count,,,,,,,,,,,ID-COUNT-LEVEL2,,09JEN1318_22,,"Rhithron Associates Inc, Missoula MT",,Thienemannimyia Group,128078,,Larva,,,,
Warning,Ambient Monitoring,09JEN1318,09JEN1318,Sample,GovLocal,9/6/2022,,,,,8,ft2,,,,,,09JEN1318_22,,N,,Y,,Solid/Sediment,Freshwater Taxonomy,,SURBER,,,,,,46.67,Number of Individual Organisms,,5/23/2023,,,5,Count,,,,,,,,,,,ID-COUNT-LEVEL2,,09JEN1318_22,,"Rhithron Associates Inc, Missoula MT",,Rhyacophila brunnea/vemna Group,115097,,Larva,,,,
Warning,Ambient Monitoring,09JEN1318,09JEN1318,Sample,GovLocal,9/6/2022,,,,,8,ft2,,,,,,09JEN1318_22,,N,,Y,,Solid/Sediment,Freshwater Taxonomy,,SURBER,,,,,,46.67,Number of Individual Organisms,,5/23/2023,,,49,Count,,,,,,,,,,,ID-COUNT-LEVEL2,,09JEN1318_22,,"Rhithron Associates Inc, Missoula MT",,Baetis tricaudatus complex,100817,,Larva,,,,
Warning,Ambient Monitoring,09JEN1318,09JEN1318,Sample,GovLocal,8/2/2021,,,,,8,ft2,,,,,,09JEN1318_21,,N,,Y,,Solid/Sediment,Freshwater Taxonomy,,SURBER,,,,,,23.33,Number of Individual Organisms,,10/20/2021,,,1,Count,,,,,,,,,,,ID-COUNT-LEVEL2,,09JEN1318_21,,"Rhithron Associates Inc, Missoula MT",,Chamaedrilus,68510,,unknown,,,,
Warning,Ambient Monitoring,09JEN1318,09JEN1318,Sample,GovLocal,8/16/2016,,,,,8,ft2,,,,,,09JEN1318_16,,N,,Y,,Solid/Sediment,Freshwater Taxonomy,,SURBER,,,,,,30,Number of Individual Organisms,,11/21/2016,,,10,Count,,,,,,,,,,,ID-COUNT-LEVEL2,,09JEN1318_16,,"Rhithron Associates Inc, Missoula MT",,Rhyacophila brunnea/vemna Group,115097,,Larva,,,,
Warning,Ambient Monitoring,09JEN1318,09JEN1318,Sample,GovLocal,8/16/2016,,,,,8,ft2,,,,,,09JEN1318_16,,N,,Y,,Solid/Sediment,Freshwater Taxonomy,,SURBER,,,,,,30,Number of Individual Organisms,,11/21/2016,,,28,Count,,,,,,,,,,,ID-COUNT-LEVEL2,,09JEN1318_16,,"Rhithron Associates Inc, Missoula MT",,Baetis tricaudatus complex,100817,,Larva,,,,
Warning,Ambient Monitoring,09JEN1318,09JEN1318,Sample,GovLocal,8/24/2015,,,,,8,ft2,,,,,,09JEN1318_15,,N,,Y,,Solid/Sediment,Freshwater Taxonomy,,SURBER,,,,,,46.67,Number of Individual Organisms,,4/22/2016,,,1,Count,,,,,,,,,,,ID-COUNT-LEVEL2,,09JEN1318_15,,"Rhithron Associates Inc, Missoula MT",,Thienemannimyia Group,128078,,Larva,,,,
Warning,Ambient Monitoring,09JEN1318,09JEN1318,Sample,GovLocal,8/24/2015,,,,,8,ft2,,,,,,09JEN1318_15,,N,,Y,,Solid/Sediment,Freshwater Taxonomy,,SURBER,,,,,,46.67,Number of Individual Organisms,,4/22/2016,,,1,Count,,,,,,,,,,,ID-COUNT-LEVEL2,,09JEN1318_15,,"Rhithron Associates Inc, Missoula MT",,Rhyacophila betteni Group,115097,,Larva,,,,
Warning,Ambient Monitoring,09JEN1318,09JEN1318,Sample,GovLocal,8/24/2015,,,,,8,ft2,,,,,,09JEN1318_15,,N,,Y,,Solid/Sediment,Freshwater Taxonomy,,SURBER,,,,,,46.67,Number of Individual Organisms,,4/22/2016,,,8,Count,,,,,,,,,,,ID-COUNT-LEVEL2,,09JEN1318_15,,"Rhithron Associates Inc, Missoula MT",,Baetis tricaudatus complex,100817,,Larva,,,,
Warning,Ambient Monitoring,09JEN1357,09JEN1357,Sample,GovLocal,8/19/2024,,,,,8,ft2,,,,,,09JEN1357_24,,N,,Y,,Solid/Sediment,Freshwater Taxonomy,,SURBER,,,,,,6.67,Number of Individual Organisms,,4/14/2025,,,19,Count,,,,,,,,,,,ID-COUNT-LEVEL2,,09JEN1357_24,,"Rhithron Associates Inc, Missoula MT",,Tvetenia bavarica Group,129197,,Larva,,,,
Warning,Ambient Monitoring,09JEN1357,09JEN1357,Sample,GovLocal,8/19/2024,,,,,8,ft2,,,,,,09JEN1357_24,,N,,Y,,Solid/Sediment,Freshwater Taxonomy,,SURBER,,,,,,6.67,Number of Individual Organisms,,4/14/2025,,,11,Count,,,,,,,,,,,ID-COUNT-LEVEL2,,09JEN1357_24,,"Rhithron Associates Inc, Missoula MT",,Zapada oregonensis Group,102591,,Larva,,,,
Warning,Ambient Monitoring,09JEN1357,09JEN1357,Sample,GovLocal,8/19/2024,,,,,8,ft2,,,,,,09JEN1357_24,,N,,Y,,Solid/Sediment,Freshwater Taxonomy,,SURBER,,,,,,6.67,Number of Individual Organisms,,4/14/2025,,,5,Count,,,,,,,,,,,ID-COUNT-LEVEL2,,09JEN1357_24,,"Rhithron Associates Inc, Missoula MT",,Rhyacophila betteni Group,115097,,Larva,,,,
Warning,Ambient Monitoring,09JEN1357,09JEN1357,Sample,GovLocal,8/19/2024,,,,,8,ft2,,,,,,09JEN1357_24,,N,,Y,,Solid/Sediment,Freshwater Taxonomy,,SURBER,,,,,,6.67,Number of Individual Organisms,,4/14/2025,,,14,Count,,,,,,,,,,,ID-COUNT-LEVEL2,,09JEN1357_24,,"Rhithron Associates Inc, Missoula MT",,Rhyacophila brunnea/vemna Group,115097,,Larva,,,,
Warning,Ambient Monitoring,09JEN1357,09JEN1357,Sample,GovLocal,8/19/2024,,,,,8,ft2,,,,,,09JEN1357_24,,N,,Y,,Solid/Sediment,Freshwater Taxonomy,,SURBER,,,,,,6.67,Number of Individual Organisms,,4/14/2025,,,35,Count,,,,,,,,,,,ID-COUNT-LEVEL2,,09JEN1357_24,,"Rhithron Associates Inc, Missoula MT",,Neoleptophlebia,101095,,Larva,,,,
Warning,Ambient Monitoring,09JEN1357,09JEN1357,Sample,GovLocal,8/19/2024,,,,,8,ft2,,,,,,09JEN1357_24,,N,,Y,,Solid/Sediment,Freshwater Taxonomy,,SURBER,,,,,,6.67,Number of Individual Organisms,,4/14/2025,,,56,Count,,,,,,,,,,,ID-COUNT-LEVEL2,,09JEN1357_24,,"Rhithron Associates Inc, Missoula MT",,Baetis tricaudatus complex,100817,,Larva,,,,
Warning,Ambient Monitoring,09JEN1357,09JEN1357,Sample,GovLocal,8/19/2024,,,,,8,ft2,,,,,,09JEN1357_24,,N,,Y,,Solid/Sediment,Freshwater Taxonomy,,SURBER,,,,,,6.67,Number of Individual Organisms,,4/14/2025,,,3,Count,,,,,,,,,,,ID-COUNT-LEVEL2,,09JEN1357_24,,"Rhithron Associates Inc, Missoula MT",,Labiobaetis sonajuventus,568552,,Larva,,,,
Warning,Ambient Monitoring,09JEN1357,09JEN1357,Sample,GovLocal,9/6/2023,,,,,8,ft2,,,,,,09JEN1357_23,,N,,Y,,Solid/Sediment,Freshwater Taxonomy,,SURBER,,,,,,16.67,Number of Individual Organisms,,4/1/2024,,,1,Count,,,,,,,,,,,ID-COUNT-LEVEL2,,09JEN1357_23,,"Rhithron Associates Inc, Missoula MT",,Monatractides,83249,,Adult,,,,
Warning,Ambient Monitoring,09JEN1357,09JEN1357,Sample,GovLocal,8/17/2020,,,,,8,ft2,,,,,,09JEN1357_20,,N,,Y,,Solid/Sediment,Freshwater Taxonomy,,SURBER,,,,,,10,Number of Individual Organisms,,4/30/2021,,,6,Count,,,,,,,,,,,ID-COUNT-LEVEL2,,09JEN1357_20,,"Rhithron Associates Inc, Missoula MT",,Rhyacophila betteni Group,115097,,Larva,,,,
Warning,Ambient Monitoring,09JEN1357,09JEN1357,Sample,GovLocal,8/17/2020,,,,,8,ft2,,,,,,09JEN1357_20,,N,,Y,,Solid/Sediment,Freshwater Taxonomy,,SURBER,,,,,,10,Number of Individual Organisms,,4/30/2021,,,9,Count,,,,,,,,,,,ID-COUNT-LEVEL2,,09JEN1357_20,,"Rhithron Associates Inc, Missoula MT",,Rhyacophila brunnea/vemna Group,115097,,Larva,,,,
Warning,Ambient Monitoring,09JEN1357,09JEN1357,Sample,GovLocal,8/17/2020,,,,,8,ft2,,,,,,09JEN1357_20,,N,,Y,,Solid/Sediment,Freshwater Taxonomy,,SURBER,,,,,,10,Number of Individual Organisms,,4/30/2021,,,27,Count,,,,,,,,,,,ID-COUNT-LEVEL2,,09JEN1357_20,,"Rhithron Associates Inc, Missoula MT",,Baetis tricaudatus complex,100817,,Larva,,,,
Warning,Ambient Monitoring,09JEN1357,09JEN1357,Sample,GovLocal,9/24/2019,,,,,8,ft2,,,,,,09JEN1357_19,,N,,Y,,Solid/Sediment,Freshwater Taxonomy,,SURBER,,,,,,5,Number of Individual Organisms,,2/7/2020,,,1,Count,,,,,,,,,,,ID-COUNT-LEVEL2,,09JEN1357_19,,"Rhithron Associates Inc, Missoula MT",,Chamaedrilus,68510,,unknown,,,,
Warning,Ambient Monitoring,09JEN1357,09JEN1357,Sample,GovLocal,9/24/2019,,,,,8,ft2,,,,,,09JEN1357_19,,N,,Y,,Solid/Sediment,Freshwater Taxonomy,,SURBER,,,,,,5,Number of Individual Organisms,,2/7/2020,,,2,Count,,,,,,,,,,,ID-COUNT-LEVEL2,,09JEN1357_19,,"Rhithron Associates Inc, Missoula MT",,Tvetenia bavarica Group,129197,,Larva,,,,
Warning,Ambient Monitoring,09JEN1357,09JEN1357,Sample,GovLocal,9/24/2019,,,,,8,ft2,,,,,,09JEN1357_19,,N,,Y,,Solid/Sediment,Freshwater Taxonomy,,SURBER,,,,,,5,Number of Individual Organisms,,2/7/2020,,,2,Count,,,,,,,,,,,ID-COUNT-LEVEL2,,09JEN1357_19,,"Rhithron Associates Inc, Missoula MT",,Thienemannimyia Group,128078,,Larva,,,,
Warning,Ambient Monitoring,09JEN1357,09JEN1357,Sample,GovLocal,9/24/2019,,,,,8,ft2,,,,,,09JEN1357_19,,N,,Y,,Solid/Sediment,Freshwater Taxonomy,,SURBER,,,,,,5,Number of Individual Organisms,,2/7/2020,,,7,Count,,,,,,,,,,,ID-COUNT-LEVEL2,,09JEN1357_19,,"Rhithron Associates Inc, Missoula MT",,Zapada oregonensis Group,102591,,Larva,,,,
Warning,Ambient Monitoring,09JEN1357,09JEN1357,Sample,GovLocal,9/24/2019,,,,,8,ft2,,,,,,09JEN1357_19,,N,,Y,,Solid/Sediment,Freshwater Taxonomy,,SURBER,,,,,,5,Number of Individual Organisms,,2/7/2020,,,6,Count,,,,,,,,,,,ID-COUNT-LEVEL2,,09JEN1357_19,,"Rhithron Associates Inc, Missoula MT",,Rhyacophila betteni Group,115097,,Larva,,,,
Warning,Ambient Monitoring,09JEN1357,09JEN1357,Sample,GovLocal,9/24/2019,,,,,8,ft2,,,,,,09JEN1357_19,,N,,Y,,Solid/Sediment,Freshwater Taxonomy,,SURBER,,,,,,5,Number of Individual Organisms,,2/7/2020,,,6,Count,,,,,,,,,,,ID-COUNT-LEVEL2,,09JEN1357_19,,"Rhithron Associates Inc, Missoula MT",,Rhyacophila brunnea/vemna Group,115097,,Larva,,,,
Warning,Ambient Monitoring,09JEN1357,09JEN1357,Sample,GovLocal,9/24/2019,,,,,8,ft2,,,,,,09JEN1357_19,,N,,Y,,Solid/Sediment,Freshwater Taxonomy,,SURBER,,,,,,5,Number of Individual Organisms,,2/7/2020,,,6,Count,,,,,,,,,,,ID-COUNT-LEVEL2,,09JEN1357_19,,"Rhithron Associates Inc, Missoula MT",,Neoleptophlebia,101095,,Larva,,,,
Warning,Ambient Monitoring,09JEN1357,09JEN1357,Sample,GovLocal,9/24/2019,,,,,8,ft2,,,,,,09JEN1357_19,,N,,Y,,Solid/Sediment,Freshwater Taxonomy,,SURBER,,,,,,5,Number of Individual Organisms,,2/7/2020,,,15,Count,,,,,,,,,,,ID-COUNT-LEVEL2,,09JEN1357_19,,"Rhithron Associates Inc, Missoula MT",,Baetis tricaudatus complex,100817,,Larva,,,,
Warning,Ambient Monitoring,09JEN1357,09JEN1357,Sample,GovLocal,9/24/2019,,,,,8,ft2,,,,,,09JEN1357_19,,N,,Y,,Solid/Sediment,Freshwater Taxonomy,,SURBER,,,,,,5,Number of Individual Organisms,,2/7/2020,,,5,Count,,,,,,,,,,,ID-COUNT-LEVEL2,,09JEN1357_19,,"Rhithron Associates Inc, Missoula MT",,Labiobaetis sonajuventus,568552,,Larva,,,,
Warning,Ambient Monitoring,09JEN1357,09JEN1357,Sample,GovLocal,8/23/2018,,,,,8,ft2,,,,,,09JEN1357_18,,N,,Y,,Solid/Sediment,Freshwater Taxonomy,,SURBER,,,,,,10,Number of Individual Organisms,,1/3/2019,,,6,Count,,,,,,,,,,,ID-COUNT-LEVEL2,,09JEN1357_18,,"Rhithron Associates Inc, Missoula MT",,Tvetenia bavarica Group,129197,,Larva,,,,
Warning,Ambient Monitoring,09JEN1357,09JEN1357,Sample,GovLocal,8/23/2018,,,,,8,ft2,,,,,,09JEN1357_18,,N,,Y,,Solid/Sediment,Freshwater Taxonomy,,SURBER,,,,,,10,Number of Individual Organisms,,1/3/2019,,,1,Count,,,,,,,,,,,ID-COUNT-LEVEL2,,09JEN1357_18,,"Rhithron Associates Inc, Missoula MT",,Thienemannimyia Group,128078,,Larva,,,,
Warning,Ambient Monitoring,09JEN1357,09JEN1357,Sample,GovLocal,8/23/2018,,,,,8,ft2,,,,,,09JEN1357_18,,N,,Y,,Solid/Sediment,Freshwater Taxonomy,,SURBER,,,,,,10,Number of Individual Organisms,,1/3/2019,,,1,Count,,,,,,,,,,,ID-COUNT-LEVEL2,,09JEN1357_18,,"Rhithron Associates Inc, Missoula MT",,Rhyacophila betteni Group,115097,,Larva,,,,
Warning,Ambient Monitoring,09JEN1357,09JEN1357,Sample,GovLocal,8/23/2018,,,,,8,ft2,,,,,,09JEN1357_18,,N,,Y,,Solid/Sediment,Freshwater Taxonomy,,SURBER,,,,,,10,Number of Individual Organisms,,1/3/2019,,,2,Count,,,,,,,,,,,ID-COUNT-LEVEL2,,09JEN1357_18,,"Rhithron Associates Inc, Missoula MT",,Rhyacophila brunnea/vemna Group,115097,,Larva,,,,
Warning,Ambient Monitoring,09COV1165,09COV1165,Sample,GovLocal,9/16/2015,,,,,8,ft2,,,,,,09COV1165_15,,N,,Y,,Solid/Sediment,Freshwater Taxonomy,,SURBER,,,,,,10,Number of Individual Organisms,,4/22/2016,,,5,Count,,,,,,,,,,,ID-COUNT-LEVEL2,,09COV1165_15,,"Rhithron Associates Inc, Missoula MT",,Rhyacophila brunnea/vemna Group,115097,,Larva,,,,
Warning,Ambient Monitoring,09COV1165,09COV1165,Sample,GovLocal,9/16/2015,,,,,8,ft2,,,,,,09COV1165_15,,N,,Y,,Solid/Sediment,Freshwater Taxonomy,,SURBER,,,,,,10,Number of Individual Organisms,,4/22/2016,,,65,Count,,,,,,,,,,,ID-COUNT-LEVEL2,,09COV1165_15,,"Rhithron Associates Inc, Missoula MT",,Baetis tricaudatus complex,100817,,Larva,,,,
Warning,Ambient Monitoring,09COV1418,09COV1418,Sample,GovLocal,8/21/2024,,,,,8,ft2,,,,,,09COV1418_24,,N,,Y,,Solid/Sediment,Freshwater Taxonomy,,SURBER,,,,,,10,Number of Individual Organisms,,4/14/2025,,,6,Count,,,,,,,,,,,ID-COUNT-LEVEL2,,09COV1418_24,,"Rhithron Associates Inc, Missoula MT",,Tvetenia bavarica Group,129197,,Larva,,,,
Warning,Ambient Monitoring,09COV1418,09COV1418,Sample,GovLocal,8/21/2024,,,,,8,ft2,,,,,,09COV1418_24,,N,,Y,,Solid/Sediment,Freshwater Taxonomy,,SURBER,,,,,,10,Number of Individual Organisms,,4/14/2025,,,5,Count,,,,,,,,,,,ID-COUNT-LEVEL2,,09COV1418_24,,"Rhithron Associates Inc, Missoula MT",,Thienemannimyia Group,128078,,Larva,,,,
Warning,Ambient Monitoring,09COV1418,09COV1418,Sample,GovLocal,8/21/2024,,,,,8,ft2,,,,,,09COV1418_24,,N,,Y,,Solid/Sediment,Freshwater Taxonomy,,SURBER,,,,,,10,Number of Individual Organisms,,4/14/2025,,,1,Count,,,,,,,,,,,ID-COUNT-LEVEL2,,09COV1418_24,,"Rhithron Associates Inc, Missoula MT",,Rhyacophila brunnea/vemna Group,115097,,Larva,,,,
Warning,Ambient Monitoring,09COV1418,09COV1418,Sample,GovLocal,8/21/2024,,,,,8,ft2,,,,,,09COV1418_24,,N,,Y,,Solid/Sediment,Freshwater Taxonomy,,SURBER,,,,,,10,Number of Individual Organisms,,4/14/2025,,,2,Count,,,,,,,,,,,ID-COUNT-LEVEL2,,09COV1418_24,,"Rhithron Associates Inc, Missoula MT",,Paraleptophlebia bicornuta Group,101206,,Larva,,,,
Warning,Ambient Monitoring,09COV1418,09COV1418,Sample,GovLocal,8/21/2024,,,,,8,ft2,,,,,,09COV1418_24,,N,,Y,,Solid/Sediment,Freshwater Taxonomy,,SURBER,,,,,,10,Number of Individual Organisms,,4/14/2025,,,49,Count,,,,,,,,,,,ID-COUNT-LEVEL2,,09COV1418_24,,"Rhithron Associates Inc, Missoula MT",,Baetis tricaudatus complex,100817,,Larva,,,,
Warning,Ambient Monitoring,09COV1418,09COV1418,Sample,GovLocal,9/13/2023,,,,,8,ft2,,,,,,09COV1418_23,,N,,Y,,Solid/Sediment,Freshwater Taxonomy,,SURBER,,,,,,6.67,Number of Individual Organisms,,4/1/2024,,,7,Count,,,,,,,,,,,ID-COUNT-LEVEL2,,09COV1418_23,,"Rhithron Associates Inc, Missoula MT",,Thienemannimyia Group,128078,,Larva,,,,
Warning,Ambient Monitoring,09COV1418,09COV1418,Sample,GovLocal,9/13/2023,,,,,8,ft2,,,,,,09COV1418_23,,N,,Y,,Solid/Sediment,Freshwater Taxonomy,,SURBER,,,,,,6.67,Number of Individual Organisms,,4/1/2024,,,3,Count,,,,,,,,,,,ID-COUNT-LEVEL2,,09COV1418_23,,"Rhithron Associates Inc, Missoula MT",,Zapada oregonensis Group,102591,,Larva,,,,
Warning,Ambient Monitoring,09COV1418,09COV1418,Sample,GovLocal,9/19/2019,,,,,8,ft2,,,,,,09COV1418_19,,N,,Y,,Solid/Sediment,Freshwater Taxonomy,,SURBER,,,,,,10,Number of Individual Organisms,,2/7/2020,,,1,Count,,,,,,,,,,,ID-COUNT-LEVEL2,,09COV1418_19,,"Rhithron Associates Inc, Missoula MT",,Potthastia gaedii Group,128408,,Larva,,,,
Warning,Ambient Monitoring,09COV1418,09COV1418,Sample,GovLocal,9/19/2019,,,,,8,ft2,,,,,,09COV1418_19,,N,,Y,,Solid/Sediment,Freshwater Taxonomy,,SURBER,,,,,,10,Number of Individual Organisms,,2/7/2020,,,4,Count,,,,,,,,,,,ID-COUNT-LEVEL2,,09COV1418_19,,"Rhithron Associates Inc, Missoula MT",,Tvetenia bavarica Group,129197,,Larva,,,,
Warning,Ambient Monitoring,09COV1418,09COV1418,Sample,GovLocal,9/19/2019,,,,,8,ft2,,,,,,09COV1418_19,,N,,Y,,Solid/Sediment,Freshwater Taxonomy,,SURBER,,,,,,10,Number of Individual Organisms,,2/7/2020,,,18,Count,,,,,,,,,,,ID-COUNT-LEVEL2,,09COV1418_19,,"Rhithron Associates Inc, Missoula MT",,Thienemannimyia Group,128078,,Larva,,,,
Warning,Ambient Monitoring,09COV1418,09COV1418,Sample,GovLocal,9/19/2019,,,,,8,ft2,,,,,,09COV1418_19,,N,,Y,,Solid/Sediment,Freshwater Taxonomy,,SURBER,,,,,,10,Number of Individual Organisms,,2/7/2020,,,1,Count,,,,,,,,,,,ID-COUNT-LEVEL2,,09COV1418_19,,"Rhithron Associates Inc, Missoula MT",,Holorusia hespera,118890,,Larva,,,,
Warning,Ambient Monitoring,09COV1418,09COV1418,Sample,GovLocal,9/19/2019,,,,,8,ft2,,,,,,09COV1418_19,,N,,Y,,Solid/Sediment,Freshwater Taxonomy,,SURBER,,,,,,10,Number of Individual Organisms,,2/7/2020,,,1,Count,,,,,,,,,,,ID-COUNT-LEVEL2,,09COV1418_19,,"Rhithron Associates Inc, Missoula MT",,Zapada oregonensis Group,102591,,Larva,,,,
Warning,Ambient Monitoring,09COV1418,09COV1418,Sample,GovLocal,9/19/2019,,,,,8,ft2,,,,,,09COV1418_19,,N,,Y,,Solid/Sediment,Freshwater Taxonomy,,SURBER,,,,,,10,Number of Individual Organisms,,2/7/2020,,,19,Count,,,,,,,,,,,ID-COUNT-LEVEL2,,09COV1418_19,,"Rhithron Associates Inc, Missoula MT",,Neoleptophlebia,101095,,Larva,,,,
Warning,Ambient Monitoring,09COV1418,09COV1418,Sample,GovLocal,9/19/2019,,,,,8,ft2,,,,,,09COV1418_19,,N,,Y,,Solid/Sediment,Freshwater Taxonomy,,SURBER,,,,,,10,Number of Individual Organisms,,2/7/2020,,,5,Count,,,,,,,,,,,ID-COUNT-LEVEL2,,09COV1418_19,,"Rhithron Associates Inc, Missoula MT",,Paraleptophlebia bicornuta Group,101206,,Larva,,,,
Warning,Ambient Monitoring,09COV1418,09COV1418,Sample,GovLocal,9/19/2019,,,,,8,ft2,,,,,,09COV1418_19,,N,,Y,,Solid/Sediment,Freshwater Taxonomy,,SURBER,,,,,,10,Number of Individual Organisms,,2/7/2020,,,60,Count,,,,,,,,,,,ID-COUNT-LEVEL2,,09COV1418_19,,"Rhithron Associates Inc, Missoula MT",,Ephemerella excrucians Group,101276,,Larva,,,,
Warning,Ambient Monitoring,09COV1418,09COV1418,Sample,GovLocal,9/19/2019,,,,,8,ft2,,,,,,09COV1418_19,,N,,Y,,Solid/Sediment,Freshwater Taxonomy,,SURBER,,,,,,10,Number of Individual Organisms,,2/7/2020,,,1,Count,,,,,,,,,,,ID-COUNT-LEVEL2,,09COV1418_19,,"Rhithron Associates Inc, Missoula MT",,Anafroptilum,100755,,Larva,,,,
Warning,Ambient Monitoring,09COV1418,09COV1418,Sample,GovLocal,9/19/2019,,,,,8,ft2,,,,,,09COV1418_19,,N,,Y,,Solid/Sediment,Freshwater Taxonomy,,SURBER,,,,,,10,Number of Individual Organisms,,2/7/2020,,,32,Count,,,,,,,,,,,ID-COUNT-LEVEL2,,09COV1418_19,,"Rhithron Associates Inc, Missoula MT",,Baetis tricaudatus complex,100817,,Larva,,,,
Warning,Ambient Monitoring,09COV1418,09COV1418,Sample,GovLocal,9/27/2018,,,,,8,ft2,,,,,,09COV1418_18,,N,,Y,,Solid/Sediment,Freshwater Taxonomy,,SURBER,,,,,,13.33,Number of Individual Organisms,,11/19/2018,,,1,Count,,,,,,,,,,,ID-COUNT-LEVEL2,,09COV1418_18,,"Rhithron Associates Inc, Missoula MT",,Rhyacophila brunnea/vemna Group,115097,,Larva,,,,
Warning,Ambient Monitoring,09COV1418,09COV1418,Sample,GovLocal,9/27/2018,,,,,8,ft2,,,,,,09COV1418_18,,N,,Y,,Solid/Sediment,Freshwater Taxonomy,,SURBER,,,,,,13.33,Number of Individual Organisms,,11/19/2018,,,2,Count,,,,,,,,,,,ID-COUNT-LEVEL2,,09COV1418_18,,"Rhithron Associates Inc, Missoula MT",,Rhyacophila hyalinata Group,115097,,Larva,,,,
Warning,Ambient Monitoring,09COV1418,09COV1418,Sample,GovLocal,9/27/2018,,,,,8,ft2,,,,,,09COV1418_18,,N,,Y,,Solid/Sediment,Freshwater Taxonomy,,SURBER,,,,,,13.33,Number of Individual Organisms,,11/19/2018,,,33,Count,,,,,,,,,,,ID-COUNT-LEVEL2,,09COV1418_18,,"Rhithron Associates Inc, Missoula MT",,Baetis tricaudatus complex,100817,,Larva,,,,
Warning,Ambient Monitoring,09COV1418,09COV1418,Sample,GovLocal,9/27/2018,,,,,8,ft2,,,,,,09COV1418_18_R,,Y,,Y,,Solid/Sediment,Freshwater Taxonomy,,SURBER,,,,,,6.67,Number of Individual Organisms,,11/19/2018,,,1,Count,,,,,,,,,,,ID-COUNT-LEVEL2,,09COV1418_18_R,,"Rhithron Associates Inc, Missoula MT",,Chamaedrilus,68510,,unknown,,,,
Warning,Ambient Monitoring,09COV1418,09COV1418,Sample,GovLocal,8/27/2015,,,,,8,ft2,,,,,,09COV1418_15_R,,Y,,Y,,Solid/Sediment,Freshwater Taxonomy,,SURBER,,,,,,16.67,Number of Individual Organisms,,4/22/2016,,,1,Count,,,,,,,,,,,ID-COUNT-LEVEL2,,09COV1418_15_R,,"Rhithron Associates Inc, Missoula MT",,Rhyacophila brunnea/vemna Group,115097,,Larva,,,,
Warning,Ambient Monitoring,09COV1418,09COV1418,Sample,GovLocal,8/27/2015,,,,,8,ft2,,,,,,09COV1418_15_R,,Y,,Y,,Solid/Sediment,Freshwater Taxonomy,,SURBER,,,,,,16.67,Number of Individual Organisms,,4/22/2016,,,1,Count,,,,,,,,,,,ID-COUNT-LEVEL2,,09COV1418_15_R,,"Rhithron Associates Inc, Missoula MT",,Rhyacophila hyalinata Group,115097,,Larva,,,,
Warning,Ambient Monitoring,09COV1418,09COV1418,Sample,GovLocal,8/27/2015,,,,,8,ft2,,,,,,09COV1418_15_R,,Y,,Y,,Solid/Sediment,Freshwater Taxonomy,,SURBER,,,,,,16.67,Number of Individual Organisms,,4/22/2016,,,1,Count,,,,,,,,,,,ID-COUNT-LEVEL2,,09COV1418_15_R,,"Rhithron Associates Inc, Missoula MT",,Anafroptilum,100755,,Larva,,,,
Warning,Ambient Monitoring,09COV1418,09COV1418,Sample,GovLocal,8/27/2015,,,,,8,ft2,,,,,,09COV1418_15_R,,Y,,Y,,Solid/Sediment,Freshwater Taxonomy,,SURBER,,,,,,16.67,Number of Individual Organisms,,4/22/2016,,,17,Count,,,,,,,,,,,ID-COUNT-LEVEL2,,09COV1418_15_R,,"Rhithron Associates Inc, Missoula MT",,Baetis tricaudatus complex,100817,,Larva,,,,
Warning,Ambient Monitoring,09COV1756,09COV1756,Sample,GovLocal,9/26/2024,,,,,8,ft2,,,,,,09COV1756_24,,N,,Y,,Solid/Sediment,Freshwater Taxonomy,,SURBER,,,,,,6.67,Number of Individual Organisms,,5/13/2025,,,5,Count,,,,,,,,,,,ID-COUNT-LEVEL2,,09COV1756_24,,"Rhithron Associates Inc, Missoula MT",,Tvetenia bavarica Group,129197,,Larva,,,,
Warning,Ambient Monitoring,09COV1756,09COV1756,Sample,GovLocal,9/26/2024,,,,,8,ft2,,,,,,09COV1756_24,,N,,Y,,Solid/Sediment,Freshwater Taxonomy,,SURBER,,,,,,6.67,Number of Individual Organisms,,5/13/2025,,,6,Count,,,,,,,,,,,ID-COUNT-LEVEL2,,09COV1756_24,,"Rhithron Associates Inc, Missoula MT",,Zapada oregonensis Group,102591,,Larva,,,,
Warning,Ambient Monitoring,09COV1756,09COV1756,Sample,GovLocal,9/26/2024,,,,,8,ft2,,,,,,09COV1756_24,,N,,Y,,Solid/Sediment,Freshwater Taxonomy,,SURBER,,,,,,6.67,Number of Individual Organisms,,5/13/2025,,,1,Count,,,,,,,,,,,ID-COUNT-LEVEL2,,09COV1756_24,,"Rhithron Associates Inc, Missoula MT",,Rhyacophila betteni Group,115097,,Larva,,,,
Warning,Ambient Monitoring,09COV1756,09COV1756,Sample,GovLocal,9/26/2024,,,,,8,ft2,,,,,,09COV1756_24,,N,,Y,,Solid/Sediment,Freshwater Taxonomy,,SURBER,,,,,,6.67,Number of Individual Organisms,,5/13/2025,,,7,Count,,,,,,,,,,,ID-COUNT-LEVEL2,,09COV1756_24,,"Rhithron Associates Inc, Missoula MT",,Baetis tricaudatus complex,100817,,Larva,,,,
Warning,Ambient Monitoring,09COV1756,09COV1756,Sample,GovLocal,9/11/2023,,,,,8,ft2,,,,,,09COV1756_23,,N,,Y,,Solid/Sediment,Freshwater Taxonomy,,SURBER,,,,,,20,Number of Individual Organisms,,4/18/2024,,,3,Count,,,,,,,,,,,ID-COUNT-LEVEL2,,09COV1756_23,,"Rhithron Associates Inc, Missoula MT",,Tvetenia bavarica Group,129197,,Larva,,,,
Warning,Ambient Monitoring,09COV1756,09COV1756,Sample,GovLocal,8/13/2019,,,,,8,ft2,,,,,,09COV1756_19,,N,,Y,,Solid/Sediment,Freshwater Taxonomy,,SURBER,,,,,,13.33,Number of Individual Organisms,,11/4/2019,,,1,Count,,,,,,,,,,,ID-COUNT-LEVEL2,,09COV1756_19,,"Rhithron Associates Inc, Missoula MT",,Rhyacophila betteni Group,115097,,Larva,,,,
Warning,Ambient Monitoring,09COV1756,09COV1756,Sample,GovLocal,8/13/2019,,,,,8,ft2,,,,,,09COV1756_19,,N,,Y,,Solid/Sediment,Freshwater Taxonomy,,SURBER,,,,,,13.33,Number of Individual Organisms,,11/4/2019,,,4,Count,,,,,,,,,,,ID-COUNT-LEVEL2,,09COV1756_19,,"Rhithron Associates Inc, Missoula MT",,Rhyacophila brunnea/vemna Group,115097,,Larva,,,,
Warning,Ambient Monitoring,09COV1756,09COV1756,Sample,GovLocal,8/13/2019,,,,,8,ft2,,,,,,09COV1756_19,,N,,Y,,Solid/Sediment,Freshwater Taxonomy,,SURBER,,,,,,13.33,Number of Individual Organisms,,11/4/2019,,,49,Count,,,,,,,,,,,ID-COUNT-LEVEL2,,09COV1756_19,,"Rhithron Associates Inc, Missoula MT",,Baetis tricaudatus complex,100817,,Larva,,,,
Warning,Ambient Monitoring,09COV1756,09COV1756,Sample,GovLocal,9/11/2018,,,,,8,ft2,,,,,,09COV1756_18,,N,,Y,,Solid/Sediment,Freshwater Taxonomy,,SURBER,,,,,,10,Number of Individual Organisms,,10/8/2018,,,2,Count,,,,,,,,,,,ID-COUNT-LEVEL2,,09COV1756_18,,"Rhithron Associates Inc, Missoula MT",,Zapada oregonensis Group,102591,,Larva,,,,
Warning,Ambient Monitoring,09COV1756,09COV1756,Sample,GovLocal,9/11/2018,,,,,8,ft2,,,,,,09COV1756_18,,N,,Y,,Solid/Sediment,Freshwater Taxonomy,,SURBER,,,,,,10,Number of Individual Organisms,,10/8/2018,,,1,Count,,,,,,,,,,,ID-COUNT-LEVEL2,,09COV1756_18,,"Rhithron Associates Inc, Missoula MT",,Thremmatidae,598162,,Pupa,,,,
Warning,Ambient Monitoring,09COV1756,09COV1756,Sample,GovLocal,9/11/2018,,,,,8,ft2,,,,,,09COV1756_18,,N,,Y,,Solid/Sediment,Freshwater Taxonomy,,SURBER,,,,,,10,Number of Individual Organisms,,10/8/2018,,,1,Count,,,,,,,,,,,ID-COUNT-LEVEL2,,09COV1756_18,,"Rhithron Associates Inc, Missoula MT",,Rhyacophila betteni Group,115097,,Larva,,,,
Warning,Ambient Monitoring,09COV1756,09COV1756,Sample,GovLocal,9/11/2018,,,,,8,ft2,,,,,,09COV1756_18,,N,,Y,,Solid/Sediment,Freshwater Taxonomy,,SURBER,,,,,,10,Number of Individual Organisms,,10/8/2018,,,3,Count,,,,,,,,,,,ID-COUNT-LEVEL2,,09COV1756_18,,"Rhithron Associates Inc, Missoula MT",,Rhyacophila brunnea/vemna Group,115097,,Larva,,,,
Warning,Ambient Monitoring,09COV1756,09COV1756,Sample,GovLocal,9/11/2018,,,,,8,ft2,,,,,,09COV1756_18,,N,,Y,,Solid/Sediment,Freshwater Taxonomy,,SURBER,,,,,,10,Number of Individual Organisms,,10/8/2018,,,17,Count,,,,,,,,,,,ID-COUNT-LEVEL2,,09COV1756_18,,"Rhithron Associates Inc, Missoula MT",,Baetis tricaudatus complex,100817,,Larva,,,,
Warning,Ambient Monitoring,09COV1756,09COV1756,Sample,GovLocal,7/26/2017,,,,,8,ft2,,,,,,09COV1756_17,,N,,Y,,Solid/Sediment,Freshwater Taxonomy,,SURBER,,,,,,16.67,Number of Individual Organisms,,3/16/2018,,,1,Count,,,,,,,,,,,ID-COUNT-LEVEL2,,09COV1756_17,,"Rhithron Associates Inc, Missoula MT",,Chamaedrilus,68510,,unknown,,,,
Warning,Ambient Monitoring,09COV1756,09COV1756,Sample,GovLocal,7/26/2017,,,,,8,ft2,,,,,,09COV1756_17,,N,,Y,,Solid/Sediment,Freshwater Taxonomy,,SURBER,,,,,,16.67,Number of Individual Organisms,,3/16/2018,,,10,Count,,,,,,,,,,,ID-COUNT-LEVEL2,,09COV1756_17,,"Rhithron Associates Inc, Missoula MT",,Tvetenia bavarica Group,129197,,Larva,,,,
Warning,Ambient Monitoring,09COV1862,09COV1862,Sample,GovLocal,7/18/2019,,,,,8,ft2,,,,,,09COV1862_19,,N,,Y,,Solid/Sediment,Freshwater Taxonomy,,SURBER,,,,,,36.67,Number of Individual Organisms,,10/2/2019,,,1,Count,,,,,,,,,,,ID-COUNT-LEVEL2,,09COV1862_19,,"Rhithron Associates Inc, Missoula MT",,Tvetenia bavarica Group,129197,,Larva,,,,
Warning,Ambient Monitoring,09COV1862,09COV1862,Sample,GovLocal,7/18/2019,,,,,8,ft2,,,,,,09COV1862_19,,N,,Y,,Solid/Sediment,Freshwater Taxonomy,,SURBER,,,,,,36.67,Number of Individual Organisms,,10/2/2019,,,1,Count,,,,,,,,,,,ID-COUNT-LEVEL2,,09COV1862_19,,"Rhithron Associates Inc, Missoula MT",,Thienemannimyia Group,128078,,Larva,,,,
Warning,Ambient Monitoring,09COV1862,09COV1862,Sample,GovLocal,7/18/2019,,,,,8,ft2,,,,,,09COV1862_19,,N,,Y,,Solid/Sediment,Freshwater Taxonomy,,SURBER,,,,,,36.67,Number of Individual Organisms,,10/2/2019,,,5,Count,,,,,,,,,,,ID-COUNT-LEVEL2,,09COV1862_19,,"Rhithron Associates Inc, Missoula MT",,Rhyacophila betteni Group,115097,,Larva,,,,
Warning,Ambient Monitoring,09COV1862,09COV1862,Sample,GovLocal,9/20/2018,,,,,8,ft2,,,,,,09COV1862_18,,N,,Y,,Solid/Sediment,Freshwater Taxonomy,,SURBER,,,,,,6.67,Number of Individual Organisms,,11/19/2018,,,2,Count,,,,,,,,,,,ID-COUNT-LEVEL2,,09COV1862_18,,"Rhithron Associates Inc, Missoula MT",,Monatractides,83249,,Adult,,,,
Warning,Ambient Monitoring,09COV1862,09COV1862,Sample,GovLocal,9/20/2018,,,,,8,ft2,,,,,,09COV1862_18,,N,,Y,,Solid/Sediment,Freshwater Taxonomy,,SURBER,,,,,,6.67,Number of Individual Organisms,,11/19/2018,,,5,Count,,,,,,,,,,,ID-COUNT-LEVEL2,,09COV1862_18,,"Rhithron Associates Inc, Missoula MT",,Rhyacophila betteni Group,115097,,Larva,,,,
Warning,Ambient Monitoring,09COV1862,09COV1862,Sample,GovLocal,9/20/2018,,,,,8,ft2,,,,,,09COV1862_18,,N,,Y,,Solid/Sediment,Freshwater Taxonomy,,SURBER,,,,,,6.67,Number of Individual Organisms,,11/19/2018,,,5,Count,,,,,,,,,,,ID-COUNT-LEVEL2,,09COV1862_18,,"Rhithron Associates Inc, Missoula MT",,Neoleptophlebia,101095,,Larva,,,,
Warning,Ambient Monitoring,09COV1862,09COV1862,Sample,GovLocal,9/20/2018,,,,,8,ft2,,,,,,09COV1862_18,,N,,Y,,Solid/Sediment,Freshwater Taxonomy,,SURBER,,,,,,6.67,Number of Individual Organisms,,11/19/2018,,,1,Count,,,,,,,,,,,ID-COUNT-LEVEL2,,09COV1862_18,,"Rhithron Associates Inc, Missoula MT",,Baetis tricaudatus complex,100817,,Larva,,,,
Warning,Ambient Monitoring,09COV1862,09COV1862,Sample,GovLocal,7/26/2017,,,,,8,ft2,,,,,,09COV1862_17,,N,,Y,,Solid/Sediment,Freshwater Taxonomy,,SURBER,,,,,,33.33,Number of Individual Organisms,,3/16/2018,,,2,Count,,,,,,,,,,,ID-COUNT-LEVEL2,,09COV1862_17,,"Rhithron Associates Inc, Missoula MT",,Monatractides,83249,,Adult,,,,
Warning,Ambient Monitoring,09COV1864,09COV1864,Sample,GovLocal,9/21/2022,,,,,8,ft2,,,,,,09COV1864_22,,N,,Y,,Solid/Sediment,Freshwater Taxonomy,,SURBER,,,,,,20,Number of Individual Organisms,,2/1/2023,,,1,Count,,,,,,,,,,,ID-COUNT-LEVEL2,,09COV1864_22,,"Rhithron Associates Inc, Missoula MT",,Thienemannimyia Group,128078,,Larva,,,,
Warning,Ambient Monitoring,09COV1864,09COV1864,Sample,GovLocal,9/21/2022,,,,,8,ft2,,,,,,09COV1864_22,,N,,Y,,Solid/Sediment,Freshwater Taxonomy,,SURBER,,,,,,20,Number of Individual Organisms,,2/1/2023,,,7,Count,,,,,,,,,,,ID-COUNT-LEVEL2,,09COV1864_22,,"Rhithron Associates Inc, Missoula MT",,Baetis tricaudatus complex,100817,,Larva,,,,
Warning,Ambient Monitoring,09COV1864,09COV1864,Sample,GovLocal,9/21/2022,,,,,8,ft2,,,,,,09COV1864_22_R,,Y,,Y,,Solid/Sediment,Freshwater Taxonomy,,SURBER,,,,,,13.33,Number of Individual Organisms,,2/1/2023,,,4,Count,,,,,,,,,,,ID-COUNT-LEVEL2,,09COV1864_22_R,,"Rhithron Associates Inc, Missoula MT",,Thienemannimyia Group,128078,,Larva,,,,
Warning,Ambient Monitoring,09COV1864,09COV1864,Sample,GovLocal,9/21/2022,,,,,8,ft2,,,,,,09COV1864_22_R,,Y,,Y,,Solid/Sediment,Freshwater Taxonomy,,SURBER,,,,,,13.33,Number of Individual Organisms,,2/1/2023,,,22,Count,,,,,,,,,,,ID-COUNT-LEVEL2,,09COV1864_22_R,,"Rhithron Associates Inc, Missoula MT",,Baetis tricaudatus complex,100817,,Larva,,,,
Warning,Ambient Monitoring,09COV1864,09COV1864,Sample,GovLocal,7/22/2021,,,,,8,ft2,,,,,,09COV1864_21,,N,,Y,,Solid/Sediment,Freshwater Taxonomy,,SURBER,,,,,,10,Number of Individual Organisms,,10/20/2021,,,1,Count,,,,,,,,,,,ID-COUNT-LEVEL2,,09COV1864_21,,"Rhithron Associates Inc, Missoula MT",,Rhyacophila betteni Group,115097,,Larva,,,,
Warning,Ambient Monitoring,09COV1864,09COV1864,Sample,GovLocal,7/22/2021,,,,,8,ft2,,,,,,09COV1864_21,,N,,Y,,Solid/Sediment,Freshwater Taxonomy,,SURBER,,,,,,10,Number of Individual Organisms,,10/20/2021,,,7,Count,,,,,,,,,,,ID-COUNT-LEVEL2,,09COV1864_21,,"Rhithron Associates Inc, Missoula MT",,Baetis tricaudatus complex,100817,,Larva,,,,
Warning,Ambient Monitoring,09DEE2163,09DEE2163,Sample,GovLocal,9/5/2023,,,,,8,ft2,,,,,,09DEE2163_23,,N,,Y,,Solid/Sediment,Freshwater Taxonomy,,SURBER,,,,,,3.33,Number of Individual Organisms,,4/16/2024,,,3,Count,,,,,,,,,,,ID-COUNT-LEVEL2,,09DEE2163_23,,"Rhithron Associates Inc, Missoula MT",,Tvetenia bavarica Group,129197,,Larva,,,,
Warning,Ambient Monitoring,09DEE2163,09DEE2163,Sample,GovLocal,9/5/2023,,,,,8,ft2,,,,,,09DEE2163_23,,N,,Y,,Solid/Sediment,Freshwater Taxonomy,,SURBER,,,,,,3.33,Number of Individual Organisms,,4/16/2024,,,2,Count,,,,,,,,,,,ID-COUNT-LEVEL2,,09DEE2163_23,,"Rhithron Associates Inc, Missoula MT",,Thienemannimyia Group,128078,,Larva,,,,
Warning,Ambient Monitoring,09DEE2163,09DEE2163,Sample,GovLocal,9/5/2023,,,,,8,ft2,,,,,,09DEE2163_23,,N,,Y,,Solid/Sediment,Freshwater Taxonomy,,SURBER,,,,,,3.33,Number of Individual Organisms,,4/16/2024,,,4,Count,,,,,,,,,,,ID-COUNT-LEVEL2,,09DEE2163_23,,"Rhithron Associates Inc, Missoula MT",,Rhyacophila brunnea/vemna Group,115097,,Larva,,,,
Warning,Ambient Monitoring,09DEE2163,09DEE2163,Sample,GovLocal,9/5/2023,,,,,8,ft2,,,,,,09DEE2163_23,,N,,Y,,Solid/Sediment,Freshwater Taxonomy,,SURBER,,,,,,3.33,Number of Individual Organisms,,4/16/2024,,,1,Count,,,,,,,,,,,ID-COUNT-LEVEL2,,09DEE2163_23,,"Rhithron Associates Inc, Missoula MT",,Paraleptophlebia bicornuta Group,101206,,Larva,,,,
Warning,Ambient Monitoring,09DEE2163,09DEE2163,Sample,GovLocal,9/5/2023,,,,,8,ft2,,,,,,09DEE2163_23,,N,,Y,,Solid/Sediment,Freshwater Taxonomy,,SURBER,,,,,,3.33,Number of Individual Organisms,,4/16/2024,,,8,Count,,,,,,,,,,,ID-COUNT-LEVEL2,,09DEE2163_23,,"Rhithron Associates Inc, Missoula MT",,Anafroptilum,100755,,Larva,,,,
Warning,Ambient Monitoring,09DEE2163,09DEE2163,Sample,GovLocal,9/5/2023,,,,,8,ft2,,,,,,09DEE2163_23,,N,,Y,,Solid/Sediment,Freshwater Taxonomy,,SURBER,,,,,,3.33,Number of Individual Organisms,,4/16/2024,,,11,Count,,,,,,,,,,,ID-COUNT-LEVEL2,,09DEE2163_23,,"Rhithron Associates Inc, Missoula MT",,Baetis tricaudatus complex,100817,,Larva,,,,
Warning,Ambient Monitoring,09DEE2163,09DEE2163,Sample,GovLocal,9/7/2022,,,,,8,ft2,,,,,,09DEE2163_22,,N,,Y,,Solid/Sediment,Freshwater Taxonomy,,SURBER,,,,,,13.33,Number of Individual Organisms,,5/19/2023,,,1,Count,,,,,,,,,,,ID-COUNT-LEVEL2,,09DEE2163_22,,"Rhithron Associates Inc, Missoula MT",,Monatractides,83249,,Adult,,,,
Warning,Ambient Monitoring,09DEE2163,09DEE2163,Sample,GovLocal,9/7/2022,,,,,8,ft2,,,,,,09DEE2163_22,,N,,Y,,Solid/Sediment,Freshwater Taxonomy,,SURBER,,,,,,13.33,Number of Individual Organisms,,5/19/2023,,,4,Count,,,,,,,,,,,ID-COUNT-LEVEL2,,09DEE2163_22,,"Rhithron Associates Inc, Missoula MT",,Tvetenia bavarica Group,129197,,Larva,,,,
Warning,Ambient Monitoring,09DEE2163,09DEE2163,Sample,GovLocal,9/7/2022,,,,,8,ft2,,,,,,09DEE2163_22,,N,,Y,,Solid/Sediment,Freshwater Taxonomy,,SURBER,,,,,,13.33,Number of Individual Organisms,,5/19/2023,,,1,Count,,,,,,,,,,,ID-COUNT-LEVEL2,,09DEE2163_22,,"Rhithron Associates Inc, Missoula MT",,Rhyacophila betteni Group,115097,,Larva,,,,
Warning,Ambient Monitoring,09DEE2163,09DEE2163,Sample,GovLocal,9/7/2022,,,,,8,ft2,,,,,,09DEE2163_22,,N,,Y,,Solid/Sediment,Freshwater Taxonomy,,SURBER,,,,,,13.33,Number of Individual Organisms,,5/19/2023,,,1,Count,,,,,,,,,,,ID-COUNT-LEVEL2,,09DEE2163_22,,"Rhithron Associates Inc, Missoula MT",,Ephemerella excrucians Group,101276,,Larva,,,,
Warning,Ambient Monitoring,09DEE2163,09DEE2163,Sample,GovLocal,9/7/2022,,,,,8,ft2,,,,,,09DEE2163_22,,N,,Y,,Solid/Sediment,Freshwater Taxonomy,,SURBER,,,,,,13.33,Number of Individual Organisms,,5/19/2023,,,56,Count,,,,,,,,,,,ID-COUNT-LEVEL2,,09DEE2163_22,,"Rhithron Associates Inc, Missoula MT",,Baetis tricaudatus complex,100817,,Larva,,,,
Warning,Ambient Monitoring,09DEE2163,09DEE2163,Sample,GovLocal,10/7/2021,,,,,8,ft2,,,,,,09DEE2163_21,,N,,Y,,Solid/Sediment,Freshwater Taxonomy,,SURBER,,,,,,10,Number of Individual Organisms,,12/17/2021,,,4,Count,,,,,,,,,,,ID-COUNT-LEVEL2,,09DEE2163_21,,"Rhithron Associates Inc, Missoula MT",,Monatractides,83249,,Adult,,,,
Warning,Ambient Monitoring,09DEE2163,09DEE2163,Sample,GovLocal,10/7/2021,,,,,8,ft2,,,,,,09DEE2163_21,,N,,Y,,Solid/Sediment,Freshwater Taxonomy,,SURBER,,,,,,10,Number of Individual Organisms,,12/17/2021,,,1,Count,,,,,,,,,,,ID-COUNT-LEVEL2,,09DEE2163_21,,"Rhithron Associates Inc, Missoula MT",,Thienemannimyia Group,128078,,Larva,,,,
Warning,Ambient Monitoring,09DEE2163,09DEE2163,Sample,GovLocal,10/7/2021,,,,,8,ft2,,,,,,09DEE2163_21,,N,,Y,,Solid/Sediment,Freshwater Taxonomy,,SURBER,,,,,,10,Number of Individual Organisms,,12/17/2021,,,1,Count,,,,,,,,,,,ID-COUNT-LEVEL2,,09DEE2163_21,,"Rhithron Associates Inc, Missoula MT",,Rhyacophila betteni Group,115097,,Larva,,,,
Warning,Ambient Monitoring,09DEE2211,09DEE2211,Sample,GovLocal,8/8/2024,,,,,8,ft2,,,,,,09DEE2211_24,,N,,Y,,Solid/Sediment,Freshwater Taxonomy,,SURBER,,,,,,13.33,Number of Individual Organisms,,12/4/2024,,,51,Count,,,,,,,,,,,ID-COUNT-LEVEL2,,09DEE2211_24,,"Rhithron Associates Inc, Missoula MT",,Tvetenia bavarica Group,129197,,Larva,,,,
Warning,Ambient Monitoring,09DEE2211,09DEE2211,Sample,GovLocal,8/8/2024,,,,,8,ft2,,,,,,09DEE2211_24,,N,,Y,,Solid/Sediment,Freshwater Taxonomy,,SURBER,,,,,,13.33,Number of Individual Organisms,,12/4/2024,,,8,Count,,,,,,,,,,,ID-COUNT-LEVEL2,,09DEE2211_24,,"Rhithron Associates Inc, Missoula MT",,Rhyacophila brunnea/vemna Group,115097,,Larva,,,,
Warning,Ambient Monitoring,09DEE2211,09DEE2211,Sample,GovLocal,8/8/2024,,,,,8,ft2,,,,,,09DEE2211_24,,N,,Y,,Solid/Sediment,Freshwater Taxonomy,,SURBER,,,,,,13.33,Number of Individual Organisms,,12/4/2024,,,17,Count,,,,,,,,,,,ID-COUNT-LEVEL2,,09DEE2211_24,,"Rhithron Associates Inc, Missoula MT",,Baetis tricaudatus complex,100817,,Larva,,,,
Warning,Ambient Monitoring,09DEE2211,09DEE2211,Sample,GovLocal,8/22/2023,,,,,8,ft2,,,,,,09DEE2211_23,,N,,Y,,Solid/Sediment,Freshwater Taxonomy,,SURBER,,,,,,16.67,Number of Individual Organisms,,4/18/2024,,,7,Count,,,,,,,,,,,ID-COUNT-LEVEL2,,09DEE2211_23,,"Rhithron Associates Inc, Missoula MT",,Monatractides,83249,,Adult,,,,
Warning,Ambient Monitoring,09DEE2211,09DEE2211,Sample,GovLocal,8/22/2023,,,,,8,ft2,,,,,,09DEE2211_23,,N,,Y,,Solid/Sediment,Freshwater Taxonomy,,SURBER,,,,,,16.67,Number of Individual Organisms,,4/18/2024,,,11,Count,,,,,,,,,,,ID-COUNT-LEVEL2,,09DEE2211_23,,"Rhithron Associates Inc, Missoula MT",,Tvetenia bavarica Group,129197,,Larva,,,,
Warning,Ambient Monitoring,09DEE2211,09DEE2211,Sample,GovLocal,8/22/2023,,,,,8,ft2,,,,,,09DEE2211_23,,N,,Y,,Solid/Sediment,Freshwater Taxonomy,,SURBER,,,,,,16.67,Number of Individual Organisms,,4/18/2024,,,3,Count,,,,,,,,,,,ID-COUNT-LEVEL2,,09DEE2211_23,,"Rhithron Associates Inc, Missoula MT",,Thienemannimyia Group,128078,,Larva,,,,
Warning,Ambient Monitoring,09DEE2211,09DEE2211,Sample,GovLocal,8/6/2020,,,,,8,ft2,,,,,,09DEE2211_20,,N,,Y,,Solid/Sediment,Freshwater Taxonomy,,SURBER,,,,,,86.67,Number of Individual Organisms,,4/30/2021,,,5,Count,,,,,,,,,,,ID-COUNT-LEVEL2,,09DEE2211_20,,"Rhithron Associates Inc, Missoula MT",,Thienemannimyia Group,128078,,Larva,,,,
Warning,Ambient Monitoring,09DEE2211,09DEE2211,Sample,GovLocal,8/6/2020,,,,,8,ft2,,,,,,09DEE2211_20,,N,,Y,,Solid/Sediment,Freshwater Taxonomy,,SURBER,,,,,,86.67,Number of Individual Organisms,,4/30/2021,,,4,Count,,,,,,,,,,,ID-COUNT-LEVEL2,,09DEE2211_20,,"Rhithron Associates Inc, Missoula MT",,Rhyacophila betteni Group,115097,,Larva,,,,
Warning,Ambient Monitoring,09DEE2211,09DEE2211,Sample,GovLocal,8/6/2020,,,,,8,ft2,,,,,,09DEE2211_20,,N,,Y,,Solid/Sediment,Freshwater Taxonomy,,SURBER,,,,,,86.67,Number of Individual Organisms,,4/30/2021,,,12,Count,,,,,,,,,,,ID-COUNT-LEVEL2,,09DEE2211_20,,"Rhithron Associates Inc, Missoula MT",,Rhyacophila brunnea/vemna Group,115097,,Larva,,,,
Warning,Ambient Monitoring,09DEE2211,09DEE2211,Sample,GovLocal,8/19/2019,,,,,8,ft2,,,,,,09DEE2211_19,,N,,Y,,Solid/Sediment,Freshwater Taxonomy,,SURBER,,,,,,13.33,Number of Individual Organisms,,11/4/2019,,,1,Count,,,,,,,,,,,ID-COUNT-LEVEL2,,09DEE2211_19,,"Rhithron Associates Inc, Missoula MT",,Monatractides,83249,,Adult,,,,
Warning,Ambient Monitoring,09DEE2211,09DEE2211,Sample,GovLocal,8/19/2019,,,,,8,ft2,,,,,,09DEE2211_19,,N,,Y,,Solid/Sediment,Freshwater Taxonomy,,SURBER,,,,,,13.33,Number of Individual Organisms,,11/4/2019,,,16,Count,,,,,,,,,,,ID-COUNT-LEVEL2,,09DEE2211_19,,"Rhithron Associates Inc, Missoula MT",,Tvetenia bavarica Group,129197,,Larva,,,,
Warning,Ambient Monitoring,09DEE2211,09DEE2211,Sample,GovLocal,8/19/2019,,,,,8,ft2,,,,,,09DEE2211_19,,N,,Y,,Solid/Sediment,Freshwater Taxonomy,,SURBER,,,,,,13.33,Number of Individual Organisms,,11/4/2019,,,18,Count,,,,,,,,,,,ID-COUNT-LEVEL2,,09DEE2211_19,,"Rhithron Associates Inc, Missoula MT",,Thienemannimyia Group,128078,,Larva,,,,
Warning,Ambient Monitoring,09DEE2211,09DEE2211,Sample,GovLocal,8/19/2019,,,,,8,ft2,,,,,,09DEE2211_19,,N,,Y,,Solid/Sediment,Freshwater Taxonomy,,SURBER,,,,,,13.33,Number of Individual Organisms,,11/4/2019,,,2,Count,,,,,,,,,,,ID-COUNT-LEVEL2,,09DEE2211_19,,"Rhithron Associates Inc, Missoula MT",,Rhyacophila betteni Group,115097,,Larva,,,,
Warning,Ambient Monitoring,09DEE2211,09DEE2211,Sample,GovLocal,8/19/2019,,,,,8,ft2,,,,,,09DEE2211_19,,N,,Y,,Solid/Sediment,Freshwater Taxonomy,,SURBER,,,,,,13.33,Number of Individual Organisms,,11/4/2019,,,1,Count,,,,,,,,,,,ID-COUNT-LEVEL2,,09DEE2211_19,,"Rhithron Associates Inc, Missoula MT",,Rhyacophila brunnea/vemna Group,115097,,Larva,,,,
Warning,Ambient Monitoring,09DEE2211,09DEE2211,Sample,GovLocal,8/19/2019,,,,,8,ft2,,,,,,09DEE2211_19,,N,,Y,,Solid/Sediment,Freshwater Taxonomy,,SURBER,,,,,,13.33,Number of Individual Organisms,,11/4/2019,,,12,Count,,,,,,,,,,,ID-COUNT-LEVEL2,,09DEE2211_19,,"Rhithron Associates Inc, Missoula MT",,Baetis tricaudatus complex,100817,,Larva,,,,
Warning,Ambient Monitoring,09DEE2211,09DEE2211,Sample,GovLocal,8/23/2018,,,,,8,ft2,,,,,,09DEE2211_18,,N,,Y,,Solid/Sediment,Freshwater Taxonomy,,SURBER,,,,,,16.67,Number of Individual Organisms,,10/8/2018,,,4,Count,,,,,,,,,,,ID-COUNT-LEVEL2,,09DEE2211_18,,"Rhithron Associates Inc, Missoula MT",,Monatractides,83249,,Adult,,,,
Warning,Ambient Monitoring,09DUW0091,09DUW0091,Sample,GovLocal,8/26/2024,,,,,8,ft2,,,,,,09DUW0091_24,,N,,Y,,Solid/Sediment,Freshwater Taxonomy,,SURBER,,,,,,16.67,Number of Individual Organisms,,2/5/2025,,,17,Count,,,,,,,,,,,ID-COUNT-LEVEL2,,09DUW0091_24,,"Rhithron Associates Inc, Missoula MT",,Thienemannimyia Group,128078,,Larva,,,,
Warning,Ambient Monitoring,09DUW0091,09DUW0091,Sample,GovLocal,8/26/2024,,,,,8,ft2,,,,,,09DUW0091_24,,N,,Y,,Solid/Sediment,Freshwater Taxonomy,,SURBER,,,,,,16.67,Number of Individual Organisms,,2/5/2025,,,2,Count,,,,,,,,,,,ID-COUNT-LEVEL2,,09DUW0091_24,,"Rhithron Associates Inc, Missoula MT",,Pericomaini,125391,,Larva,,,,
Warning,Ambient Monitoring,09DUW0091,09DUW0091,Sample,GovLocal,8/26/2024,,,,,8,ft2,,,,,,09DUW0091_24,,N,,Y,,Solid/Sediment,Freshwater Taxonomy,,SURBER,,,,,,16.67,Number of Individual Organisms,,2/5/2025,,,1,Count,,,,,,,,,,,ID-COUNT-LEVEL2,,09DUW0091_24,,"Rhithron Associates Inc, Missoula MT",,Psychodini,125391,,Larva,,,,
Warning,Ambient Monitoring,09DUW0091,09DUW0091,Sample,GovLocal,8/26/2024,,,,,8,ft2,,,,,,09DUW0091_24,,N,,Y,,Solid/Sediment,Freshwater Taxonomy,,SURBER,,,,,,16.67,Number of Individual Organisms,,2/5/2025,,,68,Count,,,,,,,,,,,ID-COUNT-LEVEL2,,09DUW0091_24,,"Rhithron Associates Inc, Missoula MT",,Baetis tricaudatus complex,100817,,Larva,,,,
Warning,Ambient Monitoring,09DUW0091,09DUW0091,Sample,GovLocal,8/9/2023,,,,,8,ft2,,,,,,09DUW0091_23,,N,,Y,,Solid/Sediment,Freshwater Taxonomy,,SURBER,,,,,,63.33,Number of Individual Organisms,,4/18/2024,,,22,Count,,,,,,,,,,,ID-COUNT-LEVEL2,,09DUW0091_23,,"Rhithron Associates Inc, Missoula MT",,Tvetenia bavarica Group,129197,,Larva,,,,
Warning,Ambient Monitoring,09DUW0091,09DUW0091,Sample,GovLocal,8/9/2023,,,,,8,ft2,,,,,,09DUW0091_23,,N,,Y,,Solid/Sediment,Freshwater Taxonomy,,SURBER,,,,,,63.33,Number of Individual Organisms,,4/18/2024,,,1,Count,,,,,,,,,,,ID-COUNT-LEVEL2,,09DUW0091_23,,"Rhithron Associates Inc, Missoula MT",,Thienemannimyia Group,128078,,Larva,,,,
Warning,Ambient Monitoring,09DUW0091,09DUW0091,Sample,GovLocal,8/9/2023,,,,,8,ft2,,,,,,09DUW0091_23,,N,,Y,,Solid/Sediment,Freshwater Taxonomy,,SURBER,,,,,,63.33,Number of Individual Organisms,,4/18/2024,,,65,Count,,,,,,,,,,,ID-COUNT-LEVEL2,,09DUW0091_23,,"Rhithron Associates Inc, Missoula MT",,Baetis tricaudatus complex,100817,,Larva,,,,
Warning,Ambient Monitoring,09DUW0091,09DUW0091,Sample,GovLocal,8/4/2022,,,,,8,ft2,,,,,,09DUW0091_22,,N,,Y,,Solid/Sediment,Freshwater Taxonomy,,SURBER,,,,,,30,Number of Individual Organisms,,5/19/2023,,,16,Count,,,,,,,,,,,ID-COUNT-LEVEL2,,09DUW0091_22,,"Rhithron Associates Inc, Missoula MT",,Tvetenia bavarica Group,129197,,Larva,,,,
Warning,Ambient Monitoring,09DUW0091,09DUW0091,Sample,GovLocal,8/4/2022,,,,,8,ft2,,,,,,09DUW0091_22,,N,,Y,,Solid/Sediment,Freshwater Taxonomy,,SURBER,,,,,,30,Number of Individual Organisms,,5/19/2023,,,1,Count,,,,,,,,,,,ID-COUNT-LEVEL2,,09DUW0091_22,,"Rhithron Associates Inc, Missoula MT",,Thienemannimyia Group,128078,,Larva,,,,
Warning,Ambient Monitoring,09DUW0091,09DUW0091,Sample,GovLocal,8/4/2022,,,,,8,ft2,,,,,,09DUW0091_22,,N,,Y,,Solid/Sediment,Freshwater Taxonomy,,SURBER,,,,,,30,Number of Individual Organisms,,5/19/2023,,,1,Count,,,,,,,,,,,ID-COUNT-LEVEL2,,09DUW0091_22,,"Rhithron Associates Inc, Missoula MT",,Rhyacophila grandis Group,115097,,Larva,,,,
Warning,Ambient Monitoring,09DUW0091,09DUW0091,Sample,GovLocal,8/4/2022,,,,,8,ft2,,,,,,09DUW0091_22,,N,,Y,,Solid/Sediment,Freshwater Taxonomy,,SURBER,,,,,,30,Number of Individual Organisms,,5/19/2023,,,16,Count,,,,,,,,,,,ID-COUNT-LEVEL2,,09DUW0091_22,,"Rhithron Associates Inc, Missoula MT",,Baetis tricaudatus complex,100817,,Larva,,,,
Warning,Ambient Monitoring,09DUW0091,09DUW0091,Sample,GovLocal,7/28/2021,,,,,8,ft2,,,,,,09DUW0091_21,,N,,Y,,Solid/Sediment,Freshwater Taxonomy,,SURBER,,,,,,23.33,Number of Individual Organisms,,10/20/2021,,,1,Count,,,,,,,,,,,ID-COUNT-LEVEL2,,09DUW0091_21,,"Rhithron Associates Inc, Missoula MT",,Chamaedrilus,68510,,unknown,,,,
Warning,Ambient Monitoring,09DUW0091,09DUW0091,Sample,GovLocal,7/28/2021,,,,,8,ft2,,,,,,09DUW0091_21,,N,,Y,,Solid/Sediment,Freshwater Taxonomy,,SURBER,,,,,,23.33,Number of Individual Organisms,,10/20/2021,,,22,Count,,,,,,,,,,,ID-COUNT-LEVEL2,,09DUW0091_21,,"Rhithron Associates Inc, Missoula MT",,Tvetenia bavarica Group,129197,,Larva,,,,
Warning,Ambient Monitoring,09DUW0091,09DUW0091,Sample,GovLocal,9/10/2015,,,,,8,ft2,,,,,,09DUW0091_15,,N,,Y,,Solid/Sediment,Freshwater Taxonomy,,SURBER,,,,,,100,Number of Individual Organisms,,4/22/2016,,,57,Count,,,,,,,,,,,ID-COUNT-LEVEL2,,09DUW0091_15,,"Rhithron Associates Inc, Missoula MT",,Baetis tricaudatus complex,100817,,Larva,,,,
Warning,Ambient Monitoring,09DUW0091,09DUW0091,Sample,GovLocal,9/10/2015,,,,,8,ft2,,,,,,09DUW0091_15,,N,,Y,,Solid/Sediment,Freshwater Taxonomy,,SURBER,,,,,,100,Number of Individual Organisms,,4/22/2016,,,1,Count,,,,,,,,,,,ID-COUNT-LEVEL2,,09DUW0091_15,,"Rhithron Associates Inc, Missoula MT",,Galba,76483,,unknown,,,,
Warning,Ambient Monitoring,09DUW0225,09DUW0225,Sample,GovLocal,8/19/2024,,,,,8,ft2,,,,,,09DUW0225_24,,N,,Y,,Solid/Sediment,Freshwater Taxonomy,,SURBER,,,,,,26.67,Number of Individual Organisms,,4/14/2025,,,2,Count,,,,,,,,,,,ID-COUNT-LEVEL2,,09DUW0225_24,,"Rhithron Associates Inc, Missoula MT",,Tvetenia bavarica Group,129197,,Larva,,,,
Warning,Ambient Monitoring,09DUW0225,09DUW0225,Sample,GovLocal,8/19/2024,,,,,8,ft2,,,,,,09DUW0225_24,,N,,Y,,Solid/Sediment,Freshwater Taxonomy,,SURBER,,,,,,26.67,Number of Individual Organisms,,4/14/2025,,,1,Count,,,,,,,,,,,ID-COUNT-LEVEL2,,09DUW0225_24,,"Rhithron Associates Inc, Missoula MT",,Kogotus/Rickera,609866,,Larva,,,,
Warning,Ambient Monitoring,09DUW0225,09DUW0225,Sample,GovLocal,8/19/2024,,,,,8,ft2,,,,,,09DUW0225_24,,N,,Y,,Solid/Sediment,Freshwater Taxonomy,,SURBER,,,,,,26.67,Number of Individual Organisms,,4/14/2025,,,168,Count,,,,,,,,,,,ID-COUNT-LEVEL2,,09DUW0225_24,,"Rhithron Associates Inc, Missoula MT",,Baetis tricaudatus complex,100817,,Larva,,,,
Warning,Ambient Monitoring,09DUW0225,09DUW0225,Sample,GovLocal,8/19/2024,,,,,8,ft2,,,,,,09DUW0225_24,,N,,Y,,Solid/Sediment,Freshwater Taxonomy,,SURBER,,,,,,26.67,Number of Individual Organisms,,4/14/2025,,,3,Count,,,,,,,,,,,ID-COUNT-LEVEL2,,09DUW0225_24,,"Rhithron Associates Inc, Missoula MT",,Truncatelloidea,69459,,unknown,,,,
Warning,Ambient Monitoring,09DUW0225,09DUW0225,Sample,GovLocal,8/9/2023,,,,,8,ft2,,,,,,09DUW0225_23,,N,,Y,,Solid/Sediment,Freshwater Taxonomy,,SURBER,,,,,,23.33,Number of Individual Organisms,,4/18/2024,,,5,Count,,,,,,,,,,,ID-COUNT-LEVEL2,,09DUW0225_23,,"Rhithron Associates Inc, Missoula MT",,Tvetenia bavarica Group,129197,,Larva,,,,
Warning,Ambient Monitoring,09DUW0225,09DUW0225,Sample,GovLocal,8/9/2023,,,,,8,ft2,,,,,,09DUW0225_23,,N,,Y,,Solid/Sediment,Freshwater Taxonomy,,SURBER,,,,,,23.33,Number of Individual Organisms,,4/18/2024,,,195,Count,,,,,,,,,,,ID-COUNT-LEVEL2,,09DUW0225_23,,"Rhithron Associates Inc, Missoula MT",,Baetis tricaudatus complex,100817,,Larva,,,,
Warning,Ambient Monitoring,09DUW0225,09DUW0225,Sample,GovLocal,7/27/2022,,,,,8,ft2,,,,,,09DUW0225_22,,N,,Y,,Solid/Sediment,Freshwater Taxonomy,,SURBER,,,,,,33.33,Number of Individual Organisms,,5/22/2023,,,2,Count,,,,,,,,,,,ID-COUNT-LEVEL2,,09DUW0225_22,,"Rhithron Associates Inc, Missoula MT",,Chamaedrilus,68510,,unknown,,,,
Warning,Ambient Monitoring,09DUW0225,09DUW0225,Sample,GovLocal,7/27/2022,,,,,8,ft2,,,,,,09DUW0225_22,,N,,Y,,Solid/Sediment,Freshwater Taxonomy,,SURBER,,,,,,33.33,Number of Individual Organisms,,5/22/2023,,,1,Count,,,,,,,,,,,ID-COUNT-LEVEL2,,09DUW0225_22,,"Rhithron Associates Inc, Missoula MT",,Tvetenia bavarica Group,129197,,Larva,,,,
Warning,Ambient Monitoring,09DUW0225,09DUW0225,Sample,GovLocal,7/27/2022,,,,,8,ft2,,,,,,09DUW0225_22,,N,,Y,,Solid/Sediment,Freshwater Taxonomy,,SURBER,,,,,,33.33,Number of Individual Organisms,,5/22/2023,,,125,Count,,,,,,,,,,,ID-COUNT-LEVEL2,,09DUW0225_22,,"Rhithron Associates Inc, Missoula MT",,Baetis tricaudatus complex,100817,,Larva,,,,
Warning,Ambient Monitoring,09DUW0225,09DUW0225,Sample,GovLocal,7/28/2021,,,,,8,ft2,,,,,,09DUW0225_21,,N,,Y,,Solid/Sediment,Freshwater Taxonomy,,SURBER,,,,,,26.67,Number of Individual Organisms,,10/20/2021,,,3,Count,,,,,,,,,,,ID-COUNT-LEVEL2,,09DUW0225_21,,"Rhithron Associates Inc, Missoula MT",,Chamaedrilus,68510,,unknown,,,,
Warning,Ambient Monitoring,09DUW0225,09DUW0225,Sample,GovLocal,7/28/2021,,,,,8,ft2,,,,,,09DUW0225_21,,N,,Y,,Solid/Sediment,Freshwater Taxonomy,,SURBER,,,,,,26.67,Number of Individual Organisms,,10/20/2021,,,173,Count,,,,,,,,,,,ID-COUNT-LEVEL2,,09DUW0225_21,,"Rhithron Associates Inc, Missoula MT",,Baetis tricaudatus complex,100817,,Larva,,,,
Warning,Ambient Monitoring,09DUW0225,09DUW0225,Sample,GovLocal,7/22/2020,,,,,8,ft2,,,,,,09DUW0225_20,,N,,Y,,Solid/Sediment,Freshwater Taxonomy,,SURBER,,,,,,20,Number of Individual Organisms,,4/30/2021,,,55,Count,,,,,,,,,,,ID-COUNT-LEVEL2,,09DUW0225_20,,"Rhithron Associates Inc, Missoula MT",,Chamaedrilus,68510,,unknown,,,,
Warning,Ambient Monitoring,09DUW0225,09DUW0225,Sample,GovLocal,7/22/2020,,,,,8,ft2,,,,,,09DUW0225_20,,N,,Y,,Solid/Sediment,Freshwater Taxonomy,,SURBER,,,,,,20,Number of Individual Organisms,,4/30/2021,,,1,Count,,,,,,,,,,,ID-COUNT-LEVEL2,,09DUW0225_20,,"Rhithron Associates Inc, Missoula MT",,Tvetenia bavarica Group,129197,,Larva,,,,
Warning,Ambient Monitoring,09DUW0225,09DUW0225,Sample,GovLocal,7/22/2020,,,,,8,ft2,,,,,,09DUW0225_20,,N,,Y,,Solid/Sediment,Freshwater Taxonomy,,SURBER,,,,,,20,Number of Individual Organisms,,4/30/2021,,,248,Count,,,,,,,,,,,ID-COUNT-LEVEL2,,09DUW0225_20,,"Rhithron Associates Inc, Missoula MT",,Baetis tricaudatus complex,100817,,Larva,,,,
Warning,Ambient Monitoring,09DUW0277,09DUW0277,Sample,GovLocal,8/20/2018,,,,,8,ft2,,,,,,09DUW0277_18,,N,,Y,,Solid/Sediment,Freshwater Taxonomy,,SURBER,,,,,,100,Number of Individual Organisms,,10/4/2018,,,1,Count,,,,,,,,,,,ID-COUNT-LEVEL2,,09DUW0277_18,,"Rhithron Associates Inc, Missoula MT",,Rhyacophila betteni Group,115097,,Larva,,,,
Warning,Ambient Monitoring,09DUW0277,09DUW0277,Sample,GovLocal,8/20/2018,,,,,8,ft2,,,,,,09DUW0277_18,,N,,Y,,Solid/Sediment,Freshwater Taxonomy,,SURBER,,,,,,100,Number of Individual Organisms,,10/4/2018,,,1,Count,,,,,,,,,,,ID-COUNT-LEVEL2,,09DUW0277_18,,"Rhithron Associates Inc, Missoula MT",,Rhyacophila brunnea/vemna Group,115097,,Larva,,,,
Warning,Ambient Monitoring,09DUW0277,09DUW0277,Sample,GovLocal,8/20/2018,,,,,8,ft2,,,,,,09DUW0277_18,,N,,Y,,Solid/Sediment,Freshwater Taxonomy,,SURBER,,,,,,100,Number of Individual Organisms,,10/4/2018,,,18,Count,,,,,,,,,,,ID-COUNT-LEVEL2,,09DUW0277_18,,"Rhithron Associates Inc, Missoula MT",,Baetis tricaudatus complex,100817,,Larva,,,,
Warning,Ambient Monitoring,09DUW0277,09DUW0277,Sample,GovLocal,8/31/2017,,,,,8,ft2,,,,,,09DUW0277_17,,N,,Y,,Solid/Sediment,Freshwater Taxonomy,,SURBER,,,,,,26.67,Number of Individual Organisms,,4/19/2018,,,4,Count,,,,,,,,,,,ID-COUNT-LEVEL2,,09DUW0277_17,,"Rhithron Associates Inc, Missoula MT",,Chamaedrilus,68510,,unknown,,,,
Warning,Ambient Monitoring,09DUW0277,09DUW0277,Sample,GovLocal,8/31/2017,,,,,8,ft2,,,,,,09DUW0277_17,,N,,Y,,Solid/Sediment,Freshwater Taxonomy,,SURBER,,,,,,26.67,Number of Individual Organisms,,4/19/2018,,,8,Count,,,,,,,,,,,ID-COUNT-LEVEL2,,09DUW0277_17,,"Rhithron Associates Inc, Missoula MT",,Tvetenia bavarica Group,129197,,Larva,,,,
Warning,Ambient Monitoring,09DUW0277,09DUW0277,Sample,GovLocal,8/31/2017,,,,,8,ft2,,,,,,09DUW0277_17,,N,,Y,,Solid/Sediment,Freshwater Taxonomy,,SURBER,,,,,,26.67,Number of Individual Organisms,,4/19/2018,,,2,Count,,,,,,,,,,,ID-COUNT-LEVEL2,,09DUW0277_17,,"Rhithron Associates Inc, Missoula MT",,Zapada oregonensis Group,102591,,Larva,,,,
Warning,Ambient Monitoring,09DUW0277,09DUW0277,Sample,GovLocal,8/31/2017,,,,,8,ft2,,,,,,09DUW0277_17,,N,,Y,,Solid/Sediment,Freshwater Taxonomy,,SURBER,,,,,,26.67,Number of Individual Organisms,,4/19/2018,,,41,Count,,,,,,,,,,,ID-COUNT-LEVEL2,,09DUW0277_17,,"Rhithron Associates Inc, Missoula MT",,Baetis tricaudatus complex,100817,,Larva,,,,
Warning,Ambient Monitoring,09DUW0277,09DUW0277,Sample,GovLocal,8/11/2016,,,,,8,ft2,,,,,,09DUW0277_16,,N,,Y,,Solid/Sediment,Freshwater Taxonomy,,SURBER,,,,,,100,Number of Individual Organisms,,11/21/2016,,,9,Count,,,,,,,,,,,ID-COUNT-LEVEL2,,09DUW0277_16,,"Rhithron Associates Inc, Missoula MT",,Zapada oregonensis Group,102591,,Larva,,,,
Warning,Ambient Monitoring,09JEN1318,09JEN1318,Sample,GovLocal,8/2/2021,,,,,8,ft2,,,,,,09JEN1318_21,,N,,Y,,Solid/Sediment,Freshwater Taxonomy,,SURBER,,,,,,23.33,Number of Individual Organisms,,10/20/2021,,,4,Count,,,,,,,,,,,ID-COUNT-LEVEL2,,09JEN1318_21,,"Rhithron Associates Inc, Missoula MT",,Tvetenia bavarica Group,129197,,Larva,,,,
Warning,Ambient Monitoring,09JEN1318,09JEN1318,Sample,GovLocal,8/2/2021,,,,,8,ft2,,,,,,09JEN1318_21,,N,,Y,,Solid/Sediment,Freshwater Taxonomy,,SURBER,,,,,,23.33,Number of Individual Organisms,,10/20/2021,,,1,Count,,,,,,,,,,,ID-COUNT-LEVEL2,,09JEN1318_21,,"Rhithron Associates Inc, Missoula MT",,Rhyacophila betteni Group,115097,,Larva,,,,
Warning,Ambient Monitoring,09JEN1318,09JEN1318,Sample,GovLocal,8/2/2021,,,,,8,ft2,,,,,,09JEN1318_21,,N,,Y,,Solid/Sediment,Freshwater Taxonomy,,SURBER,,,,,,23.33,Number of Individual Organisms,,10/20/2021,,,1,Count,,,,,,,,,,,ID-COUNT-LEVEL2,,09JEN1318_21,,"Rhithron Associates Inc, Missoula MT",,Rhyacophila brunnea/vemna Group,115097,,Larva,,,,
Warning,Ambient Monitoring,09JEN1318,09JEN1318,Sample,GovLocal,8/2/2021,,,,,8,ft2,,,,,,09JEN1318_21,,N,,Y,,Solid/Sediment,Freshwater Taxonomy,,SURBER,,,,,,23.33,Number of Individual Organisms,,10/20/2021,,,28,Count,,,,,,,,,,,ID-COUNT-LEVEL2,,09JEN1318_21,,"Rhithron Associates Inc, Missoula MT",,Baetis tricaudatus complex,100817,,Larva,,,,
Warning,Ambient Monitoring,09JEN1318,09JEN1318,Sample,GovLocal,8/2/2021,,,,,8,ft2,,,,,,09JEN1318_21,,N,,Y,,Solid/Sediment,Freshwater Taxonomy,,SURBER,,,,,,23.33,Number of Individual Organisms,,10/20/2021,,,9,Count,,,,,,,,,,,ID-COUNT-LEVEL2,,09JEN1318_21,,"Rhithron Associates Inc, Missoula MT",,Labiobaetis sonajuventus,568552,,Larva,,,,
Warning,Ambient Monitoring,09JEN1318,09JEN1318,Sample,GovLocal,7/23/2020,,,,,8,ft2,,,,,,09JEN1318_20,,N,,Y,,Solid/Sediment,Freshwater Taxonomy,,SURBER,,,,,,30,Number of Individual Organisms,,4/30/2021,,,4,Count,,,,,,,,,,,ID-COUNT-LEVEL2,,09JEN1318_20,,"Rhithron Associates Inc, Missoula MT",,Tvetenia bavarica Group,129197,,Larva,,,,
Warning,Ambient Monitoring,09JEN1318,09JEN1318,Sample,GovLocal,7/23/2020,,,,,8,ft2,,,,,,09JEN1318_20,,N,,Y,,Solid/Sediment,Freshwater Taxonomy,,SURBER,,,,,,30,Number of Individual Organisms,,4/30/2021,,,2,Count,,,,,,,,,,,ID-COUNT-LEVEL2,,09JEN1318_20,,"Rhithron Associates Inc, Missoula MT",,Thienemannimyia Group,128078,,Larva,,,,
Warning,Ambient Monitoring,09JEN1318,09JEN1318,Sample,GovLocal,7/23/2020,,,,,8,ft2,,,,,,09JEN1318_20,,N,,Y,,Solid/Sediment,Freshwater Taxonomy,,SURBER,,,,,,30,Number of Individual Organisms,,4/30/2021,,,1,Count,,,,,,,,,,,ID-COUNT-LEVEL2,,09JEN1318_20,,"Rhithron Associates Inc, Missoula MT",,Rhyacophila betteni Group,115097,,Larva,,,,
Warning,Ambient Monitoring,09JEN1318,09JEN1318,Sample,GovLocal,7/23/2020,,,,,8,ft2,,,,,,09JEN1318_20,,N,,Y,,Solid/Sediment,Freshwater Taxonomy,,SURBER,,,,,,30,Number of Individual Organisms,,4/30/2021,,,1,Count,,,,,,,,,,,ID-COUNT-LEVEL2,,09JEN1318_20,,"Rhithron Associates Inc, Missoula MT",,Rhyacophila brunnea/vemna Group,115097,,Larva,,,,
Warning,Ambient Monitoring,09JEN1318,09JEN1318,Sample,GovLocal,7/23/2020,,,,,8,ft2,,,,,,09JEN1318_20,,N,,Y,,Solid/Sediment,Freshwater Taxonomy,,SURBER,,,,,,30,Number of Individual Organisms,,4/30/2021,,,34,Count,,,,,,,,,,,ID-COUNT-LEVEL2,,09JEN1318_20,,"Rhithron Associates Inc, Missoula MT",,Baetis tricaudatus complex,100817,,Larva,,,,
Warning,Ambient Monitoring,09JEN1318,09JEN1318,Sample,GovLocal,9/5/2019,,,,,8,ft2,,,,,,09JEN1318_19,,N,,Y,,Solid/Sediment,Freshwater Taxonomy,,SURBER,,,,,,46.67,Number of Individual Organisms,,2/7/2020,,,1,Count,,,,,,,,,,,ID-COUNT-LEVEL2,,09JEN1318_19,,"Rhithron Associates Inc, Missoula MT",,Chamaedrilus,68510,,unknown,,,,
Warning,Ambient Monitoring,09JEN1357,09JEN1357,Sample,GovLocal,9/6/2023,,,,,8,ft2,,,,,,09JEN1357_23,,N,,Y,,Solid/Sediment,Freshwater Taxonomy,,SURBER,,,,,,16.67,Number of Individual Organisms,,4/1/2024,,,2,Count,,,,,,,,,,,ID-COUNT-LEVEL2,,09JEN1357_23,,"Rhithron Associates Inc, Missoula MT",,Zapada oregonensis Group,102591,,Larva,,,,
Warning,Ambient Monitoring,09JEN1357,09JEN1357,Sample,GovLocal,9/6/2023,,,,,8,ft2,,,,,,09JEN1357_23,,N,,Y,,Solid/Sediment,Freshwater Taxonomy,,SURBER,,,,,,16.67,Number of Individual Organisms,,4/1/2024,,,13,Count,,,,,,,,,,,ID-COUNT-LEVEL2,,09JEN1357_23,,"Rhithron Associates Inc, Missoula MT",,Rhyacophila betteni Group,115097,,Larva,,,,
Warning,Ambient Monitoring,09JEN1357,09JEN1357,Sample,GovLocal,9/6/2023,,,,,8,ft2,,,,,,09JEN1357_23,,N,,Y,,Solid/Sediment,Freshwater Taxonomy,,SURBER,,,,,,16.67,Number of Individual Organisms,,4/1/2024,,,9,Count,,,,,,,,,,,ID-COUNT-LEVEL2,,09JEN1357_23,,"Rhithron Associates Inc, Missoula MT",,Rhyacophila brunnea/vemna Group,115097,,Larva,,,,
Warning,Ambient Monitoring,09JEN1357,09JEN1357,Sample,GovLocal,9/6/2023,,,,,8,ft2,,,,,,09JEN1357_23,,N,,Y,,Solid/Sediment,Freshwater Taxonomy,,SURBER,,,,,,16.67,Number of Individual Organisms,,4/1/2024,,,8,Count,,,,,,,,,,,ID-COUNT-LEVEL2,,09JEN1357_23,,"Rhithron Associates Inc, Missoula MT",,Baetis tricaudatus complex,100817,,Larva,,,,
Warning,Ambient Monitoring,09JEN1357,09JEN1357,Sample,GovLocal,9/6/2023,,,,,8,ft2,,,,,,09JEN1357_23,,N,,Y,,Solid/Sediment,Freshwater Taxonomy,,SURBER,,,,,,16.67,Number of Individual Organisms,,4/1/2024,,,1,Count,,,,,,,,,,,ID-COUNT-LEVEL2,,09JEN1357_23,,"Rhithron Associates Inc, Missoula MT",,Labiobaetis sonajuventus,568552,,Larva,,,,
Warning,Ambient Monitoring,09JEN1357,09JEN1357,Sample,GovLocal,9/6/2023,,,,,8,ft2,,,,,,09JEN1357_23_R,,Y,,Y,,Solid/Sediment,Freshwater Taxonomy,,SURBER,,,,,,4.17,Number of Individual Organisms,,4/1/2024,,,3,Count,,,,,,,,,,,ID-COUNT-LEVEL2,,09JEN1357_23_R,,"Rhithron Associates Inc, Missoula MT",,Tvetenia bavarica Group,129197,,Larva,,,,
Warning,Ambient Monitoring,09JEN1357,09JEN1357,Sample,GovLocal,9/6/2023,,,,,8,ft2,,,,,,09JEN1357_23_R,,Y,,Y,,Solid/Sediment,Freshwater Taxonomy,,SURBER,,,,,,4.17,Number of Individual Organisms,,4/1/2024,,,4,Count,,,,,,,,,,,ID-COUNT-LEVEL2,,09JEN1357_23_R,,"Rhithron Associates Inc, Missoula MT",,Zapada oregonensis Group,102591,,Larva,,,,
Warning,Ambient Monitoring,09JEN1357,09JEN1357,Sample,GovLocal,9/6/2023,,,,,8,ft2,,,,,,09JEN1357_23_R,,Y,,Y,,Solid/Sediment,Freshwater Taxonomy,,SURBER,,,,,,4.17,Number of Individual Organisms,,4/1/2024,,,2,Count,,,,,,,,,,,ID-COUNT-LEVEL2,,09JEN1357_23_R,,"Rhithron Associates Inc, Missoula MT",,Rhyacophila betteni Group,115097,,Larva,,,,
Warning,Ambient Monitoring,09JEN1357,09JEN1357,Sample,GovLocal,9/6/2023,,,,,8,ft2,,,,,,09JEN1357_23_R,,Y,,Y,,Solid/Sediment,Freshwater Taxonomy,,SURBER,,,,,,4.17,Number of Individual Organisms,,4/1/2024,,,2,Count,,,,,,,,,,,ID-COUNT-LEVEL2,,09JEN1357_23_R,,"Rhithron Associates Inc, Missoula MT",,Rhyacophila brunnea/vemna Group,115097,,Larva,,,,
Warning,Ambient Monitoring,09JEN1357,09JEN1357,Sample,GovLocal,9/6/2023,,,,,8,ft2,,,,,,09JEN1357_23_R,,Y,,Y,,Solid/Sediment,Freshwater Taxonomy,,SURBER,,,,,,4.17,Number of Individual Organisms,,4/1/2024,,,53,Count,,,,,,,,,,,ID-COUNT-LEVEL2,,09JEN1357_23_R,,"Rhithron Associates Inc, Missoula MT",,Baetis tricaudatus complex,100817,,Larva,,,,
Warning,Ambient Monitoring,09JEN1357,09JEN1357,Sample,GovLocal,9/6/2023,,,,,8,ft2,,,,,,09JEN1357_23_R,,Y,,Y,,Solid/Sediment,Freshwater Taxonomy,,SURBER,,,,,,4.17,Number of Individual Organisms,,4/1/2024,,,9,Count,,,,,,,,,,,ID-COUNT-LEVEL2,,09JEN1357_23_R,,"Rhithron Associates Inc, Missoula MT",,Labiobaetis sonajuventus,568552,,Larva,,,,
Warning,Ambient Monitoring,09JEN1357,09JEN1357,Sample,GovLocal,9/6/2022,,,,,8,ft2,,,,,,09JEN1357_22,,N,,Y,,Solid/Sediment,Freshwater Taxonomy,,SURBER,,,,,,16.67,Number of Individual Organisms,,5/19/2023,,,2,Count,,,,,,,,,,,ID-COUNT-LEVEL2,,09JEN1357_22,,"Rhithron Associates Inc, Missoula MT",,Chamaedrilus,68510,,unknown,,,,
Warning,Ambient Monitoring,09JEN1357,09JEN1357,Sample,GovLocal,8/23/2018,,,,,8,ft2,,,,,,09JEN1357_18,,N,,Y,,Solid/Sediment,Freshwater Taxonomy,,SURBER,,,,,,10,Number of Individual Organisms,,1/3/2019,,,4,Count,,,,,,,,,,,ID-COUNT-LEVEL2,,09JEN1357_18,,"Rhithron Associates Inc, Missoula MT",,Baetis tricaudatus complex,100817,,Larva,,,,
Warning,Ambient Monitoring,09JEN1357,09JEN1357,Sample,GovLocal,7/31/2017,,,,,8,ft2,,,,,,09JEN1357_17,,N,,Y,,Solid/Sediment,Freshwater Taxonomy,,SURBER,,,,,,6.67,Number of Individual Organisms,,3/16/2018,,,14,Count,,,,,,,,,,,ID-COUNT-LEVEL2,,09JEN1357_17,,"Rhithron Associates Inc, Missoula MT",,Tvetenia bavarica Group,129197,,Larva,,,,
Warning,Ambient Monitoring,09JEN1357,09JEN1357,Sample,GovLocal,7/31/2017,,,,,8,ft2,,,,,,09JEN1357_17,,N,,Y,,Solid/Sediment,Freshwater Taxonomy,,SURBER,,,,,,6.67,Number of Individual Organisms,,3/16/2018,,,2,Count,,,,,,,,,,,ID-COUNT-LEVEL2,,09JEN1357_17,,"Rhithron Associates Inc, Missoula MT",,Thienemannimyia Group,128078,,Larva,,,,
Warning,Ambient Monitoring,09JEN1357,09JEN1357,Sample,GovLocal,7/31/2017,,,,,8,ft2,,,,,,09JEN1357_17,,N,,Y,,Solid/Sediment,Freshwater Taxonomy,,SURBER,,,,,,6.67,Number of Individual Organisms,,3/16/2018,,,2,Count,,,,,,,,,,,ID-COUNT-LEVEL2,,09JEN1357_17,,"Rhithron Associates Inc, Missoula MT",,Zapada oregonensis Group,102591,,Larva,,,,
Warning,Ambient Monitoring,09JEN1357,09JEN1357,Sample,GovLocal,7/31/2017,,,,,8,ft2,,,,,,09JEN1357_17,,N,,Y,,Solid/Sediment,Freshwater Taxonomy,,SURBER,,,,,,6.67,Number of Individual Organisms,,3/16/2018,,,2,Count,,,,,,,,,,,ID-COUNT-LEVEL2,,09JEN1357_17,,"Rhithron Associates Inc, Missoula MT",,Rhyacophila betteni Group,115097,,Larva,,,,
Warning,Ambient Monitoring,09JEN1357,09JEN1357,Sample,GovLocal,7/31/2017,,,,,8,ft2,,,,,,09JEN1357_17,,N,,Y,,Solid/Sediment,Freshwater Taxonomy,,SURBER,,,,,,6.67,Number of Individual Organisms,,3/16/2018,,,13,Count,,,,,,,,,,,ID-COUNT-LEVEL2,,09JEN1357_17,,"Rhithron Associates Inc, Missoula MT",,Rhyacophila brunnea/vemna Group,115097,,Larva,,,,
Warning,Ambient Monitoring,09JEN1357,09JEN1357,Sample,GovLocal,7/31/2017,,,,,8,ft2,,,,,,09JEN1357_17,,N,,Y,,Solid/Sediment,Freshwater Taxonomy,,SURBER,,,,,,6.67,Number of Individual Organisms,,3/16/2018,,,18,Count,,,,,,,,,,,ID-COUNT-LEVEL2,,09JEN1357_17,,"Rhithron Associates Inc, Missoula MT",,Baetis tricaudatus complex,100817,,Larva,,,,
Warning,Ambient Monitoring,09JEN1357,09JEN1357,Sample,GovLocal,8/16/2016,,,,,8,ft2,,,,,,09JEN1357_16,,N,,Y,,Solid/Sediment,Freshwater Taxonomy,,SURBER,,,,,,16.67,Number of Individual Organisms,,11/21/2016,,,3,Count,,,,,,,,,,,ID-COUNT-LEVEL2,,09JEN1357_16,,"Rhithron Associates Inc, Missoula MT",,Tvetenia bavarica Group,129197,,Larva,,,,
Warning,Ambient Monitoring,09JEN1357,09JEN1357,Sample,GovLocal,8/16/2016,,,,,8,ft2,,,,,,09JEN1357_16,,N,,Y,,Solid/Sediment,Freshwater Taxonomy,,SURBER,,,,,,16.67,Number of Individual Organisms,,11/21/2016,,,8,Count,,,,,,,,,,,ID-COUNT-LEVEL2,,09JEN1357_16,,"Rhithron Associates Inc, Missoula MT",,Rhyacophila betteni Group,115097,,Larva,,,,
Warning,Ambient Monitoring,09JEN1357,09JEN1357,Sample,GovLocal,8/16/2016,,,,,8,ft2,,,,,,09JEN1357_16,,N,,Y,,Solid/Sediment,Freshwater Taxonomy,,SURBER,,,,,,16.67,Number of Individual Organisms,,11/21/2016,,,7,Count,,,,,,,,,,,ID-COUNT-LEVEL2,,09JEN1357_16,,"Rhithron Associates Inc, Missoula MT",,Rhyacophila brunnea/vemna Group,115097,,Larva,,,,
Warning,Ambient Monitoring,09JEN1357,09JEN1357,Sample,GovLocal,8/16/2016,,,,,8,ft2,,,,,,09JEN1357_16,,N,,Y,,Solid/Sediment,Freshwater Taxonomy,,SURBER,,,,,,16.67,Number of Individual Organisms,,11/21/2016,,,40,Count,,,,,,,,,,,ID-COUNT-LEVEL2,,09JEN1357_16,,"Rhithron Associates Inc, Missoula MT",,Baetis tricaudatus complex,100817,,Larva,,,,
Warning,Ambient Monitoring,09COV1418,09COV1418,Sample,GovLocal,9/13/2023,,,,,8,ft2,,,,,,09COV1418_23,,N,,Y,,Solid/Sediment,Freshwater Taxonomy,,SURBER,,,,,,6.67,Number of Individual Organisms,,4/1/2024,,,1,Count,,,,,,,,,,,ID-COUNT-LEVEL2,,09COV1418_23,,"Rhithron Associates Inc, Missoula MT",,Rhyacophila brunnea/vemna Group,115097,,Larva,,,,
Warning,Ambient Monitoring,09COV1418,09COV1418,Sample,GovLocal,9/13/2023,,,,,8,ft2,,,,,,09COV1418_23,,N,,Y,,Solid/Sediment,Freshwater Taxonomy,,SURBER,,,,,,6.67,Number of Individual Organisms,,4/1/2024,,,2,Count,,,,,,,,,,,ID-COUNT-LEVEL2,,09COV1418_23,,"Rhithron Associates Inc, Missoula MT",,Paraleptophlebia bicornuta Group,101206,,Larva,,,,
Warning,Ambient Monitoring,09COV1418,09COV1418,Sample,GovLocal,9/13/2023,,,,,8,ft2,,,,,,09COV1418_23,,N,,Y,,Solid/Sediment,Freshwater Taxonomy,,SURBER,,,,,,6.67,Number of Individual Organisms,,4/1/2024,,,1,Count,,,,,,,,,,,ID-COUNT-LEVEL2,,09COV1418_23,,"Rhithron Associates Inc, Missoula MT",,Anafroptilum,100755,,Larva,,,,
Warning,Ambient Monitoring,09COV1418,09COV1418,Sample,GovLocal,9/13/2023,,,,,8,ft2,,,,,,09COV1418_23,,N,,Y,,Solid/Sediment,Freshwater Taxonomy,,SURBER,,,,,,6.67,Number of Individual Organisms,,4/1/2024,,,4,Count,,,,,,,,,,,ID-COUNT-LEVEL2,,09COV1418_23,,"Rhithron Associates Inc, Missoula MT",,Baetis tricaudatus complex,100817,,Larva,,,,
Warning,Ambient Monitoring,09COV1418,09COV1418,Sample,GovLocal,9/20/2022,,,,,8,ft2,,,,,,09COV1418_22,,N,,Y,,Solid/Sediment,Freshwater Taxonomy,,SURBER,,,,,,6.67,Number of Individual Organisms,,2/1/2023,,,1,Count,,,,,,,,,,,ID-COUNT-LEVEL2,,09COV1418_22,,"Rhithron Associates Inc, Missoula MT",,Chamaedrilus,68510,,unknown,,,,
Warning,Ambient Monitoring,09COV1418,09COV1418,Sample,GovLocal,9/20/2022,,,,,8,ft2,,,,,,09COV1418_22,,N,,Y,,Solid/Sediment,Freshwater Taxonomy,,SURBER,,,,,,6.67,Number of Individual Organisms,,2/1/2023,,,4,Count,,,,,,,,,,,ID-COUNT-LEVEL2,,09COV1418_22,,"Rhithron Associates Inc, Missoula MT",,Tvetenia bavarica Group,129197,,Larva,,,,
Warning,Ambient Monitoring,09COV1418,09COV1418,Sample,GovLocal,9/20/2022,,,,,8,ft2,,,,,,09COV1418_22,,N,,Y,,Solid/Sediment,Freshwater Taxonomy,,SURBER,,,,,,6.67,Number of Individual Organisms,,2/1/2023,,,12,Count,,,,,,,,,,,ID-COUNT-LEVEL2,,09COV1418_22,,"Rhithron Associates Inc, Missoula MT",,Thienemannimyia Group,128078,,Larva,,,,
Warning,Ambient Monitoring,09COV1418,09COV1418,Sample,GovLocal,9/20/2022,,,,,8,ft2,,,,,,09COV1418_22,,N,,Y,,Solid/Sediment,Freshwater Taxonomy,,SURBER,,,,,,6.67,Number of Individual Organisms,,2/1/2023,,,1,Count,,,,,,,,,,,ID-COUNT-LEVEL2,,09COV1418_22,,"Rhithron Associates Inc, Missoula MT",,Anafroptilum,100755,,Larva,,,,
Warning,Ambient Monitoring,09COV1418,09COV1418,Sample,GovLocal,9/20/2022,,,,,8,ft2,,,,,,09COV1418_22,,N,,Y,,Solid/Sediment,Freshwater Taxonomy,,SURBER,,,,,,6.67,Number of Individual Organisms,,2/1/2023,,,26,Count,,,,,,,,,,,ID-COUNT-LEVEL2,,09COV1418_22,,"Rhithron Associates Inc, Missoula MT",,Baetis tricaudatus complex,100817,,Larva,,,,
Warning,Ambient Monitoring,09COV1418,09COV1418,Sample,GovLocal,10/5/2021,,,,,8,ft2,,,,,,09COV1418_21,,N,,Y,,Solid/Sediment,Freshwater Taxonomy,,SURBER,,,,,,6.67,Number of Individual Organisms,,12/17/2021,,,2,Count,,,,,,,,,,,ID-COUNT-LEVEL2,,09COV1418_21,,"Rhithron Associates Inc, Missoula MT",,Monatractides,83249,,Adult,,,,
Warning,Ambient Monitoring,09COV1418,09COV1418,Sample,GovLocal,10/5/2021,,,,,8,ft2,,,,,,09COV1418_21,,N,,Y,,Solid/Sediment,Freshwater Taxonomy,,SURBER,,,,,,6.67,Number of Individual Organisms,,12/17/2021,,,1,Count,,,,,,,,,,,ID-COUNT-LEVEL2,,09COV1418_21,,"Rhithron Associates Inc, Missoula MT",,Tvetenia bavarica Group,129197,,Larva,,,,
Warning,Ambient Monitoring,09COV1418,09COV1418,Sample,GovLocal,9/27/2018,,,,,8,ft2,,,,,,09COV1418_18_R,,Y,,Y,,Solid/Sediment,Freshwater Taxonomy,,SURBER,,,,,,6.67,Number of Individual Organisms,,11/19/2018,,,1,Count,,,,,,,,,,,ID-COUNT-LEVEL2,,09COV1418_18_R,,"Rhithron Associates Inc, Missoula MT",,Tvetenia bavarica Group,129197,,Larva,,,,
Warning,Ambient Monitoring,09COV1418,09COV1418,Sample,GovLocal,9/27/2018,,,,,8,ft2,,,,,,09COV1418_18_R,,Y,,Y,,Solid/Sediment,Freshwater Taxonomy,,SURBER,,,,,,6.67,Number of Individual Organisms,,11/19/2018,,,4,Count,,,,,,,,,,,ID-COUNT-LEVEL2,,09COV1418_18_R,,"Rhithron Associates Inc, Missoula MT",,Thienemannimyia Group,128078,,Larva,,,,
Warning,Ambient Monitoring,09COV1418,09COV1418,Sample,GovLocal,9/27/2018,,,,,8,ft2,,,,,,09COV1418_18_R,,Y,,Y,,Solid/Sediment,Freshwater Taxonomy,,SURBER,,,,,,6.67,Number of Individual Organisms,,11/19/2018,,,1,Count,,,,,,,,,,,ID-COUNT-LEVEL2,,09COV1418_18_R,,"Rhithron Associates Inc, Missoula MT",,Zapada oregonensis Group,102591,,Larva,,,,
Warning,Ambient Monitoring,09COV1418,09COV1418,Sample,GovLocal,9/27/2018,,,,,8,ft2,,,,,,09COV1418_18_R,,Y,,Y,,Solid/Sediment,Freshwater Taxonomy,,SURBER,,,,,,6.67,Number of Individual Organisms,,11/19/2018,,,1,Count,,,,,,,,,,,ID-COUNT-LEVEL2,,09COV1418_18_R,,"Rhithron Associates Inc, Missoula MT",,Rhyacophila hyalinata Group,115097,,Larva,,,,
Warning,Ambient Monitoring,09COV1418,09COV1418,Sample,GovLocal,9/27/2018,,,,,8,ft2,,,,,,09COV1418_18_R,,Y,,Y,,Solid/Sediment,Freshwater Taxonomy,,SURBER,,,,,,6.67,Number of Individual Organisms,,11/19/2018,,,47,Count,,,,,,,,,,,ID-COUNT-LEVEL2,,09COV1418_18_R,,"Rhithron Associates Inc, Missoula MT",,Baetis tricaudatus complex,100817,,Larva,,,,
Warning,Ambient Monitoring,09COV1418,09COV1418,Sample,GovLocal,8/17/2017,,,,,8,ft2,,,,,,09COV1418_17,,N,,Y,,Solid/Sediment,Freshwater Taxonomy,,SURBER,,,,,,16.67,Number of Individual Organisms,,3/16/2018,,,2,Count,,,,,,,,,,,ID-COUNT-LEVEL2,,09COV1418_17,,"Rhithron Associates Inc, Missoula MT",,Monatractides,83249,,Adult,,,,
Warning,Ambient Monitoring,09COV1418,09COV1418,Sample,GovLocal,8/17/2017,,,,,8,ft2,,,,,,09COV1418_17,,N,,Y,,Solid/Sediment,Freshwater Taxonomy,,SURBER,,,,,,16.67,Number of Individual Organisms,,3/16/2018,,,7,Count,,,,,,,,,,,ID-COUNT-LEVEL2,,09COV1418_17,,"Rhithron Associates Inc, Missoula MT",,Tvetenia bavarica Group,129197,,Larva,,,,
Warning,Ambient Monitoring,09COV1418,09COV1418,Sample,GovLocal,8/17/2017,,,,,8,ft2,,,,,,09COV1418_17,,N,,Y,,Solid/Sediment,Freshwater Taxonomy,,SURBER,,,,,,16.67,Number of Individual Organisms,,3/16/2018,,,2,Count,,,,,,,,,,,ID-COUNT-LEVEL2,,09COV1418_17,,"Rhithron Associates Inc, Missoula MT",,Thienemannimyia Group,128078,,Larva,,,,
Warning,Ambient Monitoring,09COV1418,09COV1418,Sample,GovLocal,8/17/2017,,,,,8,ft2,,,,,,09COV1418_17,,N,,Y,,Solid/Sediment,Freshwater Taxonomy,,SURBER,,,,,,16.67,Number of Individual Organisms,,3/16/2018,,,1,Count,,,,,,,,,,,ID-COUNT-LEVEL2,,09COV1418_17,,"Rhithron Associates Inc, Missoula MT",,Rhyacophila angelita Group,115097,,Larva,,,,
Warning,Ambient Monitoring,09COV1418,09COV1418,Sample,GovLocal,8/17/2017,,,,,8,ft2,,,,,,09COV1418_17,,N,,Y,,Solid/Sediment,Freshwater Taxonomy,,SURBER,,,,,,16.67,Number of Individual Organisms,,3/16/2018,,,1,Count,,,,,,,,,,,ID-COUNT-LEVEL2,,09COV1418_17,,"Rhithron Associates Inc, Missoula MT",,Rhyacophila betteni Group,115097,,Larva,,,,
Warning,Ambient Monitoring,09COV1418,09COV1418,Sample,GovLocal,8/17/2017,,,,,8,ft2,,,,,,09COV1418_17,,N,,Y,,Solid/Sediment,Freshwater Taxonomy,,SURBER,,,,,,16.67,Number of Individual Organisms,,3/16/2018,,,6,Count,,,,,,,,,,,ID-COUNT-LEVEL2,,09COV1418_17,,"Rhithron Associates Inc, Missoula MT",,Rhyacophila brunnea/vemna Group,115097,,Larva,,,,
Warning,Ambient Monitoring,09COV1418,09COV1418,Sample,GovLocal,8/17/2017,,,,,8,ft2,,,,,,09COV1418_17,,N,,Y,,Solid/Sediment,Freshwater Taxonomy,,SURBER,,,,,,16.67,Number of Individual Organisms,,3/16/2018,,,10,Count,,,,,,,,,,,ID-COUNT-LEVEL2,,09COV1418_17,,"Rhithron Associates Inc, Missoula MT",,Rhyacophila hyalinata Group,115097,,Larva,,,,
Warning,Ambient Monitoring,09COV1418,09COV1418,Sample,GovLocal,8/17/2017,,,,,8,ft2,,,,,,09COV1418_17,,N,,Y,,Solid/Sediment,Freshwater Taxonomy,,SURBER,,,,,,16.67,Number of Individual Organisms,,3/16/2018,,,43,Count,,,,,,,,,,,ID-COUNT-LEVEL2,,09COV1418_17,,"Rhithron Associates Inc, Missoula MT",,Baetis tricaudatus complex,100817,,Larva,,,,
Warning,Ambient Monitoring,09COV1756,09COV1756,Sample,GovLocal,9/11/2023,,,,,8,ft2,,,,,,09COV1756_23,,N,,Y,,Solid/Sediment,Freshwater Taxonomy,,SURBER,,,,,,20,Number of Individual Organisms,,4/18/2024,,,3,Count,,,,,,,,,,,ID-COUNT-LEVEL2,,09COV1756_23,,"Rhithron Associates Inc, Missoula MT",,Rhyacophila betteni Group,115097,,Larva,,,,
Warning,Ambient Monitoring,09COV1756,09COV1756,Sample,GovLocal,9/11/2023,,,,,8,ft2,,,,,,09COV1756_23,,N,,Y,,Solid/Sediment,Freshwater Taxonomy,,SURBER,,,,,,20,Number of Individual Organisms,,4/18/2024,,,2,Count,,,,,,,,,,,ID-COUNT-LEVEL2,,09COV1756_23,,"Rhithron Associates Inc, Missoula MT",,Rhyacophila brunnea/vemna Group,115097,,Larva,,,,
Warning,Ambient Monitoring,09COV1756,09COV1756,Sample,GovLocal,9/11/2023,,,,,8,ft2,,,,,,09COV1756_23,,N,,Y,,Solid/Sediment,Freshwater Taxonomy,,SURBER,,,,,,20,Number of Individual Organisms,,4/18/2024,,,33,Count,,,,,,,,,,,ID-COUNT-LEVEL2,,09COV1756_23,,"Rhithron Associates Inc, Missoula MT",,Baetis tricaudatus complex,100817,,Larva,,,,
Warning,Ambient Monitoring,09COV1756,09COV1756,Sample,GovLocal,9/8/2022,,,,,8,ft2,,,,,,09COV1756_22,,N,,Y,,Solid/Sediment,Freshwater Taxonomy,,SURBER,,,,,,16.67,Number of Individual Organisms,,2/1/2023,,,2,Count,,,,,,,,,,,ID-COUNT-LEVEL2,,09COV1756_22,,"Rhithron Associates Inc, Missoula MT",,Chamaedrilus,68510,,unknown,,,,
Warning,Ambient Monitoring,09COV1756,09COV1756,Sample,GovLocal,9/8/2022,,,,,8,ft2,,,,,,09COV1756_22,,N,,Y,,Solid/Sediment,Freshwater Taxonomy,,SURBER,,,,,,16.67,Number of Individual Organisms,,2/1/2023,,,6,Count,,,,,,,,,,,ID-COUNT-LEVEL2,,09COV1756_22,,"Rhithron Associates Inc, Missoula MT",,Tvetenia bavarica Group,129197,,Larva,,,,
Warning,Ambient Monitoring,09COV1756,09COV1756,Sample,GovLocal,9/8/2022,,,,,8,ft2,,,,,,09COV1756_22,,N,,Y,,Solid/Sediment,Freshwater Taxonomy,,SURBER,,,,,,16.67,Number of Individual Organisms,,2/1/2023,,,1,Count,,,,,,,,,,,ID-COUNT-LEVEL2,,09COV1756_22,,"Rhithron Associates Inc, Missoula MT",,Thienemannimyia Group,128078,,Larva,,,,
Warning,Ambient Monitoring,09COV1756,09COV1756,Sample,GovLocal,9/8/2022,,,,,8,ft2,,,,,,09COV1756_22,,N,,Y,,Solid/Sediment,Freshwater Taxonomy,,SURBER,,,,,,16.67,Number of Individual Organisms,,2/1/2023,,,2,Count,,,,,,,,,,,ID-COUNT-LEVEL2,,09COV1756_22,,"Rhithron Associates Inc, Missoula MT",,Zapada oregonensis Group,102591,,Larva,,,,
Warning,Ambient Monitoring,09COV1756,09COV1756,Sample,GovLocal,9/8/2022,,,,,8,ft2,,,,,,09COV1756_22,,N,,Y,,Solid/Sediment,Freshwater Taxonomy,,SURBER,,,,,,16.67,Number of Individual Organisms,,2/1/2023,,,2,Count,,,,,,,,,,,ID-COUNT-LEVEL2,,09COV1756_22,,"Rhithron Associates Inc, Missoula MT",,Rhyacophila brunnea/vemna Group,115097,,Larva,,,,
Warning,Ambient Monitoring,09COV1756,09COV1756,Sample,GovLocal,9/8/2022,,,,,8,ft2,,,,,,09COV1756_22,,N,,Y,,Solid/Sediment,Freshwater Taxonomy,,SURBER,,,,,,16.67,Number of Individual Organisms,,2/1/2023,,,45,Count,,,,,,,,,,,ID-COUNT-LEVEL2,,09COV1756_22,,"Rhithron Associates Inc, Missoula MT",,Baetis tricaudatus complex,100817,,Larva,,,,
Warning,Ambient Monitoring,09COV1756,09COV1756,Sample,GovLocal,9/8/2022,,,,,8,ft2,,,,,,09COV1756_22,,N,,Y,,Solid/Sediment,Freshwater Taxonomy,,SURBER,,,,,,16.67,Number of Individual Organisms,,2/1/2023,,,2,Count,,,,,,,,,,,ID-COUNT-LEVEL2,,09COV1756_22,,"Rhithron Associates Inc, Missoula MT",,Labiobaetis sonajuventus,568552,,Larva,,,,
Warning,Ambient Monitoring,09COV1756,09COV1756,Sample,GovLocal,10/4/2021,,,,,8,ft2,,,,,,09COV1756_21,,N,,Y,,Solid/Sediment,Freshwater Taxonomy,,SURBER,,,,,,6.67,Number of Individual Organisms,,12/17/2021,,,1,Count,,,,,,,,,,,ID-COUNT-LEVEL2,,09COV1756_21,,"Rhithron Associates Inc, Missoula MT",,Tvetenia bavarica Group,129197,,Larva,,,,
Warning,Ambient Monitoring,09COV1756,09COV1756,Sample,GovLocal,10/4/2021,,,,,8,ft2,,,,,,09COV1756_21,,N,,Y,,Solid/Sediment,Freshwater Taxonomy,,SURBER,,,,,,6.67,Number of Individual Organisms,,12/17/2021,,,8,Count,,,,,,,,,,,ID-COUNT-LEVEL2,,09COV1756_21,,"Rhithron Associates Inc, Missoula MT",,Zapada oregonensis Group,102591,,Larva,,,,
Warning,Ambient Monitoring,09COV1862,09COV1862,Sample,GovLocal,7/30/2024,,,,,8,ft2,,,,,,09COV1862_24,,N,,Y,,Solid/Sediment,Freshwater Taxonomy,,SURBER,,,,,,13.33,Number of Individual Organisms,,4/14/2025,,,18,Count,,,,,,,,,,,ID-COUNT-LEVEL2,,09COV1862_24,,"Rhithron Associates Inc, Missoula MT",,Tvetenia bavarica Group,129197,,Larva,,,,
Warning,Ambient Monitoring,09COV1862,09COV1862,Sample,GovLocal,7/30/2024,,,,,8,ft2,,,,,,09COV1862_24,,N,,Y,,Solid/Sediment,Freshwater Taxonomy,,SURBER,,,,,,13.33,Number of Individual Organisms,,4/14/2025,,,1,Count,,,,,,,,,,,ID-COUNT-LEVEL2,,09COV1862_24,,"Rhithron Associates Inc, Missoula MT",,Thienemannimyia Group,128078,,Larva,,,,
Warning,Ambient Monitoring,09COV1862,09COV1862,Sample,GovLocal,7/30/2024,,,,,8,ft2,,,,,,09COV1862_24,,N,,Y,,Solid/Sediment,Freshwater Taxonomy,,SURBER,,,,,,13.33,Number of Individual Organisms,,4/14/2025,,,1,Count,,,,,,,,,,,ID-COUNT-LEVEL2,,09COV1862_24,,"Rhithron Associates Inc, Missoula MT",,Kogotus/Rickera,609866,,Larva,,,,
Warning,Ambient Monitoring,09COV1862,09COV1862,Sample,GovLocal,7/30/2024,,,,,8,ft2,,,,,,09COV1862_24,,N,,Y,,Solid/Sediment,Freshwater Taxonomy,,SURBER,,,,,,13.33,Number of Individual Organisms,,4/14/2025,,,6,Count,,,,,,,,,,,ID-COUNT-LEVEL2,,09COV1862_24,,"Rhithron Associates Inc, Missoula MT",,Rhyacophila betteni Group,115097,,Larva,,,,
Warning,Ambient Monitoring,09COV1862,09COV1862,Sample,GovLocal,7/30/2024,,,,,8,ft2,,,,,,09COV1862_24,,N,,Y,,Solid/Sediment,Freshwater Taxonomy,,SURBER,,,,,,13.33,Number of Individual Organisms,,4/14/2025,,,3,Count,,,,,,,,,,,ID-COUNT-LEVEL2,,09COV1862_24,,"Rhithron Associates Inc, Missoula MT",,Rhyacophila brunnea/vemna Group,115097,,Larva,,,,
Warning,Ambient Monitoring,09COV1862,09COV1862,Sample,GovLocal,7/30/2024,,,,,8,ft2,,,,,,09COV1862_24,,N,,Y,,Solid/Sediment,Freshwater Taxonomy,,SURBER,,,,,,13.33,Number of Individual Organisms,,4/14/2025,,,24,Count,,,,,,,,,,,ID-COUNT-LEVEL2,,09COV1862_24,,"Rhithron Associates Inc, Missoula MT",,Baetis tricaudatus complex,100817,,Larva,,,,
Warning,Ambient Monitoring,09COV1862,09COV1862,Sample,GovLocal,8/10/2023,,,,,8,ft2,,,,,,09COV1862_23,,N,,Y,,Solid/Sediment,Freshwater Taxonomy,,SURBER,,,,,,53.33,Number of Individual Organisms,,5/17/2024,,,1,Count,,,,,,,,,,,ID-COUNT-LEVEL2,,09COV1862_23,,"Rhithron Associates Inc, Missoula MT",,Monatractides,83249,,Adult,,,,
Warning,Ambient Monitoring,09COV1862,09COV1862,Sample,GovLocal,8/10/2023,,,,,8,ft2,,,,,,09COV1862_23,,N,,Y,,Solid/Sediment,Freshwater Taxonomy,,SURBER,,,,,,53.33,Number of Individual Organisms,,5/17/2024,,,7,Count,,,,,,,,,,,ID-COUNT-LEVEL2,,09COV1862_23,,"Rhithron Associates Inc, Missoula MT",,Rhyacophila betteni Group,115097,,Larva,,,,
Warning,Ambient Monitoring,09COV1862,09COV1862,Sample,GovLocal,8/10/2023,,,,,8,ft2,,,,,,09COV1862_23,,N,,Y,,Solid/Sediment,Freshwater Taxonomy,,SURBER,,,,,,53.33,Number of Individual Organisms,,5/17/2024,,,1,Count,,,,,,,,,,,ID-COUNT-LEVEL2,,09COV1862_23,,"Rhithron Associates Inc, Missoula MT",,Rhyacophila brunnea/vemna Group,115097,,Larva,,,,
Warning,Ambient Monitoring,09COV1862,09COV1862,Sample,GovLocal,8/10/2023,,,,,8,ft2,,,,,,09COV1862_23,,N,,Y,,Solid/Sediment,Freshwater Taxonomy,,SURBER,,,,,,53.33,Number of Individual Organisms,,5/17/2024,,,1,Count,,,,,,,,,,,ID-COUNT-LEVEL2,,09COV1862_23,,"Rhithron Associates Inc, Missoula MT",,Baetis tricaudatus complex,100817,,Larva,,,,
Warning,Ambient Monitoring,09COV1862,09COV1862,Sample,GovLocal,7/27/2022,,,,,8,ft2,,,,,,09COV1862_22,,N,,Y,,Solid/Sediment,Freshwater Taxonomy,,SURBER,,,,,,6.67,Number of Individual Organisms,,3/13/2023,,,23,Count,,,,,,,,,,,ID-COUNT-LEVEL2,,09COV1862_22,,"Rhithron Associates Inc, Missoula MT",,Tvetenia bavarica Group,129197,,Larva,,,,
Warning,Ambient Monitoring,09COV1862,09COV1862,Sample,GovLocal,7/27/2022,,,,,8,ft2,,,,,,09COV1862_22,,N,,Y,,Solid/Sediment,Freshwater Taxonomy,,SURBER,,,,,,6.67,Number of Individual Organisms,,3/13/2023,,,6,Count,,,,,,,,,,,ID-COUNT-LEVEL2,,09COV1862_22,,"Rhithron Associates Inc, Missoula MT",,Thienemannimyia Group,128078,,Larva,,,,
Warning,Ambient Monitoring,09COV1862,09COV1862,Sample,GovLocal,7/26/2017,,,,,8,ft2,,,,,,09COV1862_17,,N,,Y,,Solid/Sediment,Freshwater Taxonomy,,SURBER,,,,,,33.33,Number of Individual Organisms,,3/16/2018,,,1,Count,,,,,,,,,,,ID-COUNT-LEVEL2,,09COV1862_17,,"Rhithron Associates Inc, Missoula MT",,Tvetenia bavarica Group,129197,,Larva,,,,
Warning,Ambient Monitoring,09COV1862,09COV1862,Sample,GovLocal,7/26/2017,,,,,8,ft2,,,,,,09COV1862_17,,N,,Y,,Solid/Sediment,Freshwater Taxonomy,,SURBER,,,,,,33.33,Number of Individual Organisms,,3/16/2018,,,2,Count,,,,,,,,,,,ID-COUNT-LEVEL2,,09COV1862_17,,"Rhithron Associates Inc, Missoula MT",,Thienemannimyia Group,128078,,Larva,,,,
Warning,Ambient Monitoring,09COV1862,09COV1862,Sample,GovLocal,7/26/2017,,,,,8,ft2,,,,,,09COV1862_17,,N,,Y,,Solid/Sediment,Freshwater Taxonomy,,SURBER,,,,,,33.33,Number of Individual Organisms,,3/16/2018,,,8,Count,,,,,,,,,,,ID-COUNT-LEVEL2,,09COV1862_17,,"Rhithron Associates Inc, Missoula MT",,Rhyacophila betteni Group,115097,,Larva,,,,
Warning,Ambient Monitoring,09COV1862,09COV1862,Sample,GovLocal,7/26/2017,,,,,8,ft2,,,,,,09COV1862_17,,N,,Y,,Solid/Sediment,Freshwater Taxonomy,,SURBER,,,,,,33.33,Number of Individual Organisms,,3/16/2018,,,2,Count,,,,,,,,,,,ID-COUNT-LEVEL2,,09COV1862_17,,"Rhithron Associates Inc, Missoula MT",,Rhyacophila brunnea/vemna Group,115097,,Larva,,,,
Warning,Ambient Monitoring,09COV1862,09COV1862,Sample,GovLocal,7/26/2017,,,,,8,ft2,,,,,,09COV1862_17,,N,,Y,,Solid/Sediment,Freshwater Taxonomy,,SURBER,,,,,,33.33,Number of Individual Organisms,,3/16/2018,,,3,Count,,,,,,,,,,,ID-COUNT-LEVEL2,,09COV1862_17,,"Rhithron Associates Inc, Missoula MT",,Baetis tricaudatus complex,100817,,Larva,,,,
Warning,Ambient Monitoring,09COV1862,09COV1862,Sample,GovLocal,7/27/2016,,,,,8,ft2,,,,,,09COV1862_16,,N,,Y,,Solid/Sediment,Freshwater Taxonomy,,SURBER,,,,,,70,Number of Individual Organisms,,11/21/2016,,,5,Count,,,,,,,,,,,ID-COUNT-LEVEL2,,09COV1862_16,,"Rhithron Associates Inc, Missoula MT",,Tvetenia bavarica Group,129197,,Larva,,,,
Warning,Ambient Monitoring,09COV1862,09COV1862,Sample,GovLocal,7/27/2016,,,,,8,ft2,,,,,,09COV1862_16,,N,,Y,,Solid/Sediment,Freshwater Taxonomy,,SURBER,,,,,,70,Number of Individual Organisms,,11/21/2016,,,3,Count,,,,,,,,,,,ID-COUNT-LEVEL2,,09COV1862_16,,"Rhithron Associates Inc, Missoula MT",,Thienemannimyia Group,128078,,Larva,,,,
Warning,Ambient Monitoring,09COV1862,09COV1862,Sample,GovLocal,7/27/2016,,,,,8,ft2,,,,,,09COV1862_16,,N,,Y,,Solid/Sediment,Freshwater Taxonomy,,SURBER,,,,,,70,Number of Individual Organisms,,11/21/2016,,,8,Count,,,,,,,,,,,ID-COUNT-LEVEL2,,09COV1862_16,,"Rhithron Associates Inc, Missoula MT",,Rhyacophila betteni Group,115097,,Larva,,,,
Warning,Ambient Monitoring,09COV1862,09COV1862,Sample,GovLocal,7/27/2016,,,,,8,ft2,,,,,,09COV1862_16,,N,,Y,,Solid/Sediment,Freshwater Taxonomy,,SURBER,,,,,,70,Number of Individual Organisms,,11/21/2016,,,1,Count,,,,,,,,,,,ID-COUNT-LEVEL2,,09COV1862_16,,"Rhithron Associates Inc, Missoula MT",,Rhyacophila brunnea/vemna Group,115097,,Larva,,,,
Warning,Ambient Monitoring,09COV1862,09COV1862,Sample,GovLocal,7/27/2016,,,,,8,ft2,,,,,,09COV1862_16,,N,,Y,,Solid/Sediment,Freshwater Taxonomy,,SURBER,,,,,,70,Number of Individual Organisms,,11/21/2016,,,17,Count,,,,,,,,,,,ID-COUNT-LEVEL2,,09COV1862_16,,"Rhithron Associates Inc, Missoula MT",,Baetis tricaudatus complex,100817,,Larva,,,,
Warning,Ambient Monitoring,09COV1862,09COV1862,Sample,GovLocal,8/5/2015,,,,,8,ft2,,,,,,09COV1862_15,,N,,Y,,Solid/Sediment,Freshwater Taxonomy,,SURBER,,,,,,26.67,Number of Individual Organisms,,4/22/2016,,,12,Count,,,,,,,,,,,ID-COUNT-LEVEL2,,09COV1862_15,,"Rhithron Associates Inc, Missoula MT",,Monatractides,83249,,Adult,,,,
Warning,Ambient Monitoring,09COV1864,09COV1864,Sample,GovLocal,8/3/2020,,,,,8,ft2,,,,,,09COV1864_20,,N,,Y,,Solid/Sediment,Freshwater Taxonomy,,SURBER,,,,,,26.67,Number of Individual Organisms,,4/30/2021,,,1,Count,,,,,,,,,,,ID-COUNT-LEVEL2,,09COV1864_20,,"Rhithron Associates Inc, Missoula MT",,Tvetenia bavarica Group,129197,,Larva,,,,
Warning,Ambient Monitoring,09COV1864,09COV1864,Sample,GovLocal,8/3/2020,,,,,8,ft2,,,,,,09COV1864_20,,N,,Y,,Solid/Sediment,Freshwater Taxonomy,,SURBER,,,,,,26.67,Number of Individual Organisms,,4/30/2021,,,1,Count,,,,,,,,,,,ID-COUNT-LEVEL2,,09COV1864_20,,"Rhithron Associates Inc, Missoula MT",,Rhyacophila betteni Group,115097,,Larva,,,,
Warning,Ambient Monitoring,09COV1864,09COV1864,Sample,GovLocal,8/3/2020,,,,,8,ft2,,,,,,09COV1864_20,,N,,Y,,Solid/Sediment,Freshwater Taxonomy,,SURBER,,,,,,26.67,Number of Individual Organisms,,4/30/2021,,,5,Count,,,,,,,,,,,ID-COUNT-LEVEL2,,09COV1864_20,,"Rhithron Associates Inc, Missoula MT",,Baetis tricaudatus complex,100817,,Larva,,,,
Warning,Ambient Monitoring,09COV1864,09COV1864,Sample,GovLocal,7/18/2019,,,,,8,ft2,,,,,,09COV1864_19,,N,,Y,,Solid/Sediment,Freshwater Taxonomy,,SURBER,,,,,,73.33,Number of Individual Organisms,,10/2/2019,,,2,Count,,,,,,,,,,,ID-COUNT-LEVEL2,,09COV1864_19,,"Rhithron Associates Inc, Missoula MT",,Tvetenia bavarica Group,129197,,Larva,,,,
Warning,Ambient Monitoring,09COV1864,09COV1864,Sample,GovLocal,7/18/2019,,,,,8,ft2,,,,,,09COV1864_19,,N,,Y,,Solid/Sediment,Freshwater Taxonomy,,SURBER,,,,,,73.33,Number of Individual Organisms,,10/2/2019,,,1,Count,,,,,,,,,,,ID-COUNT-LEVEL2,,09COV1864_19,,"Rhithron Associates Inc, Missoula MT",,Rhyacophila brunnea/vemna Group,115097,,Larva,,,,
Warning,Ambient Monitoring,09COV1864,09COV1864,Sample,GovLocal,9/20/2018,,,,,8,ft2,,,,,,09COV1864_18,,N,,Y,,Solid/Sediment,Freshwater Taxonomy,,SURBER,,,,,,33.33,Number of Individual Organisms,,11/19/2018,,,5,Count,,,,,,,,,,,ID-COUNT-LEVEL2,,09COV1864_18,,"Rhithron Associates Inc, Missoula MT",,Zapada oregonensis Group,102591,,Larva,,,,
Warning,Ambient Monitoring,09COV1864,09COV1864,Sample,GovLocal,9/20/2018,,,,,8,ft2,,,,,,09COV1864_18,,N,,Y,,Solid/Sediment,Freshwater Taxonomy,,SURBER,,,,,,33.33,Number of Individual Organisms,,11/19/2018,,,9,Count,,,,,,,,,,,ID-COUNT-LEVEL2,,09COV1864_18,,"Rhithron Associates Inc, Missoula MT",,Rhyacophila betteni Group,115097,,Larva,,,,
Warning,Ambient Monitoring,09DEE2163,09DEE2163,Sample,GovLocal,10/7/2021,,,,,8,ft2,,,,,,09DEE2163_21,,N,,Y,,Solid/Sediment,Freshwater Taxonomy,,SURBER,,,,,,10,Number of Individual Organisms,,12/17/2021,,,1,Count,,,,,,,,,,,ID-COUNT-LEVEL2,,09DEE2163_21,,"Rhithron Associates Inc, Missoula MT",,Rhyacophila brunnea/vemna Group,115097,,Larva,,,,
Warning,Ambient Monitoring,09DEE2163,09DEE2163,Sample,GovLocal,10/7/2021,,,,,8,ft2,,,,,,09DEE2163_21,,N,,Y,,Solid/Sediment,Freshwater Taxonomy,,SURBER,,,,,,10,Number of Individual Organisms,,12/17/2021,,,1,Count,,,,,,,,,,,ID-COUNT-LEVEL2,,09DEE2163_21,,"Rhithron Associates Inc, Missoula MT",,Neoleptophlebia,101095,,Larva,,,,
Warning,Ambient Monitoring,09DEE2163,09DEE2163,Sample,GovLocal,10/7/2021,,,,,8,ft2,,,,,,09DEE2163_21,,N,,Y,,Solid/Sediment,Freshwater Taxonomy,,SURBER,,,,,,10,Number of Individual Organisms,,12/17/2021,,,8,Count,,,,,,,,,,,ID-COUNT-LEVEL2,,09DEE2163_21,,"Rhithron Associates Inc, Missoula MT",,Baetis tricaudatus complex,100817,,Larva,,,,
Warning,Ambient Monitoring,09DEE2163,09DEE2163,Sample,GovLocal,8/24/2020,,,,,8,ft2,,,,,,09DEE2163_20,,N,,Y,,Solid/Sediment,Freshwater Taxonomy,,SURBER,,,,,,16.67,Number of Individual Organisms,,4/30/2021,,,6,Count,,,,,,,,,,,ID-COUNT-LEVEL2,,09DEE2163_20,,"Rhithron Associates Inc, Missoula MT",,Monatractides,83249,,Adult,,,,
Warning,Ambient Monitoring,09DEE2163,09DEE2163,Sample,GovLocal,8/24/2020,,,,,8,ft2,,,,,,09DEE2163_20,,N,,Y,,Solid/Sediment,Freshwater Taxonomy,,SURBER,,,,,,16.67,Number of Individual Organisms,,4/30/2021,,,4,Count,,,,,,,,,,,ID-COUNT-LEVEL2,,09DEE2163_20,,"Rhithron Associates Inc, Missoula MT",,Tvetenia bavarica Group,129197,,Larva,,,,
Warning,Ambient Monitoring,09DEE2163,09DEE2163,Sample,GovLocal,8/24/2020,,,,,8,ft2,,,,,,09DEE2163_20,,N,,Y,,Solid/Sediment,Freshwater Taxonomy,,SURBER,,,,,,16.67,Number of Individual Organisms,,4/30/2021,,,3,Count,,,,,,,,,,,ID-COUNT-LEVEL2,,09DEE2163_20,,"Rhithron Associates Inc, Missoula MT",,Thienemannimyia Group,128078,,Larva,,,,
Warning,Ambient Monitoring,09DEE2163,09DEE2163,Sample,GovLocal,8/24/2020,,,,,8,ft2,,,,,,09DEE2163_20,,N,,Y,,Solid/Sediment,Freshwater Taxonomy,,SURBER,,,,,,16.67,Number of Individual Organisms,,4/30/2021,,,4,Count,,,,,,,,,,,ID-COUNT-LEVEL2,,09DEE2163_20,,"Rhithron Associates Inc, Missoula MT",,Rhyacophila betteni Group,115097,,Larva,,,,
Warning,Ambient Monitoring,09DEE2163,09DEE2163,Sample,GovLocal,8/24/2020,,,,,8,ft2,,,,,,09DEE2163_20,,N,,Y,,Solid/Sediment,Freshwater Taxonomy,,SURBER,,,,,,16.67,Number of Individual Organisms,,4/30/2021,,,4,Count,,,,,,,,,,,ID-COUNT-LEVEL2,,09DEE2163_20,,"Rhithron Associates Inc, Missoula MT",,Rhyacophila brunnea/vemna Group,115097,,Larva,,,,
Warning,Ambient Monitoring,09DEE2163,09DEE2163,Sample,GovLocal,8/24/2020,,,,,8,ft2,,,,,,09DEE2163_20,,N,,Y,,Solid/Sediment,Freshwater Taxonomy,,SURBER,,,,,,16.67,Number of Individual Organisms,,4/30/2021,,,16,Count,,,,,,,,,,,ID-COUNT-LEVEL2,,09DEE2163_20,,"Rhithron Associates Inc, Missoula MT",,Baetis tricaudatus complex,100817,,Larva,,,,
Warning,Ambient Monitoring,09DEE2163,09DEE2163,Sample,GovLocal,8/16/2017,,,,,8,ft2,,,,,,09DEE2163_17,,N,,Y,,Solid/Sediment,Freshwater Taxonomy,,SURBER,,,,,,13.33,Number of Individual Organisms,,3/16/2018,,,17,Count,,,,,,,,,,,ID-COUNT-LEVEL2,,09DEE2163_17,,"Rhithron Associates Inc, Missoula MT",,Monatractides,83249,,Adult,,,,
Warning,Ambient Monitoring,09DEE2163,09DEE2163,Sample,GovLocal,8/16/2017,,,,,8,ft2,,,,,,09DEE2163_17,,N,,Y,,Solid/Sediment,Freshwater Taxonomy,,SURBER,,,,,,13.33,Number of Individual Organisms,,3/16/2018,,,2,Count,,,,,,,,,,,ID-COUNT-LEVEL2,,09DEE2163_17,,"Rhithron Associates Inc, Missoula MT",,Empididae Genus B,0,,Larva,,,,
Warning,Ambient Monitoring,09DEE2163,09DEE2163,Sample,GovLocal,8/16/2017,,,,,8,ft2,,,,,,09DEE2163_17,,N,,Y,,Solid/Sediment,Freshwater Taxonomy,,SURBER,,,,,,13.33,Number of Individual Organisms,,3/16/2018,,,12,Count,,,,,,,,,,,ID-COUNT-LEVEL2,,09DEE2163_17,,"Rhithron Associates Inc, Missoula MT",,Tvetenia bavarica Group,129197,,Larva,,,,
Warning,Ambient Monitoring,09DEE2163,09DEE2163,Sample,GovLocal,8/16/2017,,,,,8,ft2,,,,,,09DEE2163_17,,N,,Y,,Solid/Sediment,Freshwater Taxonomy,,SURBER,,,,,,13.33,Number of Individual Organisms,,3/16/2018,,,1,Count,,,,,,,,,,,ID-COUNT-LEVEL2,,09DEE2163_17,,"Rhithron Associates Inc, Missoula MT",,Zapada oregonensis Group,102591,,Larva,,,,
Warning,Ambient Monitoring,09DEE2211,09DEE2211,Sample,GovLocal,8/22/2023,,,,,8,ft2,,,,,,09DEE2211_23,,N,,Y,,Solid/Sediment,Freshwater Taxonomy,,SURBER,,,,,,16.67,Number of Individual Organisms,,4/18/2024,,,11,Count,,,,,,,,,,,ID-COUNT-LEVEL2,,09DEE2211_23,,"Rhithron Associates Inc, Missoula MT",,Rhyacophila brunnea/vemna Group,115097,,Larva,,,,
Warning,Ambient Monitoring,09DEE2211,09DEE2211,Sample,GovLocal,9/9/2022,,,,,8,ft2,,,,,,09DEE2211_22,,N,,Y,,Solid/Sediment,Freshwater Taxonomy,,SURBER,,,,,,33.33,Number of Individual Organisms,,5/19/2023,,,11,Count,,,,,,,,,,,ID-COUNT-LEVEL2,,09DEE2211_22,,"Rhithron Associates Inc, Missoula MT",,Monatractides,83249,,Adult,,,,
Warning,Ambient Monitoring,09DEE2211,09DEE2211,Sample,GovLocal,9/9/2022,,,,,8,ft2,,,,,,09DEE2211_22,,N,,Y,,Solid/Sediment,Freshwater Taxonomy,,SURBER,,,,,,33.33,Number of Individual Organisms,,5/19/2023,,,2,Count,,,,,,,,,,,ID-COUNT-LEVEL2,,09DEE2211_22,,"Rhithron Associates Inc, Missoula MT",,Tvetenia bavarica Group,129197,,Larva,,,,
Warning,Ambient Monitoring,09DEE2211,09DEE2211,Sample,GovLocal,9/9/2022,,,,,8,ft2,,,,,,09DEE2211_22,,N,,Y,,Solid/Sediment,Freshwater Taxonomy,,SURBER,,,,,,33.33,Number of Individual Organisms,,5/19/2023,,,8,Count,,,,,,,,,,,ID-COUNT-LEVEL2,,09DEE2211_22,,"Rhithron Associates Inc, Missoula MT",,Rhyacophila brunnea/vemna Group,115097,,Larva,,,,
Warning,Ambient Monitoring,09DEE2211,09DEE2211,Sample,GovLocal,9/9/2022,,,,,8,ft2,,,,,,09DEE2211_22_R,,Y,,Y,,Solid/Sediment,Freshwater Taxonomy,,SURBER,,,,,,13.33,Number of Individual Organisms,,5/19/2023,,,3,Count,,,,,,,,,,,ID-COUNT-LEVEL2,,09DEE2211_22_R,,"Rhithron Associates Inc, Missoula MT",,Monatractides,83249,,Adult,,,,
Warning,Ambient Monitoring,09DEE2211,09DEE2211,Sample,GovLocal,9/9/2022,,,,,8,ft2,,,,,,09DEE2211_22_R,,Y,,Y,,Solid/Sediment,Freshwater Taxonomy,,SURBER,,,,,,13.33,Number of Individual Organisms,,5/19/2023,,,17,Count,,,,,,,,,,,ID-COUNT-LEVEL2,,09DEE2211_22_R,,"Rhithron Associates Inc, Missoula MT",,Tvetenia bavarica Group,129197,,Larva,,,,
Warning,Ambient Monitoring,09DEE2211,09DEE2211,Sample,GovLocal,9/9/2022,,,,,8,ft2,,,,,,09DEE2211_22_R,,Y,,Y,,Solid/Sediment,Freshwater Taxonomy,,SURBER,,,,,,13.33,Number of Individual Organisms,,5/19/2023,,,2,Count,,,,,,,,,,,ID-COUNT-LEVEL2,,09DEE2211_22_R,,"Rhithron Associates Inc, Missoula MT",,Thienemannimyia Group,128078,,Larva,,,,
Warning,Ambient Monitoring,09DEE2211,09DEE2211,Sample,GovLocal,8/23/2018,,,,,8,ft2,,,,,,09DEE2211_18,,N,,Y,,Solid/Sediment,Freshwater Taxonomy,,SURBER,,,,,,16.67,Number of Individual Organisms,,10/8/2018,,,2,Count,,,,,,,,,,,ID-COUNT-LEVEL2,,09DEE2211_18,,"Rhithron Associates Inc, Missoula MT",,Tvetenia bavarica Group,129197,,Larva,,,,
Warning,Ambient Monitoring,09DEE2211,09DEE2211,Sample,GovLocal,8/23/2018,,,,,8,ft2,,,,,,09DEE2211_18,,N,,Y,,Solid/Sediment,Freshwater Taxonomy,,SURBER,,,,,,16.67,Number of Individual Organisms,,10/8/2018,,,24,Count,,,,,,,,,,,ID-COUNT-LEVEL2,,09DEE2211_18,,"Rhithron Associates Inc, Missoula MT",,Thienemannimyia Group,128078,,Larva,,,,
Warning,Ambient Monitoring,09DEE2211,09DEE2211,Sample,GovLocal,8/23/2018,,,,,8,ft2,,,,,,09DEE2211_18,,N,,Y,,Solid/Sediment,Freshwater Taxonomy,,SURBER,,,,,,16.67,Number of Individual Organisms,,10/8/2018,,,5,Count,,,,,,,,,,,ID-COUNT-LEVEL2,,09DEE2211_18,,"Rhithron Associates Inc, Missoula MT",,Rhyacophila brunnea/vemna Group,115097,,Larva,,,,
Warning,Ambient Monitoring,09DEE2211,09DEE2211,Sample,GovLocal,8/23/2018,,,,,8,ft2,,,,,,09DEE2211_18,,N,,Y,,Solid/Sediment,Freshwater Taxonomy,,SURBER,,,,,,16.67,Number of Individual Organisms,,10/8/2018,,,1,Count,,,,,,,,,,,ID-COUNT-LEVEL2,,09DEE2211_18,,"Rhithron Associates Inc, Missoula MT",,Anafroptilum,100755,,Larva,,,,
Warning,Ambient Monitoring,09DEE2211,09DEE2211,Sample,GovLocal,8/8/2017,,,,,8,ft2,,,,,,09DEE2211_17,,N,,Y,,Solid/Sediment,Freshwater Taxonomy,,SURBER,,,,,,26.67,Number of Individual Organisms,,3/16/2018,,,1,Count,,,,,,,,,,,ID-COUNT-LEVEL2,,09DEE2211_17,,"Rhithron Associates Inc, Missoula MT",,Monatractides,83249,,Adult,,,,
Warning,Ambient Monitoring,09DEE2211,09DEE2211,Sample,GovLocal,8/8/2017,,,,,8,ft2,,,,,,09DEE2211_17,,N,,Y,,Solid/Sediment,Freshwater Taxonomy,,SURBER,,,,,,26.67,Number of Individual Organisms,,3/16/2018,,,10,Count,,,,,,,,,,,ID-COUNT-LEVEL2,,09DEE2211_17,,"Rhithron Associates Inc, Missoula MT",,Tvetenia bavarica Group,129197,,Larva,,,,
Warning,Ambient Monitoring,09DEE2211,09DEE2211,Sample,GovLocal,8/8/2017,,,,,8,ft2,,,,,,09DEE2211_17,,N,,Y,,Solid/Sediment,Freshwater Taxonomy,,SURBER,,,,,,26.67,Number of Individual Organisms,,3/16/2018,,,4,Count,,,,,,,,,,,ID-COUNT-LEVEL2,,09DEE2211_17,,"Rhithron Associates Inc, Missoula MT",,Thienemannimyia Group,128078,,Larva,,,,
Warning,Ambient Monitoring,09DEE2211,09DEE2211,Sample,GovLocal,8/8/2017,,,,,8,ft2,,,,,,09DEE2211_17,,N,,Y,,Solid/Sediment,Freshwater Taxonomy,,SURBER,,,,,,26.67,Number of Individual Organisms,,3/16/2018,,,2,Count,,,,,,,,,,,ID-COUNT-LEVEL2,,09DEE2211_17,,"Rhithron Associates Inc, Missoula MT",,Zapada oregonensis Group,102591,,Larva,,,,
Warning,Ambient Monitoring,09DEE2211,09DEE2211,Sample,GovLocal,8/8/2017,,,,,8,ft2,,,,,,09DEE2211_17,,N,,Y,,Solid/Sediment,Freshwater Taxonomy,,SURBER,,,,,,26.67,Number of Individual Organisms,,3/16/2018,,,3,Count,,,,,,,,,,,ID-COUNT-LEVEL2,,09DEE2211_17,,"Rhithron Associates Inc, Missoula MT",,Rhyacophila betteni Group,115097,,Larva,,,,
Warning,Ambient Monitoring,09DEE2211,09DEE2211,Sample,GovLocal,8/8/2017,,,,,8,ft2,,,,,,09DEE2211_17,,N,,Y,,Solid/Sediment,Freshwater Taxonomy,,SURBER,,,,,,26.67,Number of Individual Organisms,,3/16/2018,,,4,Count,,,,,,,,,,,ID-COUNT-LEVEL2,,09DEE2211_17,,"Rhithron Associates Inc, Missoula MT",,Rhyacophila brunnea/vemna Group,115097,,Larva,,,,
Warning,Ambient Monitoring,09DEE2211,09DEE2211,Sample,GovLocal,8/8/2017,,,,,8,ft2,,,,,,09DEE2211_17,,N,,Y,,Solid/Sediment,Freshwater Taxonomy,,SURBER,,,,,,26.67,Number of Individual Organisms,,3/16/2018,,,7,Count,,,,,,,,,,,ID-COUNT-LEVEL2,,09DEE2211_17,,"Rhithron Associates Inc, Missoula MT",,Baetis tricaudatus complex,100817,,Larva,,,,
Warning,Ambient Monitoring,09DUW0091,09DUW0091,Sample,GovLocal,7/28/2021,,,,,8,ft2,,,,,,09DUW0091_21,,N,,Y,,Solid/Sediment,Freshwater Taxonomy,,SURBER,,,,,,23.33,Number of Individual Organisms,,10/20/2021,,,16,Count,,,,,,,,,,,ID-COUNT-LEVEL2,,09DUW0091_21,,"Rhithron Associates Inc, Missoula MT",,Baetis tricaudatus complex,100817,,Larva,,,,
Warning,Ambient Monitoring,09DUW0091,09DUW0091,Sample,GovLocal,7/29/2020,,,,,8,ft2,,,,,,09DUW0091_20,,N,,Y,,Solid/Sediment,Freshwater Taxonomy,,SURBER,,,,,,80,Number of Individual Organisms,,4/30/2021,,,5,Count,,,,,,,,,,,ID-COUNT-LEVEL2,,09DUW0091_20,,"Rhithron Associates Inc, Missoula MT",,Tvetenia bavarica Group,129197,,Larva,,,,
Warning,Ambient Monitoring,09DUW0091,09DUW0091,Sample,GovLocal,7/29/2020,,,,,8,ft2,,,,,,09DUW0091_20,,N,,Y,,Solid/Sediment,Freshwater Taxonomy,,SURBER,,,,,,80,Number of Individual Organisms,,4/30/2021,,,1,Count,,,,,,,,,,,ID-COUNT-LEVEL2,,09DUW0091_20,,"Rhithron Associates Inc, Missoula MT",,Pericomaini,125391,,Larva,,,,
Warning,Ambient Monitoring,09DUW0091,09DUW0091,Sample,GovLocal,7/29/2020,,,,,8,ft2,,,,,,09DUW0091_20,,N,,Y,,Solid/Sediment,Freshwater Taxonomy,,SURBER,,,,,,80,Number of Individual Organisms,,4/30/2021,,,4,Count,,,,,,,,,,,ID-COUNT-LEVEL2,,09DUW0091_20,,"Rhithron Associates Inc, Missoula MT",,Baetis tricaudatus complex,100817,,Larva,,,,
Warning,Ambient Monitoring,09DUW0091,09DUW0091,Sample,GovLocal,7/23/2019,,,,,8,ft2,,,,,,09DUW0091_19,,N,,Y,,Solid/Sediment,Freshwater Taxonomy,,SURBER,,,,,,26.67,Number of Individual Organisms,,10/2/2019,,,42,Count,,,,,,,,,,,ID-COUNT-LEVEL2,,09DUW0091_19,,"Rhithron Associates Inc, Missoula MT",,Tvetenia bavarica Group,129197,,Larva,,,,
Warning,Ambient Monitoring,09DUW0091,09DUW0091,Sample,GovLocal,7/23/2019,,,,,8,ft2,,,,,,09DUW0091_19,,N,,Y,,Solid/Sediment,Freshwater Taxonomy,,SURBER,,,,,,26.67,Number of Individual Organisms,,10/2/2019,,,15,Count,,,,,,,,,,,ID-COUNT-LEVEL2,,09DUW0091_19,,"Rhithron Associates Inc, Missoula MT",,Baetis tricaudatus complex,100817,,Larva,,,,
Warning,Ambient Monitoring,09DUW0091,09DUW0091,Sample,GovLocal,9/19/2018,,,,,8,ft2,,,,,,09DUW0091_18,,N,,Y,,Solid/Sediment,Freshwater Taxonomy,,SURBER,,,,,,33.33,Number of Individual Organisms,,11/19/2018,,,13,Count,,,,,,,,,,,ID-COUNT-LEVEL2,,09DUW0091_18,,"Rhithron Associates Inc, Missoula MT",,Tvetenia bavarica Group,129197,,Larva,,,,
Warning,Ambient Monitoring,09DUW0091,09DUW0091,Sample,GovLocal,9/19/2018,,,,,8,ft2,,,,,,09DUW0091_18,,N,,Y,,Solid/Sediment,Freshwater Taxonomy,,SURBER,,,,,,33.33,Number of Individual Organisms,,11/19/2018,,,2,Count,,,,,,,,,,,ID-COUNT-LEVEL2,,09DUW0091_18,,"Rhithron Associates Inc, Missoula MT",,Holorusia hespera,118890,,Larva,,,,
Warning,Ambient Monitoring,09DUW0091,09DUW0091,Sample,GovLocal,9/19/2018,,,,,8,ft2,,,,,,09DUW0091_18,,N,,Y,,Solid/Sediment,Freshwater Taxonomy,,SURBER,,,,,,33.33,Number of Individual Organisms,,11/19/2018,,,1,Count,,,,,,,,,,,ID-COUNT-LEVEL2,,09DUW0091_18,,"Rhithron Associates Inc, Missoula MT",,Baetis tricaudatus complex,100817,,Larva,,,,
Warning,Ambient Monitoring,09DUW0091,09DUW0091,Sample,GovLocal,9/19/2018,,,,,8,ft2,,,,,,09DUW0091_18_R,,Y,,Y,,Solid/Sediment,Freshwater Taxonomy,,SURBER,,,,,,20,Number of Individual Organisms,,11/19/2018,,,1,Count,,,,,,,,,,,ID-COUNT-LEVEL2,,09DUW0091_18_R,,"Rhithron Associates Inc, Missoula MT",,Chamaedrilus,68510,,unknown,,,,
Warning,Ambient Monitoring,09DUW0225,09DUW0225,Sample,GovLocal,7/23/2019,,,,,8,ft2,,,,,,09DUW0225_19,,N,,Y,,Solid/Sediment,Freshwater Taxonomy,,SURBER,,,,,,100,Number of Individual Organisms,,10/2/2019,,,1,Count,,,,,,,,,,,ID-COUNT-LEVEL2,,09DUW0225_19,,"Rhithron Associates Inc, Missoula MT",,Chamaedrilus,68510,,unknown,,,,
Warning,Ambient Monitoring,09DUW0225,09DUW0225,Sample,GovLocal,7/23/2019,,,,,8,ft2,,,,,,09DUW0225_19,,N,,Y,,Solid/Sediment,Freshwater Taxonomy,,SURBER,,,,,,100,Number of Individual Organisms,,10/2/2019,,,1,Count,,,,,,,,,,,ID-COUNT-LEVEL2,,09DUW0225_19,,"Rhithron Associates Inc, Missoula MT",,Rhyacophila betteni Group,115097,,Larva,,,,
Warning,Ambient Monitoring,09DUW0225,09DUW0225,Sample,GovLocal,7/23/2019,,,,,8,ft2,,,,,,09DUW0225_19,,N,,Y,,Solid/Sediment,Freshwater Taxonomy,,SURBER,,,,,,100,Number of Individual Organisms,,10/2/2019,,,80,Count,,,,,,,,,,,ID-COUNT-LEVEL2,,09DUW0225_19,,"Rhithron Associates Inc, Missoula MT",,Baetis tricaudatus complex,100817,,Larva,,,,
Warning,Ambient Monitoring,09DUW0225,09DUW0225,Sample,GovLocal,8/15/2018,,,,,8,ft2,,,,,,09DUW0225_18,,N,,Y,,Solid/Sediment,Freshwater Taxonomy,,SURBER,,,,,,100,Number of Individual Organisms,,10/4/2018,,,5,Count,,,,,,,,,,,ID-COUNT-LEVEL2,,09DUW0225_18,,"Rhithron Associates Inc, Missoula MT",,Chamaedrilus,68510,,unknown,,,,
Warning,Ambient Monitoring,09DUW0225,09DUW0225,Sample,GovLocal,8/15/2018,,,,,8,ft2,,,,,,09DUW0225_18,,N,,Y,,Solid/Sediment,Freshwater Taxonomy,,SURBER,,,,,,100,Number of Individual Organisms,,10/4/2018,,,1,Count,,,,,,,,,,,ID-COUNT-LEVEL2,,09DUW0225_18,,"Rhithron Associates Inc, Missoula MT",,Rhyacophila brunnea/vemna Group,115097,,Larva,,,,
Warning,Ambient Monitoring,09DUW0225,09DUW0225,Sample,GovLocal,8/15/2018,,,,,8,ft2,,,,,,09DUW0225_18,,N,,Y,,Solid/Sediment,Freshwater Taxonomy,,SURBER,,,,,,100,Number of Individual Organisms,,10/4/2018,,,8,Count,,,,,,,,,,,ID-COUNT-LEVEL2,,09DUW0225_18,,"Rhithron Associates Inc, Missoula MT",,Baetis tricaudatus complex,100817,,Larva,,,,
Warning,Ambient Monitoring,09DUW0225,09DUW0225,Sample,GovLocal,8/31/2017,,,,,8,ft2,,,,,,09DUW0225_17,,N,,Y,,Solid/Sediment,Freshwater Taxonomy,,SURBER,,,,,,100,Number of Individual Organisms,,4/19/2018,,,14,Count,,,,,,,,,,,ID-COUNT-LEVEL2,,09DUW0225_17,,"Rhithron Associates Inc, Missoula MT",,Chamaedrilus,68510,,unknown,,,,
Warning,Ambient Monitoring,09DUW0225,09DUW0225,Sample,GovLocal,8/31/2017,,,,,8,ft2,,,,,,09DUW0225_17,,N,,Y,,Solid/Sediment,Freshwater Taxonomy,,SURBER,,,,,,100,Number of Individual Organisms,,4/19/2018,,,25,Count,,,,,,,,,,,ID-COUNT-LEVEL2,,09DUW0225_17,,"Rhithron Associates Inc, Missoula MT",,Baetis tricaudatus complex,100817,,Larva,,,,
Warning,Ambient Monitoring,09DUW0225,09DUW0225,Sample,GovLocal,8/11/2016,,,,,8,ft2,,,,,,09DUW0225_16,,N,,Y,,Solid/Sediment,Freshwater Taxonomy,,SURBER,,,,,,100,Number of Individual Organisms,,11/21/2016,,,1,Count,,,,,,,,,,,ID-COUNT-LEVEL2,,09DUW0225_16,,"Rhithron Associates Inc, Missoula MT",,Rhyacophila brunnea/vemna Group,115097,,Larva,,,,
Warning,Ambient Monitoring,09DUW0225,09DUW0225,Sample,GovLocal,8/11/2016,,,,,8,ft2,,,,,,09DUW0225_16,,N,,Y,,Solid/Sediment,Freshwater Taxonomy,,SURBER,,,,,,100,Number of Individual Organisms,,11/21/2016,,,57,Count,,,,,,,,,,,ID-COUNT-LEVEL2,,09DUW0225_16,,"Rhithron Associates Inc, Missoula MT",,Baetis tricaudatus complex,100817,,Larva,,,,
Warning,Ambient Monitoring,09DUW0225,09DUW0225,Sample,GovLocal,8/6/2015,,,,,8,ft2,,,,,,09DUW0225_15,,N,,Y,,Solid/Sediment,Freshwater Taxonomy,,SURBER,,,,,,100,Number of Individual Organisms,,4/22/2016,,,90,Count,,,,,,,,,,,ID-COUNT-LEVEL2,,09DUW0225_15,,"Rhithron Associates Inc, Missoula MT",,Baetis tricaudatus complex,100817,,Larva,,,,
Warning,Ambient Monitoring,09DUW0277,09DUW0277,Sample,GovLocal,8/18/2021,,,,,8,ft2,,,,,,09DUW0277_21,,N,,Y,,Solid/Sediment,Freshwater Taxonomy,,SURBER,,,,,,60,Number of Individual Organisms,,10/20/2021,,,7,Count,,,,,,,,,,,ID-COUNT-LEVEL2,,09DUW0277_21,,"Rhithron Associates Inc, Missoula MT",,Chamaedrilus,68510,,unknown,,,,
Warning,Ambient Monitoring,09DUW0277,09DUW0277,Sample,GovLocal,8/18/2021,,,,,8,ft2,,,,,,09DUW0277_21,,N,,Y,,Solid/Sediment,Freshwater Taxonomy,,SURBER,,,,,,60,Number of Individual Organisms,,10/20/2021,,,8,Count,,,,,,,,,,,ID-COUNT-LEVEL2,,09DUW0277_21,,"Rhithron Associates Inc, Missoula MT",,Tvetenia bavarica Group,129197,,Larva,,,,
Warning,Ambient Monitoring,09DUW0277,09DUW0277,Sample,GovLocal,8/18/2021,,,,,8,ft2,,,,,,09DUW0277_21,,N,,Y,,Solid/Sediment,Freshwater Taxonomy,,SURBER,,,,,,60,Number of Individual Organisms,,10/20/2021,,,4,Count,,,,,,,,,,,ID-COUNT-LEVEL2,,09DUW0277_21,,"Rhithron Associates Inc, Missoula MT",,Zapada oregonensis Group,102591,,Larva,,,,
Warning,Ambient Monitoring,09DUW0277,09DUW0277,Sample,GovLocal,8/11/2016,,,,,8,ft2,,,,,,09DUW0277_16,,N,,Y,,Solid/Sediment,Freshwater Taxonomy,,SURBER,,,,,,100,Number of Individual Organisms,,11/21/2016,,,13,Count,,,,,,,,,,,ID-COUNT-LEVEL2,,09DUW0277_16,,"Rhithron Associates Inc, Missoula MT",,Rhyacophila brunnea/vemna Group,115097,,Larva,,,,
Warning,Ambient Monitoring,09DUW0277,09DUW0277,Sample,GovLocal,8/11/2016,,,,,8,ft2,,,,,,09DUW0277_16,,N,,Y,,Solid/Sediment,Freshwater Taxonomy,,SURBER,,,,,,100,Number of Individual Organisms,,11/21/2016,,,26,Count,,,,,,,,,,,ID-COUNT-LEVEL2,,09DUW0277_16,,"Rhithron Associates Inc, Missoula MT",,Baetis tricaudatus complex,100817,,Larva,,,,
Warning,Ambient Monitoring,09DUW0277,09DUW0277,Sample,GovLocal,9/30/2015,,,,,8,ft2,,,,,,09DUW0277_15,,N,,Y,,Solid/Sediment,Freshwater Taxonomy,,SURBER,,,,,,50,Number of Individual Organisms,,4/22/2016,,,1,Count,,,,,,,,,,,ID-COUNT-LEVEL2,,09DUW0277_15,,"Rhithron Associates Inc, Missoula MT",,Tvetenia bavarica Group,129197,,Larva,,,,
Warning,Ambient Monitoring,09DUW0277,09DUW0277,Sample,GovLocal,9/30/2015,,,,,8,ft2,,,,,,09DUW0277_15,,N,,Y,,Solid/Sediment,Freshwater Taxonomy,,SURBER,,,,,,50,Number of Individual Organisms,,4/22/2016,,,6,Count,,,,,,,,,,,ID-COUNT-LEVEL2,,09DUW0277_15,,"Rhithron Associates Inc, Missoula MT",,Zapada oregonensis Group,102591,,Larva,,,,
Warning,Ambient Monitoring,09DUW0277,09DUW0277,Sample,GovLocal,9/30/2015,,,,,8,ft2,,,,,,09DUW0277_15,,N,,Y,,Solid/Sediment,Freshwater Taxonomy,,SURBER,,,,,,50,Number of Individual Organisms,,4/22/2016,,,4,Count,,,,,,,,,,,ID-COUNT-LEVEL2,,09DUW0277_15,,"Rhithron Associates Inc, Missoula MT",,Rhyacophila betteni Group,115097,,Larva,,,,
Warning,Ambient Monitoring,09DUW0277,09DUW0277,Sample,GovLocal,9/30/2015,,,,,8,ft2,,,,,,09DUW0277_15,,N,,Y,,Solid/Sediment,Freshwater Taxonomy,,SURBER,,,,,,50,Number of Individual Organisms,,4/22/2016,,,2,Count,,,,,,,,,,,ID-COUNT-LEVEL2,,09DUW0277_15,,"Rhithron Associates Inc, Missoula MT",,Rhyacophila brunnea/vemna Group,115097,,Larva,,,,
Warning,Ambient Monitoring,09DUW0277,09DUW0277,Sample,GovLocal,9/30/2015,,,,,8,ft2,,,,,,09DUW0277_15,,N,,Y,,Solid/Sediment,Freshwater Taxonomy,,SURBER,,,,,,50,Number of Individual Organisms,,4/22/2016,,,77,Count,,,,,,,,,,,ID-COUNT-LEVEL2,,09DUW0277_15,,"Rhithron Associates Inc, Missoula MT",,Baetis tricaudatus complex,100817,,Larva,,,,
Warning,Ambient Monitoring,09JEN1318,09JEN1318,Sample,GovLocal,8/19/2024,,,,,8,ft2,,,,,,09JEN1318_24,,N,,Y,,Solid/Sediment,Freshwater Taxonomy,,SURBER,,,,,,10,Number of Individual Organisms,,4/14/2025,,,2,Count,,,,,,,,,,,ID-COUNT-LEVEL2,,09JEN1318_24,,"Rhithron Associates Inc, Missoula MT",,Monatractides,83249,,Adult,,,,
Warning,Ambient Monitoring,09JEN1318,09JEN1318,Sample,GovLocal,8/19/2024,,,,,8,ft2,,,,,,09JEN1318_24,,N,,Y,,Solid/Sediment,Freshwater Taxonomy,,SURBER,,,,,,10,Number of Individual Organisms,,4/14/2025,,,5,Count,,,,,,,,,,,ID-COUNT-LEVEL2,,09JEN1318_24,,"Rhithron Associates Inc, Missoula MT",,Tvetenia bavarica Group,129197,,Larva,,,,
Warning,Ambient Monitoring,09JEN1318,09JEN1318,Sample,GovLocal,8/19/2024,,,,,8,ft2,,,,,,09JEN1318_24,,N,,Y,,Solid/Sediment,Freshwater Taxonomy,,SURBER,,,,,,10,Number of Individual Organisms,,4/14/2025,,,2,Count,,,,,,,,,,,ID-COUNT-LEVEL2,,09JEN1318_24,,"Rhithron Associates Inc, Missoula MT",,Thienemannimyia Group,128078,,Larva,,,,
Warning,Ambient Monitoring,09JEN1318,09JEN1318,Sample,GovLocal,8/19/2024,,,,,8,ft2,,,,,,09JEN1318_24,,N,,Y,,Solid/Sediment,Freshwater Taxonomy,,SURBER,,,,,,10,Number of Individual Organisms,,4/14/2025,,,1,Count,,,,,,,,,,,ID-COUNT-LEVEL2,,09JEN1318_24,,"Rhithron Associates Inc, Missoula MT",,Kogotus/Rickera,609866,,Larva,,,,
Warning,Ambient Monitoring,09JEN1318,09JEN1318,Sample,GovLocal,9/5/2019,,,,,8,ft2,,,,,,09JEN1318_19,,N,,Y,,Solid/Sediment,Freshwater Taxonomy,,SURBER,,,,,,46.67,Number of Individual Organisms,,2/7/2020,,,1,Count,,,,,,,,,,,ID-COUNT-LEVEL2,,09JEN1318_19,,"Rhithron Associates Inc, Missoula MT",,Rhyacophila betteni Group,115097,,Larva,,,,
Warning,Ambient Monitoring,09JEN1318,09JEN1318,Sample,GovLocal,8/23/2018,,,,,8,ft2,,,,,,09JEN1318_18,,N,,Y,,Solid/Sediment,Freshwater Taxonomy,,SURBER,,,,,,13.33,Number of Individual Organisms,,1/3/2019,,,37,Count,,,,,,,,,,,ID-COUNT-LEVEL2,,09JEN1318_18,,"Rhithron Associates Inc, Missoula MT",,Baetis tricaudatus complex,100817,,Larva,,,,
Warning,Ambient Monitoring,09JEN1318,09JEN1318,Sample,GovLocal,8/23/2018,,,,,8,ft2,,,,,,09JEN1318_18,,N,,Y,,Solid/Sediment,Freshwater Taxonomy,,SURBER,,,,,,13.33,Number of Individual Organisms,,1/3/2019,,,1,Count,,,,,,,,,,,ID-COUNT-LEVEL2,,09JEN1318_18,,"Rhithron Associates Inc, Missoula MT",,Labiobaetis sonajuventus,568552,,Larva,,,,
Warning,Ambient Monitoring,09JEN1318,09JEN1318,Sample,GovLocal,7/31/2017,,,,,8,ft2,,,,,,09JEN1318_17,,N,,Y,,Solid/Sediment,Freshwater Taxonomy,,SURBER,,,,,,26.67,Number of Individual Organisms,,3/16/2018,,,2,Count,,,,,,,,,,,ID-COUNT-LEVEL2,,09JEN1318_17,,"Rhithron Associates Inc, Missoula MT",,Rhyacophila brunnea/vemna Group,115097,,Larva,,,,
Warning,Ambient Monitoring,09JEN1318,09JEN1318,Sample,GovLocal,7/31/2017,,,,,8,ft2,,,,,,09JEN1318_17,,N,,Y,,Solid/Sediment,Freshwater Taxonomy,,SURBER,,,,,,26.67,Number of Individual Organisms,,3/16/2018,,,12,Count,,,,,,,,,,,ID-COUNT-LEVEL2,,09JEN1318_17,,"Rhithron Associates Inc, Missoula MT",,Baetis tricaudatus complex,100817,,Larva,,,,
Warning,Ambient Monitoring,09JEN1318,09JEN1318,Sample,GovLocal,7/31/2017,,,,,8,ft2,,,,,,09JEN1318_17,,N,,Y,,Solid/Sediment,Freshwater Taxonomy,,SURBER,,,,,,26.67,Number of Individual Organisms,,3/16/2018,,,1,Count,,,,,,,,,,,ID-COUNT-LEVEL2,,09JEN1318_17,,"Rhithron Associates Inc, Missoula MT",,Labiobaetis sonajuventus,568552,,Larva,,,,
Warning,Ambient Monitoring,09JEN1357,09JEN1357,Sample,GovLocal,9/6/2022,,,,,8,ft2,,,,,,09JEN1357_22,,N,,Y,,Solid/Sediment,Freshwater Taxonomy,,SURBER,,,,,,16.67,Number of Individual Organisms,,5/19/2023,,,8,Count,,,,,,,,,,,ID-COUNT-LEVEL2,,09JEN1357_22,,"Rhithron Associates Inc, Missoula MT",,Tvetenia bavarica Group,129197,,Larva,,,,
Warning,Ambient Monitoring,09JEN1357,09JEN1357,Sample,GovLocal,9/6/2022,,,,,8,ft2,,,,,,09JEN1357_22,,N,,Y,,Solid/Sediment,Freshwater Taxonomy,,SURBER,,,,,,16.67,Number of Individual Organisms,,5/19/2023,,,2,Count,,,,,,,,,,,ID-COUNT-LEVEL2,,09JEN1357_22,,"Rhithron Associates Inc, Missoula MT",,Thienemannimyia Group,128078,,Larva,,,,
Warning,Ambient Monitoring,09JEN1357,09JEN1357,Sample,GovLocal,9/6/2022,,,,,8,ft2,,,,,,09JEN1357_22,,N,,Y,,Solid/Sediment,Freshwater Taxonomy,,SURBER,,,,,,16.67,Number of Individual Organisms,,5/19/2023,,,1,Count,,,,,,,,,,,ID-COUNT-LEVEL2,,09JEN1357_22,,"Rhithron Associates Inc, Missoula MT",,Rhyacophila betteni Group,115097,,Larva,,,,
Warning,Ambient Monitoring,09JEN1357,09JEN1357,Sample,GovLocal,9/6/2022,,,,,8,ft2,,,,,,09JEN1357_22,,N,,Y,,Solid/Sediment,Freshwater Taxonomy,,SURBER,,,,,,16.67,Number of Individual Organisms,,5/19/2023,,,2,Count,,,,,,,,,,,ID-COUNT-LEVEL2,,09JEN1357_22,,"Rhithron Associates Inc, Missoula MT",,Rhyacophila brunnea/vemna Group,115097,,Larva,,,,
Warning,Ambient Monitoring,09JEN1357,09JEN1357,Sample,GovLocal,9/6/2022,,,,,8,ft2,,,,,,09JEN1357_22,,N,,Y,,Solid/Sediment,Freshwater Taxonomy,,SURBER,,,,,,16.67,Number of Individual Organisms,,5/19/2023,,,11,Count,,,,,,,,,,,ID-COUNT-LEVEL2,,09JEN1357_22,,"Rhithron Associates Inc, Missoula MT",,Baetis tricaudatus complex,100817,,Larva,,,,
Warning,Ambient Monitoring,09JEN1357,09JEN1357,Sample,GovLocal,9/6/2022,,,,,8,ft2,,,,,,09JEN1357_22,,N,,Y,,Solid/Sediment,Freshwater Taxonomy,,SURBER,,,,,,16.67,Number of Individual Organisms,,5/19/2023,,,5,Count,,,,,,,,,,,ID-COUNT-LEVEL2,,09JEN1357_22,,"Rhithron Associates Inc, Missoula MT",,Labiobaetis sonajuventus,568552,,Larva,,,,
Warning,Ambient Monitoring,09JEN1357,09JEN1357,Sample,GovLocal,8/2/2021,,,,,8,ft2,,,,,,09JEN1357_21,,N,,Y,,Solid/Sediment,Freshwater Taxonomy,,SURBER,,,,,,5,Number of Individual Organisms,,10/20/2021,,,1,Count,,,,,,,,,,,ID-COUNT-LEVEL2,,09JEN1357_21,,"Rhithron Associates Inc, Missoula MT",,Chamaedrilus,68510,,unknown,,,,
Warning,Ambient Monitoring,09JEN1357,09JEN1357,Sample,GovLocal,8/2/2021,,,,,8,ft2,,,,,,09JEN1357_21,,N,,Y,,Solid/Sediment,Freshwater Taxonomy,,SURBER,,,,,,5,Number of Individual Organisms,,10/20/2021,,,35,Count,,,,,,,,,,,ID-COUNT-LEVEL2,,09JEN1357_21,,"Rhithron Associates Inc, Missoula MT",,Tvetenia bavarica Group,129197,,Larva,,,,
Warning,Ambient Monitoring,09JEN1357,09JEN1357,Sample,GovLocal,8/2/2021,,,,,8,ft2,,,,,,09JEN1357_21,,N,,Y,,Solid/Sediment,Freshwater Taxonomy,,SURBER,,,,,,5,Number of Individual Organisms,,10/20/2021,,,1,Count,,,,,,,,,,,ID-COUNT-LEVEL2,,09JEN1357_21,,"Rhithron Associates Inc, Missoula MT",,Thienemannimyia Group,128078,,Larva,,,,
Warning,Ambient Monitoring,09JEN1357,09JEN1357,Sample,GovLocal,8/2/2021,,,,,8,ft2,,,,,,09JEN1357_21,,N,,Y,,Solid/Sediment,Freshwater Taxonomy,,SURBER,,,,,,5,Number of Individual Organisms,,10/20/2021,,,8,Count,,,,,,,,,,,ID-COUNT-LEVEL2,,09JEN1357_21,,"Rhithron Associates Inc, Missoula MT",,Zapada oregonensis Group,102591,,Larva,,,,
Warning,Ambient Monitoring,09JEN1357,09JEN1357,Sample,GovLocal,8/2/2021,,,,,8,ft2,,,,,,09JEN1357_21,,N,,Y,,Solid/Sediment,Freshwater Taxonomy,,SURBER,,,,,,5,Number of Individual Organisms,,10/20/2021,,,4,Count,,,,,,,,,,,ID-COUNT-LEVEL2,,09JEN1357_21,,"Rhithron Associates Inc, Missoula MT",,Rhyacophila betteni Group,115097,,Larva,,,,
Warning,Ambient Monitoring,09JEN1357,09JEN1357,Sample,GovLocal,8/2/2021,,,,,8,ft2,,,,,,09JEN1357_21,,N,,Y,,Solid/Sediment,Freshwater Taxonomy,,SURBER,,,,,,5,Number of Individual Organisms,,10/20/2021,,,8,Count,,,,,,,,,,,ID-COUNT-LEVEL2,,09JEN1357_21,,"Rhithron Associates Inc, Missoula MT",,Rhyacophila brunnea/vemna Group,115097,,Larva,,,,
Warning,Ambient Monitoring,09JEN1357,09JEN1357,Sample,GovLocal,8/2/2021,,,,,8,ft2,,,,,,09JEN1357_21,,N,,Y,,Solid/Sediment,Freshwater Taxonomy,,SURBER,,,,,,5,Number of Individual Organisms,,10/20/2021,,,48,Count,,,,,,,,,,,ID-COUNT-LEVEL2,,09JEN1357_21,,"Rhithron Associates Inc, Missoula MT",,Baetis tricaudatus complex,100817,,Larva,,,,
Warning,Ambient Monitoring,09JEN1357,09JEN1357,Sample,GovLocal,8/2/2021,,,,,8,ft2,,,,,,09JEN1357_21,,N,,Y,,Solid/Sediment,Freshwater Taxonomy,,SURBER,,,,,,5,Number of Individual Organisms,,10/20/2021,,,9,Count,,,,,,,,,,,ID-COUNT-LEVEL2,,09JEN1357_21,,"Rhithron Associates Inc, Missoula MT",,Labiobaetis sonajuventus,568552,,Larva,,,,
Warning,Ambient Monitoring,09JEN1357,09JEN1357,Sample,GovLocal,8/17/2020,,,,,8,ft2,,,,,,09JEN1357_20,,N,,Y,,Solid/Sediment,Freshwater Taxonomy,,SURBER,,,,,,10,Number of Individual Organisms,,4/30/2021,,,1,Count,,,,,,,,,,,ID-COUNT-LEVEL2,,09JEN1357_20,,"Rhithron Associates Inc, Missoula MT",,Chamaedrilus,68510,,unknown,,,,
Warning,Ambient Monitoring,09JEN1357,09JEN1357,Sample,GovLocal,8/17/2020,,,,,8,ft2,,,,,,09JEN1357_20,,N,,Y,,Solid/Sediment,Freshwater Taxonomy,,SURBER,,,,,,10,Number of Individual Organisms,,4/30/2021,,,12,Count,,,,,,,,,,,ID-COUNT-LEVEL2,,09JEN1357_20,,"Rhithron Associates Inc, Missoula MT",,Tvetenia bavarica Group,129197,,Larva,,,,
Warning,Ambient Monitoring,09JEN1357,09JEN1357,Sample,GovLocal,8/17/2020,,,,,8,ft2,,,,,,09JEN1357_20,,N,,Y,,Solid/Sediment,Freshwater Taxonomy,,SURBER,,,,,,10,Number of Individual Organisms,,4/30/2021,,,3,Count,,,,,,,,,,,ID-COUNT-LEVEL2,,09JEN1357_20,,"Rhithron Associates Inc, Missoula MT",,Zapada oregonensis Group,102591,,Larva,,,,
Warning,Ambient Monitoring,09JEN1357,09JEN1357,Sample,GovLocal,8/18/2015,,,,,8,ft2,,,,,,09JEN1357_15,,N,,Y,,Solid/Sediment,Freshwater Taxonomy,,SURBER,,,,,,13.33,Number of Individual Organisms,,4/22/2016,,,9,Count,,,,,,,,,,,ID-COUNT-LEVEL2,,09JEN1357_15,,"Rhithron Associates Inc, Missoula MT",,Tvetenia bavarica Group,129197,,Larva,,,,
Warning,Ambient Monitoring,09JEN1357,09JEN1357,Sample,GovLocal,8/18/2015,,,,,8,ft2,,,,,,09JEN1357_15,,N,,Y,,Solid/Sediment,Freshwater Taxonomy,,SURBER,,,,,,13.33,Number of Individual Organisms,,4/22/2016,,,1,Count,,,,,,,,,,,ID-COUNT-LEVEL2,,09JEN1357_15,,"Rhithron Associates Inc, Missoula MT",,Thienemannimyia Group,128078,,Larva,,,,
Warning,Ambient Monitoring,09JEN1357,09JEN1357,Sample,GovLocal,8/18/2015,,,,,8,ft2,,,,,,09JEN1357_15,,N,,Y,,Solid/Sediment,Freshwater Taxonomy,,SURBER,,,,,,13.33,Number of Individual Organisms,,4/22/2016,,,7,Count,,,,,,,,,,,ID-COUNT-LEVEL2,,09JEN1357_15,,"Rhithron Associates Inc, Missoula MT",,Rhyacophila betteni Group,115097,,Larva,,,,
Warning,Ambient Monitoring,09JEN1357,09JEN1357,Sample,GovLocal,8/18/2015,,,,,8,ft2,,,,,,09JEN1357_15,,N,,Y,,Solid/Sediment,Freshwater Taxonomy,,SURBER,,,,,,13.33,Number of Individual Organisms,,4/22/2016,,,3,Count,,,,,,,,,,,ID-COUNT-LEVEL2,,09JEN1357_15,,"Rhithron Associates Inc, Missoula MT",,Rhyacophila brunnea/vemna Group,115097,,Larva,,,,
Warning,Ambient Monitoring,09JEN1357,09JEN1357,Sample,GovLocal,8/18/2015,,,,,8,ft2,,,,,,09JEN1357_15,,N,,Y,,Solid/Sediment,Freshwater Taxonomy,,SURBER,,,,,,13.33,Number of Individual Organisms,,4/22/2016,,,36,Count,,,,,,,,,,,ID-COUNT-LEVEL2,,09JEN1357_15,,"Rhithron Associates Inc, Missoula MT",,Baetis tricaudatus complex,100817,,Larva,,,,
Warning,Ambient Monitoring,09LOW0753,09LOW0753,Sample,GovLocal,8/15/2023,,,,,8,ft2,,,,,,09LOW0753_23,,N,,Y,,Solid/Sediment,Freshwater Taxonomy,,SURBER,,,,,,100,Number of Individual Organisms,,4/16/2024,,,10,Count,,,,,,,,,,,ID-COUNT-LEVEL2,,09LOW0753_23,,"Rhithron Associates Inc, Missoula MT",,Monatractides,83249,,Adult,,,,
Warning,Ambient Monitoring,09LOW0753,09LOW0753,Sample,GovLocal,8/9/2018,,,,,8,ft2,,,,,,09LOW0753_18,,N,,Y,,Solid/Sediment,Freshwater Taxonomy,,SURBER,,,,,,90,Number of Individual Organisms,,10/4/2018,,,1,Count,,,,,,,,,,,ID-COUNT-LEVEL2,,09LOW0753_18,,"Rhithron Associates Inc, Missoula MT",,Chamaedrilus,68510,,unknown,,,,
Warning,Ambient Monitoring,09LOW0753,09LOW0753,Sample,GovLocal,8/9/2018,,,,,8,ft2,,,,,,09LOW0753_18,,N,,Y,,Solid/Sediment,Freshwater Taxonomy,,SURBER,,,,,,90,Number of Individual Organisms,,10/4/2018,,,7,Count,,,,,,,,,,,ID-COUNT-LEVEL2,,09LOW0753_18,,"Rhithron Associates Inc, Missoula MT",,Monatractides,83249,,Adult,,,,
Warning,Ambient Monitoring,09LOW0753,09LOW0753,Sample,GovLocal,8/9/2018,,,,,8,ft2,,,,,,09LOW0753_18,,N,,Y,,Solid/Sediment,Freshwater Taxonomy,,SURBER,,,,,,90,Number of Individual Organisms,,10/4/2018,,,2,Count,,,,,,,,,,,ID-COUNT-LEVEL2,,09LOW0753_18,,"Rhithron Associates Inc, Missoula MT",,Tvetenia bavarica Group,129197,,Larva,,,,
Warning,Ambient Monitoring,09LOW0753,09LOW0753,Sample,GovLocal,8/9/2018,,,,,8,ft2,,,,,,09LOW0753_18,,N,,Y,,Solid/Sediment,Freshwater Taxonomy,,SURBER,,,,,,90,Number of Individual Organisms,,10/4/2018,,,1,Count,,,,,,,,,,,ID-COUNT-LEVEL2,,09LOW0753_18,,"Rhithron Associates Inc, Missoula MT",,Thienemannimyia Group,128078,,Larva,,,,
Warning,Ambient Monitoring,09LOW0753,09LOW0753,Sample,GovLocal,8/9/2018,,,,,8,ft2,,,,,,09LOW0753_18,,N,,Y,,Solid/Sediment,Freshwater Taxonomy,,SURBER,,,,,,90,Number of Individual Organisms,,10/4/2018,,,1,Count,,,,,,,,,,,ID-COUNT-LEVEL2,,09LOW0753_18,,"Rhithron Associates Inc, Missoula MT",,Zapada oregonensis Group,102591,,Larva,,,,
Warning,Ambient Monitoring,09LOW0753,09LOW0753,Sample,GovLocal,8/9/2018,,,,,8,ft2,,,,,,09LOW0753_18,,N,,Y,,Solid/Sediment,Freshwater Taxonomy,,SURBER,,,,,,90,Number of Individual Organisms,,10/4/2018,,,4,Count,,,,,,,,,,,ID-COUNT-LEVEL2,,09LOW0753_18,,"Rhithron Associates Inc, Missoula MT",,Truncatelloidea,69459,,unknown,,,,
Warning,Ambient Monitoring,09LOW0753,09LOW0753,Sample,GovLocal,8/28/2017,,,,,8,ft2,,,,,,09LOW0753_17,,N,,Y,,Solid/Sediment,Freshwater Taxonomy,,SURBER,,,,,,90,Number of Individual Organisms,,3/16/2018,,,1,Count,,,,,,,,,,,ID-COUNT-LEVEL2,,09LOW0753_17,,"Rhithron Associates Inc, Missoula MT",,Glossiphonia elegans,69380,,unknown,,,,
Warning,Ambient Monitoring,09LOW0753,09LOW0753,Sample,GovLocal,8/28/2017,,,,,8,ft2,,,,,,09LOW0753_17,,N,,Y,,Solid/Sediment,Freshwater Taxonomy,,SURBER,,,,,,90,Number of Individual Organisms,,3/16/2018,,,6,Count,,,,,,,,,,,ID-COUNT-LEVEL2,,09LOW0753_17,,"Rhithron Associates Inc, Missoula MT",,Monatractides,83249,,Adult,,,,
Warning,Ambient Monitoring,09LOW0753,09LOW0753,Sample,GovLocal,8/28/2017,,,,,8,ft2,,,,,,09LOW0753_17,,N,,Y,,Solid/Sediment,Freshwater Taxonomy,,SURBER,,,,,,90,Number of Individual Organisms,,3/16/2018,,,4,Count,,,,,,,,,,,ID-COUNT-LEVEL2,,09LOW0753_17,,"Rhithron Associates Inc, Missoula MT",,Tvetenia bavarica Group,129197,,Larva,,,,
Warning,Ambient Monitoring,09LOW0753,09LOW0753,Sample,GovLocal,8/28/2017,,,,,8,ft2,,,,,,09LOW0753_17,,N,,Y,,Solid/Sediment,Freshwater Taxonomy,,SURBER,,,,,,90,Number of Individual Organisms,,3/16/2018,,,1,Count,,,,,,,,,,,ID-COUNT-LEVEL2,,09LOW0753_17,,"Rhithron Associates Inc, Missoula MT",,Thienemannimyia Group,128078,,Larva,,,,
Warning,Ambient Monitoring,09LOW0753,09LOW0753,Sample,GovLocal,8/28/2017,,,,,8,ft2,,,,,,09LOW0753_17,,N,,Y,,Solid/Sediment,Freshwater Taxonomy,,SURBER,,,,,,90,Number of Individual Organisms,,3/16/2018,,,1,Count,,,,,,,,,,,ID-COUNT-LEVEL2,,09LOW0753_17,,"Rhithron Associates Inc, Missoula MT",,Zapada oregonensis Group,102591,,Larva,,,,
Warning,Ambient Monitoring,09LOW0753,09LOW0753,Sample,GovLocal,8/28/2017,,,,,8,ft2,,,,,,09LOW0753_17,,N,,Y,,Solid/Sediment,Freshwater Taxonomy,,SURBER,,,,,,90,Number of Individual Organisms,,3/16/2018,,,6,Count,,,,,,,,,,,ID-COUNT-LEVEL2,,09LOW0753_17,,"Rhithron Associates Inc, Missoula MT",,Baetis tricaudatus complex,100817,,Larva,,,,
Warning,Ambient Monitoring,09LOW0753,09LOW0753,Sample,GovLocal,8/28/2017,,,,,8,ft2,,,,,,09LOW0753_17,,N,,Y,,Solid/Sediment,Freshwater Taxonomy,,SURBER,,,,,,90,Number of Individual Organisms,,3/16/2018,,,4,Count,,,,,,,,,,,ID-COUNT-LEVEL2,,09LOW0753_17,,"Rhithron Associates Inc, Missoula MT",,Truncatelloidea,69459,,unknown,,,,
Warning,Ambient Monitoring,09LOW0753,09LOW0753,Sample,GovLocal,8/17/2016,,,,,8,ft2,,,,,,09LOW0753_16,,N,,Y,,Solid/Sediment,Freshwater Taxonomy,,SURBER,,,,,,16.67,Number of Individual Organisms,,11/21/2016,,,10,Count,,,,,,,,,,,ID-COUNT-LEVEL2,,09LOW0753_16,,"Rhithron Associates Inc, Missoula MT",,Monatractides,83249,,Adult,,,,
Warning,Ambient Monitoring,09LOW0751,09LOW0751,Sample,GovLocal,10/6/2021,,,,,8,ft2,,,,,,09LOW0751_21,,N,,Y,,Solid/Sediment,Freshwater Taxonomy,,SURBER,,,,,,13.33,Number of Individual Organisms,,12/17/2021,,,2,Count,,,,,,,,,,,ID-COUNT-LEVEL2,,09LOW0751_21,,"Rhithron Associates Inc, Missoula MT",,Tvetenia bavarica Group,129197,,Larva,,,,
Warning,Ambient Monitoring,09LOW0751,09LOW0751,Sample,GovLocal,10/6/2021,,,,,8,ft2,,,,,,09LOW0751_21,,N,,Y,,Solid/Sediment,Freshwater Taxonomy,,SURBER,,,,,,13.33,Number of Individual Organisms,,12/17/2021,,,2,Count,,,,,,,,,,,ID-COUNT-LEVEL2,,09LOW0751_21,,"Rhithron Associates Inc, Missoula MT",,Thienemannimyia Group,128078,,Larva,,,,
Warning,Ambient Monitoring,09LOW0751,09LOW0751,Sample,GovLocal,10/6/2021,,,,,8,ft2,,,,,,09LOW0751_21,,N,,Y,,Solid/Sediment,Freshwater Taxonomy,,SURBER,,,,,,13.33,Number of Individual Organisms,,12/17/2021,,,1,Count,,,,,,,,,,,ID-COUNT-LEVEL2,,09LOW0751_21,,"Rhithron Associates Inc, Missoula MT",,Zapada oregonensis Group,102591,,Larva,,,,
Warning,Ambient Monitoring,09LOW0751,09LOW0751,Sample,GovLocal,10/6/2021,,,,,8,ft2,,,,,,09LOW0751_21,,N,,Y,,Solid/Sediment,Freshwater Taxonomy,,SURBER,,,,,,13.33,Number of Individual Organisms,,12/17/2021,,,13,Count,,,,,,,,,,,ID-COUNT-LEVEL2,,09LOW0751_21,,"Rhithron Associates Inc, Missoula MT",,Rhyacophila betteni Group,115097,,Larva,,,,
Warning,Ambient Monitoring,09LOW0751,09LOW0751,Sample,GovLocal,10/6/2021,,,,,8,ft2,,,,,,09LOW0751_21,,N,,Y,,Solid/Sediment,Freshwater Taxonomy,,SURBER,,,,,,13.33,Number of Individual Organisms,,12/17/2021,,,9,Count,,,,,,,,,,,ID-COUNT-LEVEL2,,09LOW0751_21,,"Rhithron Associates Inc, Missoula MT",,Neoleptophlebia,101095,,Larva,,,,
Warning,Ambient Monitoring,09LOW0751,09LOW0751,Sample,GovLocal,10/6/2021,,,,,8,ft2,,,,,,09LOW0751_21,,N,,Y,,Solid/Sediment,Freshwater Taxonomy,,SURBER,,,,,,13.33,Number of Individual Organisms,,12/17/2021,,,36,Count,,,,,,,,,,,ID-COUNT-LEVEL2,,09LOW0751_21,,"Rhithron Associates Inc, Missoula MT",,Ephemerella excrucians Group,101276,,Larva,,,,
Warning,Ambient Monitoring,09LOW0751,09LOW0751,Sample,GovLocal,10/6/2021,,,,,8,ft2,,,,,,09LOW0751_21,,N,,Y,,Solid/Sediment,Freshwater Taxonomy,,SURBER,,,,,,13.33,Number of Individual Organisms,,12/17/2021,,,27,Count,,,,,,,,,,,ID-COUNT-LEVEL2,,09LOW0751_21,,"Rhithron Associates Inc, Missoula MT",,Baetis tricaudatus complex,100817,,Larva,,,,
Warning,Ambient Monitoring,09LOW0751,09LOW0751,Sample,GovLocal,10/1/2020,,,,,8,ft2,,,,,,09LOW0751_20,,N,,Y,,Solid/Sediment,Freshwater Taxonomy,,SURBER,,,,,,16.67,Number of Individual Organisms,,4/30/2021,,,4,Count,,,,,,,,,,,ID-COUNT-LEVEL2,,09LOW0751_20,,"Rhithron Associates Inc, Missoula MT",,Chamaedrilus,68510,,unknown,,,,
Warning,Ambient Monitoring,09LOW0751,09LOW0751,Sample,GovLocal,10/1/2020,,,,,8,ft2,,,,,,09LOW0751_20,,N,,Y,,Solid/Sediment,Freshwater Taxonomy,,SURBER,,,,,,16.67,Number of Individual Organisms,,4/30/2021,,,1,Count,,,,,,,,,,,ID-COUNT-LEVEL2,,09LOW0751_20,,"Rhithron Associates Inc, Missoula MT",,Monatractides,83249,,Adult,,,,
Warning,Ambient Monitoring,09LOW0751,09LOW0751,Sample,GovLocal,10/1/2020,,,,,8,ft2,,,,,,09LOW0751_20,,N,,Y,,Solid/Sediment,Freshwater Taxonomy,,SURBER,,,,,,16.67,Number of Individual Organisms,,4/30/2021,,,3,Count,,,,,,,,,,,ID-COUNT-LEVEL2,,09LOW0751_20,,"Rhithron Associates Inc, Missoula MT",,Tvetenia bavarica Group,129197,,Larva,,,,
Warning,Ambient Monitoring,09LOW0751,09LOW0751,Sample,GovLocal,10/1/2020,,,,,8,ft2,,,,,,09LOW0751_20,,N,,Y,,Solid/Sediment,Freshwater Taxonomy,,SURBER,,,,,,16.67,Number of Individual Organisms,,4/30/2021,,,2,Count,,,,,,,,,,,ID-COUNT-LEVEL2,,09LOW0751_20,,"Rhithron Associates Inc, Missoula MT",,Zapada oregonensis Group,102591,,Larva,,,,
Warning,Ambient Monitoring,09LOW0751,09LOW0751,Sample,GovLocal,10/1/2020,,,,,8,ft2,,,,,,09LOW0751_20,,N,,Y,,Solid/Sediment,Freshwater Taxonomy,,SURBER,,,,,,16.67,Number of Individual Organisms,,4/30/2021,,,4,Count,,,,,,,,,,,ID-COUNT-LEVEL2,,09LOW0751_20,,"Rhithron Associates Inc, Missoula MT",,Thremmatidae,598162,,Pupa,,,,
Warning,Ambient Monitoring,09LOW0751,09LOW0751,Sample,GovLocal,8/17/2017,,,,,8,ft2,,,,,,09LOW0751_17,,N,,Y,,Solid/Sediment,Freshwater Taxonomy,,SURBER,,,,,,20,Number of Individual Organisms,,3/16/2018,,,7,Count,,,,,,,,,,,ID-COUNT-LEVEL2,,09LOW0751_17,,"Rhithron Associates Inc, Missoula MT",,Zapada oregonensis Group,102591,,Larva,,,,
Warning,Ambient Monitoring,09LOW0751,09LOW0751,Sample,GovLocal,8/17/2017,,,,,8,ft2,,,,,,09LOW0751_17,,N,,Y,,Solid/Sediment,Freshwater Taxonomy,,SURBER,,,,,,20,Number of Individual Organisms,,3/16/2018,,,6,Count,,,,,,,,,,,ID-COUNT-LEVEL2,,09LOW0751_17,,"Rhithron Associates Inc, Missoula MT",,Rhyacophila betteni Group,115097,,Larva,,,,
Warning,Ambient Monitoring,09LOW0751,09LOW0751,Sample,GovLocal,8/17/2017,,,,,8,ft2,,,,,,09LOW0751_17,,N,,Y,,Solid/Sediment,Freshwater Taxonomy,,SURBER,,,,,,20,Number of Individual Organisms,,3/16/2018,,,11,Count,,,,,,,,,,,ID-COUNT-LEVEL2,,09LOW0751_17,,"Rhithron Associates Inc, Missoula MT",,Rhyacophila brunnea/vemna Group,115097,,Larva,,,,
Warning,Ambient Monitoring,09LOW0751,09LOW0751,Sample,GovLocal,8/17/2017,,,,,8,ft2,,,,,,09LOW0751_17,,N,,Y,,Solid/Sediment,Freshwater Taxonomy,,SURBER,,,,,,20,Number of Individual Organisms,,3/16/2018,,,74,Count,,,,,,,,,,,ID-COUNT-LEVEL2,,09LOW0751_17,,"Rhithron Associates Inc, Missoula MT",,Baetis tricaudatus complex,100817,,Larva,,,,
Warning,Ambient Monitoring,09LOW0751,09LOW0751,Sample,GovLocal,8/22/2016,,,,,8,ft2,,,,,,09LOW0751_16,,N,,Y,,Solid/Sediment,Freshwater Taxonomy,,SURBER,,,,,,33.33,Number of Individual Organisms,,11/21/2016,,,2,Count,,,,,,,,,,,ID-COUNT-LEVEL2,,09LOW0751_16,,"Rhithron Associates Inc, Missoula MT",,Monatractides,83249,,Adult,,,,
Warning,Ambient Monitoring,09LOW0751,09LOW0751,Sample,GovLocal,8/22/2016,,,,,8,ft2,,,,,,09LOW0751_16,,N,,Y,,Solid/Sediment,Freshwater Taxonomy,,SURBER,,,,,,33.33,Number of Individual Organisms,,11/21/2016,,,4,Count,,,,,,,,,,,ID-COUNT-LEVEL2,,09LOW0751_16,,"Rhithron Associates Inc, Missoula MT",,Tvetenia bavarica Group,129197,,Larva,,,,
Warning,Ambient Monitoring,09LOW0751,09LOW0751,Sample,GovLocal,8/22/2016,,,,,8,ft2,,,,,,09LOW0751_16,,N,,Y,,Solid/Sediment,Freshwater Taxonomy,,SURBER,,,,,,33.33,Number of Individual Organisms,,11/21/2016,,,1,Count,,,,,,,,,,,ID-COUNT-LEVEL2,,09LOW0751_16,,"Rhithron Associates Inc, Missoula MT",,Thienemannimyia Group,128078,,Larva,,,,
Warning,Ambient Monitoring,09LOW0751,09LOW0751,Sample,GovLocal,8/22/2016,,,,,8,ft2,,,,,,09LOW0751_16,,N,,Y,,Solid/Sediment,Freshwater Taxonomy,,SURBER,,,,,,33.33,Number of Individual Organisms,,11/21/2016,,,2,Count,,,,,,,,,,,ID-COUNT-LEVEL2,,09LOW0751_16,,"Rhithron Associates Inc, Missoula MT",,Rhyacophila betteni Group,115097,,Larva,,,,
Warning,Ambient Monitoring,09LOW0751,09LOW0751,Sample,GovLocal,8/22/2016,,,,,8,ft2,,,,,,09LOW0751_16,,N,,Y,,Solid/Sediment,Freshwater Taxonomy,,SURBER,,,,,,33.33,Number of Individual Organisms,,11/21/2016,,,4,Count,,,,,,,,,,,ID-COUNT-LEVEL2,,09LOW0751_16,,"Rhithron Associates Inc, Missoula MT",,Rhyacophila brunnea/vemna Group,115097,,Larva,,,,
Warning,Ambient Monitoring,09LOW0751,09LOW0751,Sample,GovLocal,8/22/2016,,,,,8,ft2,,,,,,09LOW0751_16,,N,,Y,,Solid/Sediment,Freshwater Taxonomy,,SURBER,,,,,,33.33,Number of Individual Organisms,,11/21/2016,,,88,Count,,,,,,,,,,,ID-COUNT-LEVEL2,,09LOW0751_16,,"Rhithron Associates Inc, Missoula MT",,Baetis tricaudatus complex,100817,,Larva,,,,
Warning,Ambient Monitoring,09LOW0751,09LOW0751,Sample,GovLocal,8/11/2015,,,,,8,ft2,,,,,,09LOW0751_15,,N,,Y,,Solid/Sediment,Freshwater Taxonomy,,SURBER,,,,,,100,Number of Individual Organisms,,4/22/2016,,,4,Count,,,,,,,,,,,ID-COUNT-LEVEL2,,09LOW0751_15,,"Rhithron Associates Inc, Missoula MT",,Monatractides,83249,,Adult,,,,
Warning,Ambient Monitoring,09LOW0751,09LOW0751,Sample,GovLocal,8/11/2015,,,,,8,ft2,,,,,,09LOW0751_15,,N,,Y,,Solid/Sediment,Freshwater Taxonomy,,SURBER,,,,,,100,Number of Individual Organisms,,4/22/2016,,,1,Count,,,,,,,,,,,ID-COUNT-LEVEL2,,09LOW0751_15,,"Rhithron Associates Inc, Missoula MT",,Tvetenia bavarica Group,129197,,Larva,,,,
Warning,Ambient Monitoring,09LOW0751,09LOW0751,Sample,GovLocal,8/11/2015,,,,,8,ft2,,,,,,09LOW0751_15,,N,,Y,,Solid/Sediment,Freshwater Taxonomy,,SURBER,,,,,,100,Number of Individual Organisms,,4/22/2016,,,2,Count,,,,,,,,,,,ID-COUNT-LEVEL2,,09LOW0751_15,,"Rhithron Associates Inc, Missoula MT",,Zapada oregonensis Group,102591,,Larva,,,,
Warning,Ambient Monitoring,09LOW0325,09LOW0325,Sample,GovLocal,8/15/2018,,,,,8,ft2,,,,,,09LOW0325_18,,N,,Y,,Solid/Sediment,Freshwater Taxonomy,,SURBER,,,,,,40,Number of Individual Organisms,,10/4/2018,,,88,Count,,,,,,,,,,,ID-COUNT-LEVEL2,,09LOW0325_18,,"Rhithron Associates Inc, Missoula MT",,Baetis tricaudatus complex,100817,,Larva,,,,
Warning,Ambient Monitoring,09LOW0325,09LOW0325,Sample,GovLocal,8/28/2017,,,,,8,ft2,,,,,,09LOW0325_17,,N,,Y,,Solid/Sediment,Freshwater Taxonomy,,SURBER,,,,,,33.33,Number of Individual Organisms,,3/16/2018,,,3,Count,,,,,,,,,,,ID-COUNT-LEVEL2,,09LOW0325_17,,"Rhithron Associates Inc, Missoula MT",,Chamaedrilus,68510,,unknown,,,,
Warning,Ambient Monitoring,09LOW0325,09LOW0325,Sample,GovLocal,8/28/2017,,,,,8,ft2,,,,,,09LOW0325_17,,N,,Y,,Solid/Sediment,Freshwater Taxonomy,,SURBER,,,,,,33.33,Number of Individual Organisms,,3/16/2018,,,4,Count,,,,,,,,,,,ID-COUNT-LEVEL2,,09LOW0325_17,,"Rhithron Associates Inc, Missoula MT",,Tvetenia bavarica Group,129197,,Larva,,,,
Warning,Ambient Monitoring,09LOW0325,09LOW0325,Sample,GovLocal,8/28/2017,,,,,8,ft2,,,,,,09LOW0325_17,,N,,Y,,Solid/Sediment,Freshwater Taxonomy,,SURBER,,,,,,33.33,Number of Individual Organisms,,3/16/2018,,,12,Count,,,,,,,,,,,ID-COUNT-LEVEL2,,09LOW0325_17,,"Rhithron Associates Inc, Missoula MT",,Thienemannimyia Group,128078,,Larva,,,,
Warning,Ambient Monitoring,09LOW0325,09LOW0325,Sample,GovLocal,8/28/2017,,,,,8,ft2,,,,,,09LOW0325_17,,N,,Y,,Solid/Sediment,Freshwater Taxonomy,,SURBER,,,,,,33.33,Number of Individual Organisms,,3/16/2018,,,58,Count,,,,,,,,,,,ID-COUNT-LEVEL2,,09LOW0325_17,,"Rhithron Associates Inc, Missoula MT",,Baetis tricaudatus complex,100817,,Larva,,,,
Warning,Ambient Monitoring,09LOW0325,09LOW0325,Sample,GovLocal,8/23/2016,,,,,8,ft2,,,,,,09LOW0325_16,,N,,Y,,Solid/Sediment,Freshwater Taxonomy,,SURBER,,,,,,43.33,Number of Individual Organisms,,11/21/2016,,,1,Count,,,,,,,,,,,ID-COUNT-LEVEL2,,09LOW0325_16,,"Rhithron Associates Inc, Missoula MT",,Tvetenia bavarica Group,129197,,Larva,,,,
Warning,Ambient Monitoring,09LOW0325,09LOW0325,Sample,GovLocal,8/23/2016,,,,,8,ft2,,,,,,09LOW0325_16,,N,,Y,,Solid/Sediment,Freshwater Taxonomy,,SURBER,,,,,,43.33,Number of Individual Organisms,,11/21/2016,,,5,Count,,,,,,,,,,,ID-COUNT-LEVEL2,,09LOW0325_16,,"Rhithron Associates Inc, Missoula MT",,Thienemannimyia Group,128078,,Larva,,,,
Warning,Ambient Monitoring,09LOW0325,09LOW0325,Sample,GovLocal,8/23/2016,,,,,8,ft2,,,,,,09LOW0325_16,,N,,Y,,Solid/Sediment,Freshwater Taxonomy,,SURBER,,,,,,43.33,Number of Individual Organisms,,11/21/2016,,,40,Count,,,,,,,,,,,ID-COUNT-LEVEL2,,09LOW0325_16,,"Rhithron Associates Inc, Missoula MT",,Baetis tricaudatus complex,100817,,Larva,,,,
Warning,Ambient Monitoring,09LOW0325,09LOW0325,Sample,GovLocal,8/23/2016,,,,,8,ft2,,,,,,09LOW0325_16,,N,,Y,,Solid/Sediment,Freshwater Taxonomy,,SURBER,,,,,,43.33,Number of Individual Organisms,,11/21/2016,,,1,Count,,,,,,,,,,,ID-COUNT-LEVEL2,,09LOW0325_16,,"Rhithron Associates Inc, Missoula MT",,Galba,76483,,unknown,,,,
Warning,Ambient Monitoring,09LOW0325,09LOW0325,Sample,GovLocal,8/11/2015,,,,,8,ft2,,,,,,09LOW0325_15,,N,,Y,,Solid/Sediment,Freshwater Taxonomy,,SURBER,,,,,,13.33,Number of Individual Organisms,,4/22/2016,,,8,Count,,,,,,,,,,,ID-COUNT-LEVEL2,,09LOW0325_15,,"Rhithron Associates Inc, Missoula MT",,Tvetenia bavarica Group,129197,,Larva,,,,
Warning,Ambient Monitoring,09LOW0325,09LOW0325,Sample,GovLocal,8/11/2015,,,,,8,ft2,,,,,,09LOW0325_15,,N,,Y,,Solid/Sediment,Freshwater Taxonomy,,SURBER,,,,,,13.33,Number of Individual Organisms,,4/22/2016,,,3,Count,,,,,,,,,,,ID-COUNT-LEVEL2,,09LOW0325_15,,"Rhithron Associates Inc, Missoula MT",,Thienemannimyia Group,128078,,Larva,,,,
Warning,Ambient Monitoring,09LOW0325,09LOW0325,Sample,GovLocal,8/11/2015,,,,,8,ft2,,,,,,09LOW0325_15,,N,,Y,,Solid/Sediment,Freshwater Taxonomy,,SURBER,,,,,,13.33,Number of Individual Organisms,,4/22/2016,,,37,Count,,,,,,,,,,,ID-COUNT-LEVEL2,,09LOW0325_15,,"Rhithron Associates Inc, Missoula MT",,Baetis tricaudatus complex,100817,,Larva,,,,
Warning,Ambient Monitoring,09MID1537,09MID1537,Sample,GovLocal,9/22/2020,,,,,8,ft2,,,,,,09MID1537_20,,N,,Y,,Solid/Sediment,Freshwater Taxonomy,,SURBER,,,,,,20,Number of Individual Organisms,,4/30/2021,,,4,Count,,,,,,,,,,,ID-COUNT-LEVEL2,,09MID1537_20,,"Rhithron Associates Inc, Missoula MT",,Chamaedrilus,68510,,unknown,,,,
Warning,Ambient Monitoring,09MID1537,09MID1537,Sample,GovLocal,8/15/2016,,,,,8,ft2,,,,,,09MID1537_16,,N,,Y,,Solid/Sediment,Freshwater Taxonomy,,SURBER,,,,,,16.67,Number of Individual Organisms,,11/21/2016,,,1,Count,,,,,,,,,,,ID-COUNT-LEVEL2,,09MID1537_16,,"Rhithron Associates Inc, Missoula MT",,Truncatelloidea,69459,,unknown,,,,
Warning,Ambient Monitoring,09MID1537,09MID1537,Sample,GovLocal,8/20/2015,,,,,8,ft2,,,,,,09MID1537_15,,N,,Y,,Solid/Sediment,Freshwater Taxonomy,,SURBER,,,,,,16.67,Number of Individual Organisms,,4/22/2016,,,1,Count,,,,,,,,,,,ID-COUNT-LEVEL2,,09MID1537_15,,"Rhithron Associates Inc, Missoula MT",,Tvetenia bavarica Group,129197,,Larva,,,,
Warning,Ambient Monitoring,09MID1537,09MID1537,Sample,GovLocal,8/20/2015,,,,,8,ft2,,,,,,09MID1537_15,,N,,Y,,Solid/Sediment,Freshwater Taxonomy,,SURBER,,,,,,16.67,Number of Individual Organisms,,4/22/2016,,,35,Count,,,,,,,,,,,ID-COUNT-LEVEL2,,09MID1537_15,,"Rhithron Associates Inc, Missoula MT",,Zapada oregonensis Group,102591,,Larva,,,,
Warning,Ambient Monitoring,09MID1537,09MID1537,Sample,GovLocal,8/20/2015,,,,,8,ft2,,,,,,09MID1537_15,,N,,Y,,Solid/Sediment,Freshwater Taxonomy,,SURBER,,,,,,16.67,Number of Individual Organisms,,4/22/2016,,,6,Count,,,,,,,,,,,ID-COUNT-LEVEL2,,09MID1537_15,,"Rhithron Associates Inc, Missoula MT",,Baetis tricaudatus complex,100817,,Larva,,,,
Warning,Ambient Monitoring,09MID1537,09MID1537,Sample,GovLocal,8/20/2015,,,,,8,ft2,,,,,,09MID1537_15,,N,,Y,,Solid/Sediment,Freshwater Taxonomy,,SURBER,,,,,,16.67,Number of Individual Organisms,,4/22/2016,,,1,Count,,,,,,,,,,,ID-COUNT-LEVEL2,,09MID1537_15,,"Rhithron Associates Inc, Missoula MT",,Truncatelloidea,69459,,unknown,,,,
Warning,Ambient Monitoring,09MID1744,09MID1744,Sample,GovLocal,8/20/2024,,,,,8,ft2,,,,,,09MID1744_24,,N,,Y,,Solid/Sediment,Freshwater Taxonomy,,SURBER,,,,,,23.33,Number of Individual Organisms,,2/5/2025,,,12,Count,,,,,,,,,,,ID-COUNT-LEVEL2,,09MID1744_24,,"Rhithron Associates Inc, Missoula MT",,Tvetenia bavarica Group,129197,,Larva,,,,
Warning,Ambient Monitoring,09MID1744,09MID1744,Sample,GovLocal,8/20/2024,,,,,8,ft2,,,,,,09MID1744_24,,N,,Y,,Solid/Sediment,Freshwater Taxonomy,,SURBER,,,,,,23.33,Number of Individual Organisms,,2/5/2025,,,1,Count,,,,,,,,,,,ID-COUNT-LEVEL2,,09MID1744_24,,"Rhithron Associates Inc, Missoula MT",,Thienemannimyia Group,128078,,Larva,,,,
Warning,Ambient Monitoring,09MID1744,09MID1744,Sample,GovLocal,8/20/2024,,,,,8,ft2,,,,,,09MID1744_24,,N,,Y,,Solid/Sediment,Freshwater Taxonomy,,SURBER,,,,,,23.33,Number of Individual Organisms,,2/5/2025,,,5,Count,,,,,,,,,,,ID-COUNT-LEVEL2,,09MID1744_24,,"Rhithron Associates Inc, Missoula MT",,Zapada oregonensis Group,102591,,Larva,,,,
Warning,Ambient Monitoring,09MID1744,09MID1744,Sample,GovLocal,8/20/2024,,,,,8,ft2,,,,,,09MID1744_24,,N,,Y,,Solid/Sediment,Freshwater Taxonomy,,SURBER,,,,,,23.33,Number of Individual Organisms,,2/5/2025,,,1,Count,,,,,,,,,,,ID-COUNT-LEVEL2,,09MID1744_24,,"Rhithron Associates Inc, Missoula MT",,Rhyacophila betteni Group,115097,,Larva,,,,
Warning,Ambient Monitoring,09MID1744,09MID1744,Sample,GovLocal,8/20/2024,,,,,8,ft2,,,,,,09MID1744_24,,N,,Y,,Solid/Sediment,Freshwater Taxonomy,,SURBER,,,,,,23.33,Number of Individual Organisms,,2/5/2025,,,3,Count,,,,,,,,,,,ID-COUNT-LEVEL2,,09MID1744_24,,"Rhithron Associates Inc, Missoula MT",,Rhyacophila brunnea/vemna Group,115097,,Larva,,,,
Warning,Ambient Monitoring,09MID1744,09MID1744,Sample,GovLocal,8/20/2024,,,,,8,ft2,,,,,,09MID1744_24,,N,,Y,,Solid/Sediment,Freshwater Taxonomy,,SURBER,,,,,,23.33,Number of Individual Organisms,,2/5/2025,,,98,Count,,,,,,,,,,,ID-COUNT-LEVEL2,,09MID1744_24,,"Rhithron Associates Inc, Missoula MT",,Baetis tricaudatus complex,100817,,Larva,,,,
Warning,Ambient Monitoring,09MID1744,09MID1744,Sample,GovLocal,9/12/2017,,,,,8,ft2,,,,,,09MID1744_17,,N,,Y,,Solid/Sediment,Freshwater Taxonomy,,SURBER,,,,,,16.67,Number of Individual Organisms,,4/19/2018,,,10,Count,,,,,,,,,,,ID-COUNT-LEVEL2,,09MID1744_17,,"Rhithron Associates Inc, Missoula MT",,Tvetenia bavarica Group,129197,,Larva,,,,
Warning,Ambient Monitoring,09MID1744,09MID1744,Sample,GovLocal,9/12/2017,,,,,8,ft2,,,,,,09MID1744_17,,N,,Y,,Solid/Sediment,Freshwater Taxonomy,,SURBER,,,,,,16.67,Number of Individual Organisms,,4/19/2018,,,5,Count,,,,,,,,,,,ID-COUNT-LEVEL2,,09MID1744_17,,"Rhithron Associates Inc, Missoula MT",,Zapada oregonensis Group,102591,,Larva,,,,
Warning,Ambient Monitoring,09MID1744,09MID1744,Sample,GovLocal,9/12/2017,,,,,8,ft2,,,,,,09MID1744_17,,N,,Y,,Solid/Sediment,Freshwater Taxonomy,,SURBER,,,,,,16.67,Number of Individual Organisms,,4/19/2018,,,4,Count,,,,,,,,,,,ID-COUNT-LEVEL2,,09MID1744_17,,"Rhithron Associates Inc, Missoula MT",,Rhyacophila betteni Group,115097,,Larva,,,,
Warning,Ambient Monitoring,09MID1744,09MID1744,Sample,GovLocal,9/12/2017,,,,,8,ft2,,,,,,09MID1744_17,,N,,Y,,Solid/Sediment,Freshwater Taxonomy,,SURBER,,,,,,16.67,Number of Individual Organisms,,4/19/2018,,,6,Count,,,,,,,,,,,ID-COUNT-LEVEL2,,09MID1744_17,,"Rhithron Associates Inc, Missoula MT",,Rhyacophila brunnea/vemna Group,115097,,Larva,,,,
Warning,Ambient Monitoring,09MID1744,09MID1744,Sample,GovLocal,9/12/2017,,,,,8,ft2,,,,,,09MID1744_17,,N,,Y,,Solid/Sediment,Freshwater Taxonomy,,SURBER,,,,,,16.67,Number of Individual Organisms,,4/19/2018,,,1,Count,,,,,,,,,,,ID-COUNT-LEVEL2,,09MID1744_17,,"Rhithron Associates Inc, Missoula MT",,Rhyacophila verrula Group,115097,,Larva,,,,
Warning,Ambient Monitoring,09MID1744,09MID1744,Sample,GovLocal,9/12/2017,,,,,8,ft2,,,,,,09MID1744_17,,N,,Y,,Solid/Sediment,Freshwater Taxonomy,,SURBER,,,,,,16.67,Number of Individual Organisms,,4/19/2018,,,115,Count,,,,,,,,,,,ID-COUNT-LEVEL2,,09MID1744_17,,"Rhithron Associates Inc, Missoula MT",,Baetis tricaudatus complex,100817,,Larva,,,,
Warning,Ambient Monitoring,09MID1744,09MID1744,Sample,GovLocal,8/2/2016,,,,,8,ft2,,,,,,09MID1744_16,,N,,Y,,Solid/Sediment,Freshwater Taxonomy,,SURBER,,,,,,50,Number of Individual Organisms,,11/21/2016,,,4,Count,,,,,,,,,,,ID-COUNT-LEVEL2,,09MID1744_16,,"Rhithron Associates Inc, Missoula MT",,Tvetenia bavarica Group,129197,,Larva,,,,
Warning,Ambient Monitoring,09MID1744,09MID1744,Sample,GovLocal,8/2/2016,,,,,8,ft2,,,,,,09MID1744_16,,N,,Y,,Solid/Sediment,Freshwater Taxonomy,,SURBER,,,,,,50,Number of Individual Organisms,,11/21/2016,,,3,Count,,,,,,,,,,,ID-COUNT-LEVEL2,,09MID1744_16,,"Rhithron Associates Inc, Missoula MT",,Zapada oregonensis Group,102591,,Larva,,,,
Warning,Ambient Monitoring,09MID1744,09MID1744,Sample,GovLocal,8/2/2016,,,,,8,ft2,,,,,,09MID1744_16,,N,,Y,,Solid/Sediment,Freshwater Taxonomy,,SURBER,,,,,,50,Number of Individual Organisms,,11/21/2016,,,1,Count,,,,,,,,,,,ID-COUNT-LEVEL2,,09MID1744_16,,"Rhithron Associates Inc, Missoula MT",,Rhyacophila betteni Group,115097,,Larva,,,,
Warning,Ambient Monitoring,09MID1744,09MID1744,Sample,GovLocal,8/2/2016,,,,,8,ft2,,,,,,09MID1744_16,,N,,Y,,Solid/Sediment,Freshwater Taxonomy,,SURBER,,,,,,50,Number of Individual Organisms,,11/21/2016,,,9,Count,,,,,,,,,,,ID-COUNT-LEVEL2,,09MID1744_16,,"Rhithron Associates Inc, Missoula MT",,Rhyacophila brunnea/vemna Group,115097,,Larva,,,,
Warning,Ambient Monitoring,09MID1744,09MID1744,Sample,GovLocal,8/2/2016,,,,,8,ft2,,,,,,09MID1744_16,,N,,Y,,Solid/Sediment,Freshwater Taxonomy,,SURBER,,,,,,50,Number of Individual Organisms,,11/21/2016,,,103,Count,,,,,,,,,,,ID-COUNT-LEVEL2,,09MID1744_16,,"Rhithron Associates Inc, Missoula MT",,Baetis tricaudatus complex,100817,,Larva,,,,
Warning,Ambient Monitoring,09MID1744,09MID1744,Sample,GovLocal,8/18/2015,,,,,8,ft2,,,,,,09MID1744_15,,N,,Y,,Solid/Sediment,Freshwater Taxonomy,,SURBER,,,,,,40,Number of Individual Organisms,,4/22/2016,,,1,Count,,,,,,,,,,,ID-COUNT-LEVEL2,,09MID1744_15,,"Rhithron Associates Inc, Missoula MT",,Monatractides,83249,,Adult,,,,
Warning,Ambient Monitoring,09MID1744,09MID1744,Sample,GovLocal,8/18/2015,,,,,8,ft2,,,,,,09MID1744_15_R,,Y,,Y,,Solid/Sediment,Freshwater Taxonomy,,SURBER,,,,,,46.67,Number of Individual Organisms,,4/22/2016,,,1,Count,,,,,,,,,,,ID-COUNT-LEVEL2,,09MID1744_15_R,,"Rhithron Associates Inc, Missoula MT",,Truncatelloidea,69459,,unknown,,,,
Warning,Ambient Monitoring,09MID1817,09MID1817,Sample,GovLocal,8/20/2024,,,,,8,ft2,,,,,,09MID1817_24,,N,,Y,,Solid/Sediment,Freshwater Taxonomy,,SURBER,,,,,,100,Number of Individual Organisms,,4/14/2025,,,1,Count,,,,,,,,,,,ID-COUNT-LEVEL2,,09MID1817_24,,"Rhithron Associates Inc, Missoula MT",,Monatractides,83249,,Adult,,,,
Warning,Ambient Monitoring,09MID1817,09MID1817,Sample,GovLocal,8/20/2024,,,,,8,ft2,,,,,,09MID1817_24,,N,,Y,,Solid/Sediment,Freshwater Taxonomy,,SURBER,,,,,,100,Number of Individual Organisms,,4/14/2025,,,3,Count,,,,,,,,,,,ID-COUNT-LEVEL2,,09MID1817_24,,"Rhithron Associates Inc, Missoula MT",,Kogotus/Rickera,609866,,Larva,,,,
Warning,Ambient Monitoring,09MID1817,09MID1817,Sample,GovLocal,8/20/2024,,,,,8,ft2,,,,,,09MID1817_24,,N,,Y,,Solid/Sediment,Freshwater Taxonomy,,SURBER,,,,,,100,Number of Individual Organisms,,4/14/2025,,,3,Count,,,,,,,,,,,ID-COUNT-LEVEL2,,09MID1817_24,,"Rhithron Associates Inc, Missoula MT",,Rhyacophila betteni Group,115097,,Larva,,,,
Warning,Ambient Monitoring,09MID1817,09MID1817,Sample,GovLocal,8/20/2024,,,,,8,ft2,,,,,,09MID1817_24,,N,,Y,,Solid/Sediment,Freshwater Taxonomy,,SURBER,,,,,,100,Number of Individual Organisms,,4/14/2025,,,1,Count,,,,,,,,,,,ID-COUNT-LEVEL2,,09MID1817_24,,"Rhithron Associates Inc, Missoula MT",,Rhyacophila brunnea/vemna Group,115097,,Larva,,,,
Warning,Ambient Monitoring,09MID1817,09MID1817,Sample,GovLocal,8/20/2024,,,,,8,ft2,,,,,,09MID1817_24,,N,,Y,,Solid/Sediment,Freshwater Taxonomy,,SURBER,,,,,,100,Number of Individual Organisms,,4/14/2025,,,2,Count,,,,,,,,,,,ID-COUNT-LEVEL2,,09MID1817_24,,"Rhithron Associates Inc, Missoula MT",,Baetis tricaudatus complex,100817,,Larva,,,,
Warning,Ambient Monitoring,09MID1817,09MID1817,Sample,GovLocal,9/11/2023,,,,,8,ft2,,,,,,09MID1817_23,,N,,Y,,Solid/Sediment,Freshwater Taxonomy,,SURBER,,,,,,46.67,Number of Individual Organisms,,4/16/2024,,,1,Count,,,,,,,,,,,ID-COUNT-LEVEL2,,09MID1817_23,,"Rhithron Associates Inc, Missoula MT",,Monatractides,83249,,Adult,,,,
Warning,Ambient Monitoring,09MID1817,09MID1817,Sample,GovLocal,9/11/2023,,,,,8,ft2,,,,,,09MID1817_23,,N,,Y,,Solid/Sediment,Freshwater Taxonomy,,SURBER,,,,,,46.67,Number of Individual Organisms,,4/16/2024,,,5,Count,,,,,,,,,,,ID-COUNT-LEVEL2,,09MID1817_23,,"Rhithron Associates Inc, Missoula MT",,Tvetenia bavarica Group,129197,,Larva,,,,
Warning,Ambient Monitoring,09MID1817,09MID1817,Sample,GovLocal,9/11/2023,,,,,8,ft2,,,,,,09MID1817_23,,N,,Y,,Solid/Sediment,Freshwater Taxonomy,,SURBER,,,,,,46.67,Number of Individual Organisms,,4/16/2024,,,3,Count,,,,,,,,,,,ID-COUNT-LEVEL2,,09MID1817_23,,"Rhithron Associates Inc, Missoula MT",,Zapada oregonensis Group,102591,,Larva,,,,
Warning,Ambient Monitoring,09MID1817,09MID1817,Sample,GovLocal,9/11/2023,,,,,8,ft2,,,,,,09MID1817_23,,N,,Y,,Solid/Sediment,Freshwater Taxonomy,,SURBER,,,,,,46.67,Number of Individual Organisms,,4/16/2024,,,1,Count,,,,,,,,,,,ID-COUNT-LEVEL2,,09MID1817_23,,"Rhithron Associates Inc, Missoula MT",,Rhyacophila betteni Group,115097,,Larva,,,,
Warning,Ambient Monitoring,09MID1817,09MID1817,Sample,GovLocal,9/11/2023,,,,,8,ft2,,,,,,09MID1817_23,,N,,Y,,Solid/Sediment,Freshwater Taxonomy,,SURBER,,,,,,46.67,Number of Individual Organisms,,4/16/2024,,,7,Count,,,,,,,,,,,ID-COUNT-LEVEL2,,09MID1817_23,,"Rhithron Associates Inc, Missoula MT",,Rhyacophila brunnea/vemna Group,115097,,Larva,,,,
Warning,Ambient Monitoring,09MID1817,09MID1817,Sample,GovLocal,9/11/2023,,,,,8,ft2,,,,,,09MID1817_23,,N,,Y,,Solid/Sediment,Freshwater Taxonomy,,SURBER,,,,,,46.67,Number of Individual Organisms,,4/16/2024,,,5,Count,,,,,,,,,,,ID-COUNT-LEVEL2,,09MID1817_23,,"Rhithron Associates Inc, Missoula MT",,Neoleptophlebia,101095,,Larva,,,,
Warning,Ambient Monitoring,09MID1817,09MID1817,Sample,GovLocal,8/17/2022,,,,,8,ft2,,,,,,09MID1817_22,,N,,Y,,Solid/Sediment,Freshwater Taxonomy,,SURBER,,,,,,53.33,Number of Individual Organisms,,5/19/2023,,,2,Count,,,,,,,,,,,ID-COUNT-LEVEL2,,09MID1817_22,,"Rhithron Associates Inc, Missoula MT",,Chamaedrilus,68510,,unknown,,,,
Warning,Ambient Monitoring,09MID1817,09MID1817,Sample,GovLocal,8/23/2018,,,,,8,ft2,,,,,,09MID1817_18,,N,,Y,,Solid/Sediment,Freshwater Taxonomy,,SURBER,,,,,,43.33,Number of Individual Organisms,,10/8/2018,,,3,Count,,,,,,,,,,,ID-COUNT-LEVEL2,,09MID1817_18,,"Rhithron Associates Inc, Missoula MT",,Tvetenia bavarica Group,129197,,Larva,,,,
Warning,Ambient Monitoring,09MID1817,09MID1817,Sample,GovLocal,8/23/2018,,,,,8,ft2,,,,,,09MID1817_18,,N,,Y,,Solid/Sediment,Freshwater Taxonomy,,SURBER,,,,,,43.33,Number of Individual Organisms,,10/8/2018,,,1,Count,,,,,,,,,,,ID-COUNT-LEVEL2,,09MID1817_18,,"Rhithron Associates Inc, Missoula MT",,Rhyacophila brunnea/vemna Group,115097,,Larva,,,,
Warning,Ambient Monitoring,09MID1817,09MID1817,Sample,GovLocal,8/16/2017,,,,,8,ft2,,,,,,09MID1817_17,,N,,Y,,Solid/Sediment,Freshwater Taxonomy,,SURBER,,,,,,100,Number of Individual Organisms,,3/16/2018,,,5,Count,,,,,,,,,,,ID-COUNT-LEVEL2,,09MID1817_17,,"Rhithron Associates Inc, Missoula MT",,Chamaedrilus,68510,,unknown,,,,
Warning,Ambient Monitoring,09MID1817,09MID1817,Sample,GovLocal,8/16/2017,,,,,8,ft2,,,,,,09MID1817_17,,N,,Y,,Solid/Sediment,Freshwater Taxonomy,,SURBER,,,,,,100,Number of Individual Organisms,,3/16/2018,,,1,Count,,,,,,,,,,,ID-COUNT-LEVEL2,,09MID1817_17,,"Rhithron Associates Inc, Missoula MT",,Monatractides,83249,,Adult,,,,
Warning,Ambient Monitoring,09MID1817,09MID1817,Sample,GovLocal,8/16/2017,,,,,8,ft2,,,,,,09MID1817_17,,N,,Y,,Solid/Sediment,Freshwater Taxonomy,,SURBER,,,,,,100,Number of Individual Organisms,,3/16/2018,,,5,Count,,,,,,,,,,,ID-COUNT-LEVEL2,,09MID1817_17,,"Rhithron Associates Inc, Missoula MT",,Rhyacophila betteni Group,115097,,Larva,,,,
Warning,Ambient Monitoring,09MID1817,09MID1817,Sample,GovLocal,8/16/2017,,,,,8,ft2,,,,,,09MID1817_17,,N,,Y,,Solid/Sediment,Freshwater Taxonomy,,SURBER,,,,,,100,Number of Individual Organisms,,3/16/2018,,,1,Count,,,,,,,,,,,ID-COUNT-LEVEL2,,09MID1817_17,,"Rhithron Associates Inc, Missoula MT",,Rhyacophila brunnea/vemna Group,115097,,Larva,,,,
Warning,Ambient Monitoring,09MID1817,09MID1817,Sample,GovLocal,8/15/2016,,,,,8,ft2,,,,,,09MID1817_16,,N,,Y,,Solid/Sediment,Freshwater Taxonomy,,SURBER,,,,,,16.67,Number of Individual Organisms,,11/21/2016,,,2,Count,,,,,,,,,,,ID-COUNT-LEVEL2,,09MID1817_16,,"Rhithron Associates Inc, Missoula MT",,Monatractides,83249,,Adult,,,,
Warning,Ambient Monitoring,09MID2426,09MID2426,Sample,GovLocal,10/5/2023,,,,,8,ft2,,,,,,09MID2426_23_R,,Y,,Y,,Solid/Sediment,Freshwater Taxonomy,,SURBER,,,,,,43.33,Number of Individual Organisms,,4/18/2024,,,9,Count,,,,,,,,,,,ID-COUNT-LEVEL2,,09MID2426_23_R,,"Rhithron Associates Inc, Missoula MT",,Rhyacophila betteni Group,115097,,Larva,,,,
Warning,Ambient Monitoring,09MID2426,09MID2426,Sample,GovLocal,10/5/2023,,,,,8,ft2,,,,,,09MID2426_23_R,,Y,,Y,,Solid/Sediment,Freshwater Taxonomy,,SURBER,,,,,,43.33,Number of Individual Organisms,,4/18/2024,,,2,Count,,,,,,,,,,,ID-COUNT-LEVEL2,,09MID2426_23_R,,"Rhithron Associates Inc, Missoula MT",,Rhyacophila brunnea/vemna Group,115097,,Larva,,,,
Warning,Ambient Monitoring,09MID2426,09MID2426,Sample,GovLocal,10/5/2023,,,,,8,ft2,,,,,,09MID2426_23_R,,Y,,Y,,Solid/Sediment,Freshwater Taxonomy,,SURBER,,,,,,43.33,Number of Individual Organisms,,4/18/2024,,,5,Count,,,,,,,,,,,ID-COUNT-LEVEL2,,09MID2426_23_R,,"Rhithron Associates Inc, Missoula MT",,Baetis tricaudatus complex,100817,,Larva,,,,
Warning,Ambient Monitoring,09MID2426,09MID2426,Sample,GovLocal,8/17/2022,,,,,8,ft2,,,,,,09MID2426_22,,N,,Y,,Solid/Sediment,Freshwater Taxonomy,,SURBER,,,,,,6.67,Number of Individual Organisms,,2/1/2023,,,4,Count,,,,,,,,,,,ID-COUNT-LEVEL2,,09MID2426_22,,"Rhithron Associates Inc, Missoula MT",,Chamaedrilus,68510,,unknown,,,,
Warning,Ambient Monitoring,09MID2426,09MID2426,Sample,GovLocal,8/17/2022,,,,,8,ft2,,,,,,09MID2426_22,,N,,Y,,Solid/Sediment,Freshwater Taxonomy,,SURBER,,,,,,6.67,Number of Individual Organisms,,2/1/2023,,,2,Count,,,,,,,,,,,ID-COUNT-LEVEL2,,09MID2426_22,,"Rhithron Associates Inc, Missoula MT",,Monatractides,83249,,Adult,,,,
Warning,Ambient Monitoring,09MID2426,09MID2426,Sample,GovLocal,8/17/2022,,,,,8,ft2,,,,,,09MID2426_22,,N,,Y,,Solid/Sediment,Freshwater Taxonomy,,SURBER,,,,,,6.67,Number of Individual Organisms,,2/1/2023,,,7,Count,,,,,,,,,,,ID-COUNT-LEVEL2,,09MID2426_22,,"Rhithron Associates Inc, Missoula MT",,Tvetenia bavarica Group,129197,,Larva,,,,
Warning,Ambient Monitoring,09MID2426,09MID2426,Sample,GovLocal,8/17/2022,,,,,8,ft2,,,,,,09MID2426_22,,N,,Y,,Solid/Sediment,Freshwater Taxonomy,,SURBER,,,,,,6.67,Number of Individual Organisms,,2/1/2023,,,14,Count,,,,,,,,,,,ID-COUNT-LEVEL2,,09MID2426_22,,"Rhithron Associates Inc, Missoula MT",,Zapada oregonensis Group,102591,,Larva,,,,
Warning,Ambient Monitoring,09MID2426,09MID2426,Sample,GovLocal,8/17/2022,,,,,8,ft2,,,,,,09MID2426_22,,N,,Y,,Solid/Sediment,Freshwater Taxonomy,,SURBER,,,,,,6.67,Number of Individual Organisms,,2/1/2023,,,1,Count,,,,,,,,,,,ID-COUNT-LEVEL2,,09MID2426_22,,"Rhithron Associates Inc, Missoula MT",,Rhyacophila betteni Group,115097,,Larva,,,,
Warning,Ambient Monitoring,09MID2426,09MID2426,Sample,GovLocal,8/17/2022,,,,,8,ft2,,,,,,09MID2426_22,,N,,Y,,Solid/Sediment,Freshwater Taxonomy,,SURBER,,,,,,6.67,Number of Individual Organisms,,2/1/2023,,,4,Count,,,,,,,,,,,ID-COUNT-LEVEL2,,09MID2426_22,,"Rhithron Associates Inc, Missoula MT",,Rhyacophila brunnea/vemna Group,115097,,Larva,,,,
Warning,Ambient Monitoring,09MID2426,09MID2426,Sample,GovLocal,8/17/2022,,,,,8,ft2,,,,,,09MID2426_22,,N,,Y,,Solid/Sediment,Freshwater Taxonomy,,SURBER,,,,,,6.67,Number of Individual Organisms,,2/1/2023,,,2,Count,,,,,,,,,,,ID-COUNT-LEVEL2,,09MID2426_22,,"Rhithron Associates Inc, Missoula MT",,Rhyacophila hyalinata Group,115097,,Larva,,,,
Warning,Ambient Monitoring,09MID2426,09MID2426,Sample,GovLocal,8/17/2022,,,,,8,ft2,,,,,,09MID2426_22,,N,,Y,,Solid/Sediment,Freshwater Taxonomy,,SURBER,,,,,,6.67,Number of Individual Organisms,,2/1/2023,,,9,Count,,,,,,,,,,,ID-COUNT-LEVEL2,,09MID2426_22,,"Rhithron Associates Inc, Missoula MT",,Baetis tricaudatus complex,100817,,Larva,,,,
Warning,Ambient Monitoring,09MID2426,09MID2426,Sample,GovLocal,10/5/2021,,,,,8,ft2,,,,,,09MID2426_21,,N,,Y,,Solid/Sediment,Freshwater Taxonomy,,SURBER,,,,,,46.67,Number of Individual Organisms,,12/17/2021,,,156,Count,,,,,,,,,,,ID-COUNT-LEVEL2,,09MID2426_21,,"Rhithron Associates Inc, Missoula MT",,Chamaedrilus,68510,,unknown,,,,
Warning,Ambient Monitoring,09MID2426,09MID2426,Sample,GovLocal,10/5/2021,,,,,8,ft2,,,,,,09MID2426_21,,N,,Y,,Solid/Sediment,Freshwater Taxonomy,,SURBER,,,,,,46.67,Number of Individual Organisms,,12/17/2021,,,1,Count,,,,,,,,,,,ID-COUNT-LEVEL2,,09MID2426_21,,"Rhithron Associates Inc, Missoula MT",,Monatractides,83249,,Adult,,,,
Warning,Ambient Monitoring,09MID2426,09MID2426,Sample,GovLocal,10/5/2021,,,,,8,ft2,,,,,,09MID2426_21,,N,,Y,,Solid/Sediment,Freshwater Taxonomy,,SURBER,,,,,,46.67,Number of Individual Organisms,,12/17/2021,,,1,Count,,,,,,,,,,,ID-COUNT-LEVEL2,,09MID2426_21,,"Rhithron Associates Inc, Missoula MT",,Zapada oregonensis Group,102591,,Larva,,,,
Warning,Ambient Monitoring,09MID2426,09MID2426,Sample,GovLocal,10/5/2021,,,,,8,ft2,,,,,,09MID2426_21,,N,,Y,,Solid/Sediment,Freshwater Taxonomy,,SURBER,,,,,,46.67,Number of Individual Organisms,,12/17/2021,,,1,Count,,,,,,,,,,,ID-COUNT-LEVEL2,,09MID2426_21,,"Rhithron Associates Inc, Missoula MT",,Rhyacophila betteni Group,115097,,Larva,,,,
Warning,Ambient Monitoring,09MID2426,09MID2426,Sample,GovLocal,8/16/2017,,,,,8,ft2,,,,,,09MID2426_17,,N,,Y,,Solid/Sediment,Freshwater Taxonomy,,SURBER,,,,,,50,Number of Individual Organisms,,3/16/2018,,,28,Count,,,,,,,,,,,ID-COUNT-LEVEL2,,09MID2426_17,,"Rhithron Associates Inc, Missoula MT",,Zapada oregonensis Group,102591,,Larva,,,,
Warning,Ambient Monitoring,09MID2426,09MID2426,Sample,GovLocal,8/16/2017,,,,,8,ft2,,,,,,09MID2426_17,,N,,Y,,Solid/Sediment,Freshwater Taxonomy,,SURBER,,,,,,50,Number of Individual Organisms,,3/16/2018,,,5,Count,,,,,,,,,,,ID-COUNT-LEVEL2,,09MID2426_17,,"Rhithron Associates Inc, Missoula MT",,Rhyacophila betteni Group,115097,,Larva,,,,
Warning,Ambient Monitoring,09MID2426,09MID2426,Sample,GovLocal,8/16/2017,,,,,8,ft2,,,,,,09MID2426_17,,N,,Y,,Solid/Sediment,Freshwater Taxonomy,,SURBER,,,,,,50,Number of Individual Organisms,,3/16/2018,,,3,Count,,,,,,,,,,,ID-COUNT-LEVEL2,,09MID2426_17,,"Rhithron Associates Inc, Missoula MT",,Rhyacophila brunnea/vemna Group,115097,,Larva,,,,
Warning,Ambient Monitoring,09MID2426,09MID2426,Sample,GovLocal,8/16/2017,,,,,8,ft2,,,,,,09MID2426_17,,N,,Y,,Solid/Sediment,Freshwater Taxonomy,,SURBER,,,,,,50,Number of Individual Organisms,,3/16/2018,,,3,Count,,,,,,,,,,,ID-COUNT-LEVEL2,,09MID2426_17,,"Rhithron Associates Inc, Missoula MT",,Rhyacophila hyalinata Group,115097,,Larva,,,,
Warning,Ambient Monitoring,09MID2426,09MID2426,Sample,GovLocal,8/16/2017,,,,,8,ft2,,,,,,09MID2426_17,,N,,Y,,Solid/Sediment,Freshwater Taxonomy,,SURBER,,,,,,50,Number of Individual Organisms,,3/16/2018,,,31,Count,,,,,,,,,,,ID-COUNT-LEVEL2,,09MID2426_17,,"Rhithron Associates Inc, Missoula MT",,Baetis tricaudatus complex,100817,,Larva,,,,
Warning,Ambient Monitoring,09MID2426,09MID2426,Sample,GovLocal,8/25/2016,,,,,8,ft2,,,,,,09MID2426_16,,N,,Y,,Solid/Sediment,Freshwater Taxonomy,,SURBER,,,,,,90,Number of Individual Organisms,,4/4/2017,,,4,Count,,,,,,,,,,,ID-COUNT-LEVEL2,,09MID2426_16,,"Rhithron Associates Inc, Missoula MT",,Monatractides,83249,,Adult,,,,
Warning,Ambient Monitoring,09MID2426,09MID2426,Sample,GovLocal,8/25/2016,,,,,8,ft2,,,,,,09MID2426_16,,N,,Y,,Solid/Sediment,Freshwater Taxonomy,,SURBER,,,,,,90,Number of Individual Organisms,,4/4/2017,,,5,Count,,,,,,,,,,,ID-COUNT-LEVEL2,,09MID2426_16,,"Rhithron Associates Inc, Missoula MT",,Tvetenia bavarica Group,129197,,Larva,,,,
Warning,Ambient Monitoring,09MID2426,09MID2426,Sample,GovLocal,8/25/2016,,,,,8,ft2,,,,,,09MID2426_16,,N,,Y,,Solid/Sediment,Freshwater Taxonomy,,SURBER,,,,,,90,Number of Individual Organisms,,4/4/2017,,,1,Count,,,,,,,,,,,ID-COUNT-LEVEL2,,09MID2426_16,,"Rhithron Associates Inc, Missoula MT",,Thienemannimyia Group,128078,,Larva,,,,
Warning,Ambient Monitoring,09MID2426,09MID2426,Sample,GovLocal,8/25/2016,,,,,8,ft2,,,,,,09MID2426_16,,N,,Y,,Solid/Sediment,Freshwater Taxonomy,,SURBER,,,,,,90,Number of Individual Organisms,,4/4/2017,,,8,Count,,,,,,,,,,,ID-COUNT-LEVEL2,,09MID2426_16,,"Rhithron Associates Inc, Missoula MT",,Zapada oregonensis Group,102591,,Larva,,,,
Warning,Ambient Monitoring,09MID2426,09MID2426,Sample,GovLocal,8/25/2016,,,,,8,ft2,,,,,,09MID2426_16,,N,,Y,,Solid/Sediment,Freshwater Taxonomy,,SURBER,,,,,,90,Number of Individual Organisms,,4/4/2017,,,2,Count,,,,,,,,,,,ID-COUNT-LEVEL2,,09MID2426_16,,"Rhithron Associates Inc, Missoula MT",,Rhyacophila betteni Group,115097,,Larva,,,,
Warning,Ambient Monitoring,09MID2426,09MID2426,Sample,GovLocal,8/25/2016,,,,,8,ft2,,,,,,09MID2426_16,,N,,Y,,Solid/Sediment,Freshwater Taxonomy,,SURBER,,,,,,90,Number of Individual Organisms,,4/4/2017,,,8,Count,,,,,,,,,,,ID-COUNT-LEVEL2,,09MID2426_16,,"Rhithron Associates Inc, Missoula MT",,Rhyacophila brunnea/vemna Group,115097,,Larva,,,,
Warning,Ambient Monitoring,09MID2426,09MID2426,Sample,GovLocal,8/25/2016,,,,,8,ft2,,,,,,09MID2426_16,,N,,Y,,Solid/Sediment,Freshwater Taxonomy,,SURBER,,,,,,90,Number of Individual Organisms,,4/4/2017,,,3,Count,,,,,,,,,,,ID-COUNT-LEVEL2,,09MID2426_16,,"Rhithron Associates Inc, Missoula MT",,Rhyacophila hyalinata Group,115097,,Larva,,,,
Warning,Ambient Monitoring,09MID2426,09MID2426,Sample,GovLocal,8/25/2016,,,,,8,ft2,,,,,,09MID2426_16,,N,,Y,,Solid/Sediment,Freshwater Taxonomy,,SURBER,,,,,,90,Number of Individual Organisms,,4/4/2017,,,59,Count,,,,,,,,,,,ID-COUNT-LEVEL2,,09MID2426_16,,"Rhithron Associates Inc, Missoula MT",,Baetis tricaudatus complex,100817,,Larva,,,,
Warning,Ambient Monitoring,09MID2426,09MID2426,Sample,GovLocal,9/16/2015,,,,,8,ft2,,,,,,09MID2426_15,,N,,Y,,Solid/Sediment,Freshwater Taxonomy,,SURBER,,,,,,73.33,Number of Individual Organisms,,4/22/2016,,,1,Count,,,,,,,,,,,ID-COUNT-LEVEL2,,09MID2426_15,,"Rhithron Associates Inc, Missoula MT",,Monatractides,83249,,Adult,,,,
Warning,Ambient Monitoring,09MID1958,09MID1958,Sample,GovLocal,7/29/2019,,,,,8,ft2,,,,,,09MID1958_19,,N,,Y,,Solid/Sediment,Freshwater Taxonomy,,SURBER,,,,,,46.67,Number of Individual Organisms,,2/7/2020,,,10,Count,,,,,,,,,,,ID-COUNT-LEVEL2,,09MID1958_19,,"Rhithron Associates Inc, Missoula MT",,Tvetenia bavarica Group,129197,,Larva,,,,
Warning,Ambient Monitoring,09MID1958,09MID1958,Sample,GovLocal,7/29/2019,,,,,8,ft2,,,,,,09MID1958_19,,N,,Y,,Solid/Sediment,Freshwater Taxonomy,,SURBER,,,,,,46.67,Number of Individual Organisms,,2/7/2020,,,5,Count,,,,,,,,,,,ID-COUNT-LEVEL2,,09MID1958_19,,"Rhithron Associates Inc, Missoula MT",,Rhyacophila betteni Group,115097,,Larva,,,,
Warning,Ambient Monitoring,09MID1958,09MID1958,Sample,GovLocal,7/29/2019,,,,,8,ft2,,,,,,09MID1958_19,,N,,Y,,Solid/Sediment,Freshwater Taxonomy,,SURBER,,,,,,46.67,Number of Individual Organisms,,2/7/2020,,,1,Count,,,,,,,,,,,ID-COUNT-LEVEL2,,09MID1958_19,,"Rhithron Associates Inc, Missoula MT",,Rhyacophila brunnea/vemna Group,115097,,Larva,,,,
Warning,Ambient Monitoring,09MID1958,09MID1958,Sample,GovLocal,7/29/2019,,,,,8,ft2,,,,,,09MID1958_19,,N,,Y,,Solid/Sediment,Freshwater Taxonomy,,SURBER,,,,,,46.67,Number of Individual Organisms,,2/7/2020,,,156,Count,,,,,,,,,,,ID-COUNT-LEVEL2,,09MID1958_19,,"Rhithron Associates Inc, Missoula MT",,Baetis tricaudatus complex,100817,,Larva,,,,
Warning,Ambient Monitoring,09MID1958,09MID1958,Sample,GovLocal,8/7/2017,,,,,8,ft2,,,,,,09MID1958_17,,N,,Y,,Solid/Sediment,Freshwater Taxonomy,,SURBER,,,,,,53.33,Number of Individual Organisms,,3/16/2018,,,2,Count,,,,,,,,,,,ID-COUNT-LEVEL2,,09MID1958_17,,"Rhithron Associates Inc, Missoula MT",,Chamaedrilus,68510,,unknown,,,,
Warning,Ambient Monitoring,09MID1958,09MID1958,Sample,GovLocal,8/7/2017,,,,,8,ft2,,,,,,09MID1958_17,,N,,Y,,Solid/Sediment,Freshwater Taxonomy,,SURBER,,,,,,53.33,Number of Individual Organisms,,3/16/2018,,,1,Count,,,,,,,,,,,ID-COUNT-LEVEL2,,09MID1958_17,,"Rhithron Associates Inc, Missoula MT",,Orthocladiinae sp. RAI # 0001,128457,,Larva,,,,
Warning,Ambient Monitoring,09MID1958,09MID1958,Sample,GovLocal,8/7/2017,,,,,8,ft2,,,,,,09MID1958_17,,N,,Y,,Solid/Sediment,Freshwater Taxonomy,,SURBER,,,,,,53.33,Number of Individual Organisms,,3/16/2018,,,14,Count,,,,,,,,,,,ID-COUNT-LEVEL2,,09MID1958_17,,"Rhithron Associates Inc, Missoula MT",,Tvetenia bavarica Group,129197,,Larva,,,,
Warning,Ambient Monitoring,09MID1958,09MID1958,Sample,GovLocal,8/7/2017,,,,,8,ft2,,,,,,09MID1958_17,,N,,Y,,Solid/Sediment,Freshwater Taxonomy,,SURBER,,,,,,53.33,Number of Individual Organisms,,3/16/2018,,,9,Count,,,,,,,,,,,ID-COUNT-LEVEL2,,09MID1958_17,,"Rhithron Associates Inc, Missoula MT",,Rhyacophila betteni Group,115097,,Larva,,,,
Warning,Ambient Monitoring,09MID1958,09MID1958,Sample,GovLocal,8/7/2017,,,,,8,ft2,,,,,,09MID1958_17,,N,,Y,,Solid/Sediment,Freshwater Taxonomy,,SURBER,,,,,,53.33,Number of Individual Organisms,,3/16/2018,,,1,Count,,,,,,,,,,,ID-COUNT-LEVEL2,,09MID1958_17,,"Rhithron Associates Inc, Missoula MT",,Rhyacophila vagrita Group,115097,,Larva,,,,
Warning,Ambient Monitoring,09MID1958,09MID1958,Sample,GovLocal,8/7/2017,,,,,8,ft2,,,,,,09MID1958_17,,N,,Y,,Solid/Sediment,Freshwater Taxonomy,,SURBER,,,,,,53.33,Number of Individual Organisms,,3/16/2018,,,221,Count,,,,,,,,,,,ID-COUNT-LEVEL2,,09MID1958_17,,"Rhithron Associates Inc, Missoula MT",,Baetis tricaudatus complex,100817,,Larva,,,,
Warning,Ambient Monitoring,09MID1958,09MID1958,Sample,GovLocal,8/4/2015,,,,,8,ft2,,,,,,09MID1958_15,,N,,Y,,Solid/Sediment,Freshwater Taxonomy,,SURBER,,,,,,63.33,Number of Individual Organisms,,4/22/2016,,,1,Count,,,,,,,,,,,ID-COUNT-LEVEL2,,09MID1958_15,,"Rhithron Associates Inc, Missoula MT",,Cystobranchus salmositicus,69339,,unknown,,,,
Warning,Ambient Monitoring,09MID1958,09MID1958,Sample,GovLocal,8/4/2015,,,,,8,ft2,,,,,,09MID1958_15,,N,,Y,,Solid/Sediment,Freshwater Taxonomy,,SURBER,,,,,,63.33,Number of Individual Organisms,,4/22/2016,,,7,Count,,,,,,,,,,,ID-COUNT-LEVEL2,,09MID1958_15,,"Rhithron Associates Inc, Missoula MT",,Tvetenia bavarica Group,129197,,Larva,,,,
Warning,Ambient Monitoring,09MID1374,09MID1374,Sample,GovLocal,8/31/2022,,,,,8,ft2,,,,,,09MID1374_22,,N,,Y,,Solid/Sediment,Freshwater Taxonomy,,SURBER,,,,,,33.33,Number of Individual Organisms,,5/19/2023,,,4,Count,,,,,,,,,,,ID-COUNT-LEVEL2,,09MID1374_22,,"Rhithron Associates Inc, Missoula MT",,Tvetenia bavarica Group,129197,,Larva,,,,
Warning,Ambient Monitoring,09MID1374,09MID1374,Sample,GovLocal,8/31/2022,,,,,8,ft2,,,,,,09MID1374_22,,N,,Y,,Solid/Sediment,Freshwater Taxonomy,,SURBER,,,,,,33.33,Number of Individual Organisms,,5/19/2023,,,1,Count,,,,,,,,,,,ID-COUNT-LEVEL2,,09MID1374_22,,"Rhithron Associates Inc, Missoula MT",,Zapada oregonensis Group,102591,,Larva,,,,
Warning,Ambient Monitoring,09MID1374,09MID1374,Sample,GovLocal,8/31/2022,,,,,8,ft2,,,,,,09MID1374_22,,N,,Y,,Solid/Sediment,Freshwater Taxonomy,,SURBER,,,,,,33.33,Number of Individual Organisms,,5/19/2023,,,6,Count,,,,,,,,,,,ID-COUNT-LEVEL2,,09MID1374_22,,"Rhithron Associates Inc, Missoula MT",,Rhyacophila brunnea/vemna Group,115097,,Larva,,,,
Warning,Ambient Monitoring,09MID1374,09MID1374,Sample,GovLocal,8/31/2022,,,,,8,ft2,,,,,,09MID1374_22,,N,,Y,,Solid/Sediment,Freshwater Taxonomy,,SURBER,,,,,,33.33,Number of Individual Organisms,,5/19/2023,,,71,Count,,,,,,,,,,,ID-COUNT-LEVEL2,,09MID1374_22,,"Rhithron Associates Inc, Missoula MT",,Baetis tricaudatus complex,100817,,Larva,,,,
Warning,Ambient Monitoring,09MID1374,09MID1374,Sample,GovLocal,9/21/2021,,,,,8,ft2,,,,,,09MID1374_21,,N,,Y,,Solid/Sediment,Freshwater Taxonomy,,SURBER,,,,,,70,Number of Individual Organisms,,12/17/2021,,,10,Count,,,,,,,,,,,ID-COUNT-LEVEL2,,09MID1374_21,,"Rhithron Associates Inc, Missoula MT",,Tvetenia bavarica Group,129197,,Larva,,,,
Warning,Ambient Monitoring,09MID1374,09MID1374,Sample,GovLocal,9/21/2021,,,,,8,ft2,,,,,,09MID1374_21,,N,,Y,,Solid/Sediment,Freshwater Taxonomy,,SURBER,,,,,,70,Number of Individual Organisms,,12/17/2021,,,21,Count,,,,,,,,,,,ID-COUNT-LEVEL2,,09MID1374_21,,"Rhithron Associates Inc, Missoula MT",,Pericomaini,125391,,Larva,,,,
Warning,Ambient Monitoring,09MID1374,09MID1374,Sample,GovLocal,9/21/2021,,,,,8,ft2,,,,,,09MID1374_21,,N,,Y,,Solid/Sediment,Freshwater Taxonomy,,SURBER,,,,,,70,Number of Individual Organisms,,12/17/2021,,,2,Count,,,,,,,,,,,ID-COUNT-LEVEL2,,09MID1374_21,,"Rhithron Associates Inc, Missoula MT",,Zapada oregonensis Group,102591,,Larva,,,,
Warning,Ambient Monitoring,09MID1374,09MID1374,Sample,GovLocal,9/21/2021,,,,,8,ft2,,,,,,09MID1374_21,,N,,Y,,Solid/Sediment,Freshwater Taxonomy,,SURBER,,,,,,70,Number of Individual Organisms,,12/17/2021,,,5,Count,,,,,,,,,,,ID-COUNT-LEVEL2,,09MID1374_21,,"Rhithron Associates Inc, Missoula MT",,Rhyacophila betteni Group,115097,,Larva,,,,
Warning,Ambient Monitoring,09MID1374,09MID1374,Sample,GovLocal,9/21/2021,,,,,8,ft2,,,,,,09MID1374_21,,N,,Y,,Solid/Sediment,Freshwater Taxonomy,,SURBER,,,,,,70,Number of Individual Organisms,,12/17/2021,,,8,Count,,,,,,,,,,,ID-COUNT-LEVEL2,,09MID1374_21,,"Rhithron Associates Inc, Missoula MT",,Rhyacophila brunnea/vemna Group,115097,,Larva,,,,
Warning,Ambient Monitoring,09MID1374,09MID1374,Sample,GovLocal,9/21/2021,,,,,8,ft2,,,,,,09MID1374_21,,N,,Y,,Solid/Sediment,Freshwater Taxonomy,,SURBER,,,,,,70,Number of Individual Organisms,,12/17/2021,,,95,Count,,,,,,,,,,,ID-COUNT-LEVEL2,,09MID1374_21,,"Rhithron Associates Inc, Missoula MT",,Baetis tricaudatus complex,100817,,Larva,,,,
Warning,Ambient Monitoring,09MID1374,09MID1374,Sample,GovLocal,8/29/2016,,,,,8,ft2,,,,,,09MID1374_16,,N,,Y,,Solid/Sediment,Freshwater Taxonomy,,SURBER,,,,,,56.67,Number of Individual Organisms,,4/4/2017,,,1,Count,,,,,,,,,,,ID-COUNT-LEVEL2,,09MID1374_16,,"Rhithron Associates Inc, Missoula MT",,Orthocladiinae Genus 5 (Coffman and Ferrington),128457,,Larva,,,,
Warning,Ambient Monitoring,09MID1374,09MID1374,Sample,GovLocal,8/29/2016,,,,,8,ft2,,,,,,09MID1374_16,,N,,Y,,Solid/Sediment,Freshwater Taxonomy,,SURBER,,,,,,56.67,Number of Individual Organisms,,4/4/2017,,,3,Count,,,,,,,,,,,ID-COUNT-LEVEL2,,09MID1374_16,,"Rhithron Associates Inc, Missoula MT",,Tvetenia bavarica Group,129197,,Larva,,,,
Warning,Ambient Monitoring,09MID1374,09MID1374,Sample,GovLocal,8/29/2016,,,,,8,ft2,,,,,,09MID1374_16,,N,,Y,,Solid/Sediment,Freshwater Taxonomy,,SURBER,,,,,,56.67,Number of Individual Organisms,,4/4/2017,,,6,Count,,,,,,,,,,,ID-COUNT-LEVEL2,,09MID1374_16,,"Rhithron Associates Inc, Missoula MT",,Zapada oregonensis Group,102591,,Larva,,,,
Warning,Ambient Monitoring,09MID1374,09MID1374,Sample,GovLocal,8/29/2016,,,,,8,ft2,,,,,,09MID1374_16,,N,,Y,,Solid/Sediment,Freshwater Taxonomy,,SURBER,,,,,,56.67,Number of Individual Organisms,,4/4/2017,,,8,Count,,,,,,,,,,,ID-COUNT-LEVEL2,,09MID1374_16,,"Rhithron Associates Inc, Missoula MT",,Rhyacophila betteni Group,115097,,Larva,,,,
Warning,Ambient Monitoring,09MID1374,09MID1374,Sample,GovLocal,8/29/2016,,,,,8,ft2,,,,,,09MID1374_16,,N,,Y,,Solid/Sediment,Freshwater Taxonomy,,SURBER,,,,,,56.67,Number of Individual Organisms,,4/4/2017,,,5,Count,,,,,,,,,,,ID-COUNT-LEVEL2,,09MID1374_16,,"Rhithron Associates Inc, Missoula MT",,Rhyacophila brunnea/vemna Group,115097,,Larva,,,,
Warning,Ambient Monitoring,09MID1374,09MID1374,Sample,GovLocal,8/29/2016,,,,,8,ft2,,,,,,09MID1374_16,,N,,Y,,Solid/Sediment,Freshwater Taxonomy,,SURBER,,,,,,56.67,Number of Individual Organisms,,4/4/2017,,,145,Count,,,,,,,,,,,ID-COUNT-LEVEL2,,09MID1374_16,,"Rhithron Associates Inc, Missoula MT",,Baetis tricaudatus complex,100817,,Larva,,,,
Warning,Ambient Monitoring,09MID1374,09MID1374,Sample,GovLocal,8/5/2015,,,,,8,ft2,,,,,,09MID1374_15,,N,,Y,,Solid/Sediment,Freshwater Taxonomy,,SURBER,,,,,,20,Number of Individual Organisms,,4/22/2016,,,4,Count,,,,,,,,,,,ID-COUNT-LEVEL2,,09MID1374_15,,"Rhithron Associates Inc, Missoula MT",,Tvetenia bavarica Group,129197,,Larva,,,,
Warning,Ambient Monitoring,09MID1374,09MID1374,Sample,GovLocal,8/5/2015,,,,,8,ft2,,,,,,09MID1374_15,,N,,Y,,Solid/Sediment,Freshwater Taxonomy,,SURBER,,,,,,20,Number of Individual Organisms,,4/22/2016,,,1,Count,,,,,,,,,,,ID-COUNT-LEVEL2,,09MID1374_15,,"Rhithron Associates Inc, Missoula MT",,Zapada oregonensis Group,102591,,Larva,,,,
Warning,Ambient Monitoring,09MID1374,09MID1374,Sample,GovLocal,8/5/2015,,,,,8,ft2,,,,,,09MID1374_15,,N,,Y,,Solid/Sediment,Freshwater Taxonomy,,SURBER,,,,,,20,Number of Individual Organisms,,4/22/2016,,,2,Count,,,,,,,,,,,ID-COUNT-LEVEL2,,09MID1374_15,,"Rhithron Associates Inc, Missoula MT",,Rhyacophila betteni Group,115097,,Larva,,,,
Warning,Ambient Monitoring,09MID1374,09MID1374,Sample,GovLocal,8/5/2015,,,,,8,ft2,,,,,,09MID1374_15,,N,,Y,,Solid/Sediment,Freshwater Taxonomy,,SURBER,,,,,,20,Number of Individual Organisms,,4/22/2016,,,8,Count,,,,,,,,,,,ID-COUNT-LEVEL2,,09MID1374_15,,"Rhithron Associates Inc, Missoula MT",,Rhyacophila brunnea/vemna Group,115097,,Larva,,,,
Warning,Ambient Monitoring,09MID1374,09MID1374,Sample,GovLocal,8/5/2015,,,,,8,ft2,,,,,,09MID1374_15,,N,,Y,,Solid/Sediment,Freshwater Taxonomy,,SURBER,,,,,,20,Number of Individual Organisms,,4/22/2016,,,70,Count,,,,,,,,,,,ID-COUNT-LEVEL2,,09MID1374_15,,"Rhithron Associates Inc, Missoula MT",,Baetis tricaudatus complex,100817,,Larva,,,,
Warning,Ambient Monitoring,09MIL0340,09MIL0340,Sample,GovLocal,7/22/2020,,,,,8,ft2,,,,,,09MIL0340_20,,N,,Y,,Solid/Sediment,Freshwater Taxonomy,,SURBER,,,,,,53.33,Number of Individual Organisms,,4/30/2021,,,27,Count,,,,,,,,,,,ID-COUNT-LEVEL2,,09MIL0340_20,,"Rhithron Associates Inc, Missoula MT",,Tvetenia bavarica Group,129197,,Larva,,,,
Warning,Ambient Monitoring,09MIL0340,09MIL0340,Sample,GovLocal,7/22/2020,,,,,8,ft2,,,,,,09MIL0340_20,,N,,Y,,Solid/Sediment,Freshwater Taxonomy,,SURBER,,,,,,53.33,Number of Individual Organisms,,4/30/2021,,,1,Count,,,,,,,,,,,ID-COUNT-LEVEL2,,09MIL0340_20,,"Rhithron Associates Inc, Missoula MT",,Thienemannimyia Group,128078,,Larva,,,,
Warning,Ambient Monitoring,09MIL0340,09MIL0340,Sample,GovLocal,7/22/2020,,,,,8,ft2,,,,,,09MIL0340_20,,N,,Y,,Solid/Sediment,Freshwater Taxonomy,,SURBER,,,,,,53.33,Number of Individual Organisms,,4/30/2021,,,8,Count,,,,,,,,,,,ID-COUNT-LEVEL2,,09MIL0340_20,,"Rhithron Associates Inc, Missoula MT",,Zapada oregonensis Group,102591,,Larva,,,,
Warning,Ambient Monitoring,09MIL0340,09MIL0340,Sample,GovLocal,7/22/2020,,,,,8,ft2,,,,,,09MIL0340_20,,N,,Y,,Solid/Sediment,Freshwater Taxonomy,,SURBER,,,,,,53.33,Number of Individual Organisms,,4/30/2021,,,13,Count,,,,,,,,,,,ID-COUNT-LEVEL2,,09MIL0340_20,,"Rhithron Associates Inc, Missoula MT",,Rhyacophila betteni Group,115097,,Larva,,,,
Warning,Ambient Monitoring,09MIL0340,09MIL0340,Sample,GovLocal,7/22/2020,,,,,8,ft2,,,,,,09MIL0340_20,,N,,Y,,Solid/Sediment,Freshwater Taxonomy,,SURBER,,,,,,53.33,Number of Individual Organisms,,4/30/2021,,,8,Count,,,,,,,,,,,ID-COUNT-LEVEL2,,09MIL0340_20,,"Rhithron Associates Inc, Missoula MT",,Rhyacophila brunnea/vemna Group,115097,,Larva,,,,
Warning,Ambient Monitoring,09MIL0340,09MIL0340,Sample,GovLocal,7/22/2020,,,,,8,ft2,,,,,,09MIL0340_20,,N,,Y,,Solid/Sediment,Freshwater Taxonomy,,SURBER,,,,,,53.33,Number of Individual Organisms,,4/30/2021,,,38,Count,,,,,,,,,,,ID-COUNT-LEVEL2,,09MIL0340_20,,"Rhithron Associates Inc, Missoula MT",,Baetis tricaudatus complex,100817,,Larva,,,,
Warning,Ambient Monitoring,09MIL0340,09MIL0340,Sample,GovLocal,9/10/2019,,,,,8,ft2,,,,,,09MIL0340_19,,N,,Y,,Solid/Sediment,Freshwater Taxonomy,,SURBER,,,,,,26.67,Number of Individual Organisms,,2/7/2020,,,24,Count,,,,,,,,,,,ID-COUNT-LEVEL2,,09MIL0340_19,,"Rhithron Associates Inc, Missoula MT",,Chamaedrilus,68510,,unknown,,,,
Warning,Ambient Monitoring,09MIL0340,09MIL0340,Sample,GovLocal,9/10/2019,,,,,8,ft2,,,,,,09MIL0340_19,,N,,Y,,Solid/Sediment,Freshwater Taxonomy,,SURBER,,,,,,26.67,Number of Individual Organisms,,2/7/2020,,,1,Count,,,,,,,,,,,ID-COUNT-LEVEL2,,09MIL0340_19,,"Rhithron Associates Inc, Missoula MT",,Naidinae,68509,,unknown,,,,
Warning,Ambient Monitoring,09MIL0340,09MIL0340,Sample,GovLocal,9/10/2019,,,,,8,ft2,,,,,,09MIL0340_19,,N,,Y,,Solid/Sediment,Freshwater Taxonomy,,SURBER,,,,,,26.67,Number of Individual Organisms,,2/7/2020,,,8,Count,,,,,,,,,,,ID-COUNT-LEVEL2,,09MIL0340_19,,"Rhithron Associates Inc, Missoula MT",,Tvetenia bavarica Group,129197,,Larva,,,,
Warning,Ambient Monitoring,09MIL0340,09MIL0340,Sample,GovLocal,9/10/2019,,,,,8,ft2,,,,,,09MIL0340_19,,N,,Y,,Solid/Sediment,Freshwater Taxonomy,,SURBER,,,,,,26.67,Number of Individual Organisms,,2/7/2020,,,2,Count,,,,,,,,,,,ID-COUNT-LEVEL2,,09MIL0340_19,,"Rhithron Associates Inc, Missoula MT",,Thienemannimyia Group,128078,,Larva,,,,
Warning,Ambient Monitoring,09MIL0340,09MIL0340,Sample,GovLocal,9/10/2019,,,,,8,ft2,,,,,,09MIL0340_19,,N,,Y,,Solid/Sediment,Freshwater Taxonomy,,SURBER,,,,,,26.67,Number of Individual Organisms,,2/7/2020,,,5,Count,,,,,,,,,,,ID-COUNT-LEVEL2,,09MIL0340_19,,"Rhithron Associates Inc, Missoula MT",,Zapada oregonensis Group,102591,,Larva,,,,
Warning,Ambient Monitoring,09MIL0340,09MIL0340,Sample,GovLocal,9/10/2019,,,,,8,ft2,,,,,,09MIL0340_19,,N,,Y,,Solid/Sediment,Freshwater Taxonomy,,SURBER,,,,,,26.67,Number of Individual Organisms,,2/7/2020,,,5,Count,,,,,,,,,,,ID-COUNT-LEVEL2,,09MIL0340_19,,"Rhithron Associates Inc, Missoula MT",,Rhyacophila betteni Group,115097,,Larva,,,,
Warning,Ambient Monitoring,09MIL0340,09MIL0340,Sample,GovLocal,9/10/2019,,,,,8,ft2,,,,,,09MIL0340_19,,N,,Y,,Solid/Sediment,Freshwater Taxonomy,,SURBER,,,,,,26.67,Number of Individual Organisms,,2/7/2020,,,1,Count,,,,,,,,,,,ID-COUNT-LEVEL2,,09MIL0340_19,,"Rhithron Associates Inc, Missoula MT",,Rhyacophila brunnea/vemna Group,115097,,Larva,,,,
Warning,Ambient Monitoring,09MIL0390,09MIL0390,Sample,GovLocal,7/30/2024,,,,,8,ft2,,,,,,09MIL0390_24,,N,,Y,,Solid/Sediment,Freshwater Taxonomy,,SURBER,,,,,,13.33,Number of Individual Organisms,,2/5/2025,,,1,Count,,,,,,,,,,,ID-COUNT-LEVEL2,,09MIL0390_24,,"Rhithron Associates Inc, Missoula MT",,Tvetenia bavarica Group,129197,,Larva,,,,
Warning,Ambient Monitoring,09MIL0390,09MIL0390,Sample,GovLocal,7/30/2024,,,,,8,ft2,,,,,,09MIL0390_24,,N,,Y,,Solid/Sediment,Freshwater Taxonomy,,SURBER,,,,,,13.33,Number of Individual Organisms,,2/5/2025,,,4,Count,,,,,,,,,,,ID-COUNT-LEVEL2,,09MIL0390_24,,"Rhithron Associates Inc, Missoula MT",,Zapada oregonensis Group,102591,,Larva,,,,
Warning,Ambient Monitoring,09MIL0390,09MIL0390,Sample,GovLocal,7/30/2024,,,,,8,ft2,,,,,,09MIL0390_24,,N,,Y,,Solid/Sediment,Freshwater Taxonomy,,SURBER,,,,,,13.33,Number of Individual Organisms,,2/5/2025,,,81,Count,,,,,,,,,,,ID-COUNT-LEVEL2,,09MIL0390_24,,"Rhithron Associates Inc, Missoula MT",,Baetis tricaudatus complex,100817,,Larva,,,,
Warning,Ambient Monitoring,09MIL0390,09MIL0390,Sample,GovLocal,8/10/2023,,,,,8,ft2,,,,,,09MIL0390_23,,N,,Y,,Solid/Sediment,Freshwater Taxonomy,,SURBER,,,,,,20,Number of Individual Organisms,,4/18/2024,,,2,Count,,,,,,,,,,,ID-COUNT-LEVEL2,,09MIL0390_23,,"Rhithron Associates Inc, Missoula MT",,Monatractides,83249,,Adult,,,,
Warning,Ambient Monitoring,09MIL0390,09MIL0390,Sample,GovLocal,8/10/2023,,,,,8,ft2,,,,,,09MIL0390_23,,N,,Y,,Solid/Sediment,Freshwater Taxonomy,,SURBER,,,,,,20,Number of Individual Organisms,,4/18/2024,,,1,Count,,,,,,,,,,,ID-COUNT-LEVEL2,,09MIL0390_23,,"Rhithron Associates Inc, Missoula MT",,Tvetenia bavarica Group,129197,,Larva,,,,
Warning,Ambient Monitoring,09MIL0390,09MIL0390,Sample,GovLocal,8/10/2023,,,,,8,ft2,,,,,,09MIL0390_23,,N,,Y,,Solid/Sediment,Freshwater Taxonomy,,SURBER,,,,,,20,Number of Individual Organisms,,4/18/2024,,,1,Count,,,,,,,,,,,ID-COUNT-LEVEL2,,09MIL0390_23,,"Rhithron Associates Inc, Missoula MT",,Zapada oregonensis Group,102591,,Larva,,,,
Warning,Ambient Monitoring,09MIL0390,09MIL0390,Sample,GovLocal,8/10/2023,,,,,8,ft2,,,,,,09MIL0390_23,,N,,Y,,Solid/Sediment,Freshwater Taxonomy,,SURBER,,,,,,20,Number of Individual Organisms,,4/18/2024,,,2,Count,,,,,,,,,,,ID-COUNT-LEVEL2,,09MIL0390_23,,"Rhithron Associates Inc, Missoula MT",,Rhyacophila brunnea/vemna Group,115097,,Larva,,,,
Warning,Ambient Monitoring,09MIL0390,09MIL0390,Sample,GovLocal,8/10/2023,,,,,8,ft2,,,,,,09MIL0390_23,,N,,Y,,Solid/Sediment,Freshwater Taxonomy,,SURBER,,,,,,20,Number of Individual Organisms,,4/18/2024,,,51,Count,,,,,,,,,,,ID-COUNT-LEVEL2,,09MIL0390_23,,"Rhithron Associates Inc, Missoula MT",,Baetis tricaudatus complex,100817,,Larva,,,,
Warning,Ambient Monitoring,09MIL0390,09MIL0390,Sample,GovLocal,8/10/2023,,,,,8,ft2,,,,,,09MIL0390_23_R,,Y,,Y,,Solid/Sediment,Freshwater Taxonomy,,SURBER,,,,,,20,Number of Individual Organisms,,4/18/2024,,,5,Count,,,,,,,,,,,ID-COUNT-LEVEL2,,09MIL0390_23_R,,"Rhithron Associates Inc, Missoula MT",,Zapada oregonensis Group,102591,,Larva,,,,
Warning,Ambient Monitoring,09LOW0753,09LOW0753,Sample,GovLocal,7/28/2022,,,,,8,ft2,,,,,,09LOW0753_22,,N,,Y,,Solid/Sediment,Freshwater Taxonomy,,SURBER,,,,,,86.67,Number of Individual Organisms,,2/1/2023,,,2,Count,,,,,,,,,,,ID-COUNT-LEVEL2,,09LOW0753_22,,"Rhithron Associates Inc, Missoula MT",,Chamaedrilus,68510,,unknown,,,,
Warning,Ambient Monitoring,09LOW0753,09LOW0753,Sample,GovLocal,7/28/2022,,,,,8,ft2,,,,,,09LOW0753_22,,N,,Y,,Solid/Sediment,Freshwater Taxonomy,,SURBER,,,,,,86.67,Number of Individual Organisms,,2/1/2023,,,2,Count,,,,,,,,,,,ID-COUNT-LEVEL2,,09LOW0753_22,,"Rhithron Associates Inc, Missoula MT",,Monatractides,83249,,Adult,,,,
Warning,Ambient Monitoring,09LOW0753,09LOW0753,Sample,GovLocal,7/28/2022,,,,,8,ft2,,,,,,09LOW0753_22,,N,,Y,,Solid/Sediment,Freshwater Taxonomy,,SURBER,,,,,,86.67,Number of Individual Organisms,,2/1/2023,,,1,Count,,,,,,,,,,,ID-COUNT-LEVEL2,,09LOW0753_22,,"Rhithron Associates Inc, Missoula MT",,Eloeophila,120030,,Larva,,,,
Warning,Ambient Monitoring,09LOW0753,09LOW0753,Sample,GovLocal,7/28/2022,,,,,8,ft2,,,,,,09LOW0753_22,,N,,Y,,Solid/Sediment,Freshwater Taxonomy,,SURBER,,,,,,86.67,Number of Individual Organisms,,2/1/2023,,,1,Count,,,,,,,,,,,ID-COUNT-LEVEL2,,09LOW0753_22,,"Rhithron Associates Inc, Missoula MT",,Zapada oregonensis Group,102591,,Larva,,,,
Warning,Ambient Monitoring,09LOW0753,09LOW0753,Sample,GovLocal,7/28/2022,,,,,8,ft2,,,,,,09LOW0753_22,,N,,Y,,Solid/Sediment,Freshwater Taxonomy,,SURBER,,,,,,86.67,Number of Individual Organisms,,2/1/2023,,,2,Count,,,,,,,,,,,ID-COUNT-LEVEL2,,09LOW0753_22,,"Rhithron Associates Inc, Missoula MT",,Truncatelloidea,69459,,unknown,,,,
Warning,Ambient Monitoring,09LOW0753,09LOW0753,Sample,GovLocal,8/12/2021,,,,,8,ft2,,,,,,09LOW0753_21,,N,,Y,,Solid/Sediment,Freshwater Taxonomy,,SURBER,,,,,,46.67,Number of Individual Organisms,,10/20/2021,,,10,Count,,,,,,,,,,,ID-COUNT-LEVEL2,,09LOW0753_21,,"Rhithron Associates Inc, Missoula MT",,Monatractides,83249,,Adult,,,,
Warning,Ambient Monitoring,09LOW0753,09LOW0753,Sample,GovLocal,8/12/2021,,,,,8,ft2,,,,,,09LOW0753_21,,N,,Y,,Solid/Sediment,Freshwater Taxonomy,,SURBER,,,,,,46.67,Number of Individual Organisms,,10/20/2021,,,1,Count,,,,,,,,,,,ID-COUNT-LEVEL2,,09LOW0753_21,,"Rhithron Associates Inc, Missoula MT",,Tvetenia bavarica Group,129197,,Larva,,,,
Warning,Ambient Monitoring,09LOW0753,09LOW0753,Sample,GovLocal,8/12/2021,,,,,8,ft2,,,,,,09LOW0753_21,,N,,Y,,Solid/Sediment,Freshwater Taxonomy,,SURBER,,,,,,46.67,Number of Individual Organisms,,10/20/2021,,,1,Count,,,,,,,,,,,ID-COUNT-LEVEL2,,09LOW0753_21,,"Rhithron Associates Inc, Missoula MT",,Thienemannimyia Group,128078,,Larva,,,,
Warning,Ambient Monitoring,09LOW0753,09LOW0753,Sample,GovLocal,8/12/2021,,,,,8,ft2,,,,,,09LOW0753_21,,N,,Y,,Solid/Sediment,Freshwater Taxonomy,,SURBER,,,,,,46.67,Number of Individual Organisms,,10/20/2021,,,3,Count,,,,,,,,,,,ID-COUNT-LEVEL2,,09LOW0753_21,,"Rhithron Associates Inc, Missoula MT",,Eloeophila,120030,,Larva,,,,
Warning,Ambient Monitoring,09LOW0753,09LOW0753,Sample,GovLocal,8/12/2021,,,,,8,ft2,,,,,,09LOW0753_21,,N,,Y,,Solid/Sediment,Freshwater Taxonomy,,SURBER,,,,,,46.67,Number of Individual Organisms,,10/20/2021,,,2,Count,,,,,,,,,,,ID-COUNT-LEVEL2,,09LOW0753_21,,"Rhithron Associates Inc, Missoula MT",,Baetis tricaudatus complex,100817,,Larva,,,,
Warning,Ambient Monitoring,09LOW0753,09LOW0753,Sample,GovLocal,8/17/2016,,,,,8,ft2,,,,,,09LOW0753_16,,N,,Y,,Solid/Sediment,Freshwater Taxonomy,,SURBER,,,,,,16.67,Number of Individual Organisms,,11/21/2016,,,12,Count,,,,,,,,,,,ID-COUNT-LEVEL2,,09LOW0753_16,,"Rhithron Associates Inc, Missoula MT",,Baetis tricaudatus complex,100817,,Larva,,,,
Warning,Ambient Monitoring,09LOW0751,09LOW0751,Sample,GovLocal,9/26/2024,,,,,8,ft2,,,,,,09LOW0751_24,,N,,Y,,Solid/Sediment,Freshwater Taxonomy,,SURBER,,,,,,20,Number of Individual Organisms,,5/21/2025,,,3,Count,,,,,,,,,,,ID-COUNT-LEVEL2,,09LOW0751_24,,"Rhithron Associates Inc, Missoula MT",,Monatractides,83249,,Adult,,,,
Warning,Ambient Monitoring,09LOW0751,09LOW0751,Sample,GovLocal,9/26/2024,,,,,8,ft2,,,,,,09LOW0751_24,,N,,Y,,Solid/Sediment,Freshwater Taxonomy,,SURBER,,,,,,20,Number of Individual Organisms,,5/21/2025,,,1,Count,,,,,,,,,,,ID-COUNT-LEVEL2,,09LOW0751_24,,"Rhithron Associates Inc, Missoula MT",,Pericomaini,125391,,Larva,,,,
Warning,Ambient Monitoring,09LOW0751,09LOW0751,Sample,GovLocal,9/26/2024,,,,,8,ft2,,,,,,09LOW0751_24,,N,,Y,,Solid/Sediment,Freshwater Taxonomy,,SURBER,,,,,,20,Number of Individual Organisms,,5/21/2025,,,2,Count,,,,,,,,,,,ID-COUNT-LEVEL2,,09LOW0751_24,,"Rhithron Associates Inc, Missoula MT",,Zapada oregonensis Group,102591,,Larva,,,,
Warning,Ambient Monitoring,09LOW0751,09LOW0751,Sample,GovLocal,9/26/2024,,,,,8,ft2,,,,,,09LOW0751_24,,N,,Y,,Solid/Sediment,Freshwater Taxonomy,,SURBER,,,,,,20,Number of Individual Organisms,,5/21/2025,,,9,Count,,,,,,,,,,,ID-COUNT-LEVEL2,,09LOW0751_24,,"Rhithron Associates Inc, Missoula MT",,Rhyacophila betteni Group,115097,,Larva,,,,
Warning,Ambient Monitoring,09LOW0751,09LOW0751,Sample,GovLocal,9/26/2024,,,,,8,ft2,,,,,,09LOW0751_24,,N,,Y,,Solid/Sediment,Freshwater Taxonomy,,SURBER,,,,,,20,Number of Individual Organisms,,5/21/2025,,,7,Count,,,,,,,,,,,ID-COUNT-LEVEL2,,09LOW0751_24,,"Rhithron Associates Inc, Missoula MT",,Rhyacophila brunnea/vemna Group,115097,,Larva,,,,
Warning,Ambient Monitoring,09LOW0751,09LOW0751,Sample,GovLocal,9/26/2024,,,,,8,ft2,,,,,,09LOW0751_24,,N,,Y,,Solid/Sediment,Freshwater Taxonomy,,SURBER,,,,,,20,Number of Individual Organisms,,5/21/2025,,,39,Count,,,,,,,,,,,ID-COUNT-LEVEL2,,09LOW0751_24,,"Rhithron Associates Inc, Missoula MT",,Baetis tricaudatus complex,100817,,Larva,,,,
Warning,Ambient Monitoring,09LOW0751,09LOW0751,Sample,GovLocal,9/26/2024,,,,,8,ft2,,,,,,09LOW0751_24,,N,,Y,,Solid/Sediment,Freshwater Taxonomy,,SURBER,,,,,,20,Number of Individual Organisms,,5/21/2025,,,1,Count,,,,,,,,,,,ID-COUNT-LEVEL2,,09LOW0751_24,,"Rhithron Associates Inc, Missoula MT",,Truncatelloidea,69459,,unknown,,,,
Warning,Ambient Monitoring,09LOW0751,09LOW0751,Sample,GovLocal,9/18/2023,,,,,8,ft2,,,,,,09LOW0751_23,,N,,Y,,Solid/Sediment,Freshwater Taxonomy,,SURBER,,,,,,20,Number of Individual Organisms,,4/16/2024,,,4,Count,,,,,,,,,,,ID-COUNT-LEVEL2,,09LOW0751_23,,"Rhithron Associates Inc, Missoula MT",,Monatractides,83249,,Adult,,,,
Warning,Ambient Monitoring,09LOW0751,09LOW0751,Sample,GovLocal,10/1/2020,,,,,8,ft2,,,,,,09LOW0751_20,,N,,Y,,Solid/Sediment,Freshwater Taxonomy,,SURBER,,,,,,16.67,Number of Individual Organisms,,4/30/2021,,,23,Count,,,,,,,,,,,ID-COUNT-LEVEL2,,09LOW0751_20,,"Rhithron Associates Inc, Missoula MT",,Rhyacophila betteni Group,115097,,Larva,,,,
Warning,Ambient Monitoring,09LOW0751,09LOW0751,Sample,GovLocal,10/1/2020,,,,,8,ft2,,,,,,09LOW0751_20,,N,,Y,,Solid/Sediment,Freshwater Taxonomy,,SURBER,,,,,,16.67,Number of Individual Organisms,,4/30/2021,,,5,Count,,,,,,,,,,,ID-COUNT-LEVEL2,,09LOW0751_20,,"Rhithron Associates Inc, Missoula MT",,Rhyacophila brunnea/vemna Group,115097,,Larva,,,,
Warning,Ambient Monitoring,09LOW0751,09LOW0751,Sample,GovLocal,10/1/2020,,,,,8,ft2,,,,,,09LOW0751_20,,N,,Y,,Solid/Sediment,Freshwater Taxonomy,,SURBER,,,,,,16.67,Number of Individual Organisms,,4/30/2021,,,9,Count,,,,,,,,,,,ID-COUNT-LEVEL2,,09LOW0751_20,,"Rhithron Associates Inc, Missoula MT",,Neoleptophlebia,101095,,Larva,,,,
Warning,Ambient Monitoring,09LOW0751,09LOW0751,Sample,GovLocal,10/1/2020,,,,,8,ft2,,,,,,09LOW0751_20,,N,,Y,,Solid/Sediment,Freshwater Taxonomy,,SURBER,,,,,,16.67,Number of Individual Organisms,,4/30/2021,,,51,Count,,,,,,,,,,,ID-COUNT-LEVEL2,,09LOW0751_20,,"Rhithron Associates Inc, Missoula MT",,Baetis tricaudatus complex,100817,,Larva,,,,
Warning,Ambient Monitoring,09LOW0751,09LOW0751,Sample,GovLocal,9/5/2019,,,,,8,ft2,,,,,,09LOW0751_19,,N,,Y,,Solid/Sediment,Freshwater Taxonomy,,SURBER,,,,,,33.33,Number of Individual Organisms,,2/7/2020,,,13,Count,,,,,,,,,,,ID-COUNT-LEVEL2,,09LOW0751_19,,"Rhithron Associates Inc, Missoula MT",,Chamaedrilus,68510,,unknown,,,,
Warning,Ambient Monitoring,09LOW0751,09LOW0751,Sample,GovLocal,9/5/2019,,,,,8,ft2,,,,,,09LOW0751_19,,N,,Y,,Solid/Sediment,Freshwater Taxonomy,,SURBER,,,,,,33.33,Number of Individual Organisms,,2/7/2020,,,2,Count,,,,,,,,,,,ID-COUNT-LEVEL2,,09LOW0751_19,,"Rhithron Associates Inc, Missoula MT",,Monatractides,83249,,Adult,,,,
Warning,Ambient Monitoring,09LOW0751,09LOW0751,Sample,GovLocal,9/5/2019,,,,,8,ft2,,,,,,09LOW0751_19,,N,,Y,,Solid/Sediment,Freshwater Taxonomy,,SURBER,,,,,,33.33,Number of Individual Organisms,,2/7/2020,,,2,Count,,,,,,,,,,,ID-COUNT-LEVEL2,,09LOW0751_19,,"Rhithron Associates Inc, Missoula MT",,Pericomaini,125391,,Larva,,,,
Warning,Ambient Monitoring,09LOW0751,09LOW0751,Sample,GovLocal,9/5/2019,,,,,8,ft2,,,,,,09LOW0751_19,,N,,Y,,Solid/Sediment,Freshwater Taxonomy,,SURBER,,,,,,33.33,Number of Individual Organisms,,2/7/2020,,,1,Count,,,,,,,,,,,ID-COUNT-LEVEL2,,09LOW0751_19,,"Rhithron Associates Inc, Missoula MT",,Eloeophila,120030,,Larva,,,,
Warning,Ambient Monitoring,09LOW0751,09LOW0751,Sample,GovLocal,9/5/2019,,,,,8,ft2,,,,,,09LOW0751_19,,N,,Y,,Solid/Sediment,Freshwater Taxonomy,,SURBER,,,,,,33.33,Number of Individual Organisms,,2/7/2020,,,5,Count,,,,,,,,,,,ID-COUNT-LEVEL2,,09LOW0751_19,,"Rhithron Associates Inc, Missoula MT",,Zapada oregonensis Group,102591,,Larva,,,,
Warning,Ambient Monitoring,09LOW0751,09LOW0751,Sample,GovLocal,9/5/2019,,,,,8,ft2,,,,,,09LOW0751_19,,N,,Y,,Solid/Sediment,Freshwater Taxonomy,,SURBER,,,,,,33.33,Number of Individual Organisms,,2/7/2020,,,11,Count,,,,,,,,,,,ID-COUNT-LEVEL2,,09LOW0751_19,,"Rhithron Associates Inc, Missoula MT",,Rhyacophila betteni Group,115097,,Larva,,,,
Warning,Ambient Monitoring,09LOW0751,09LOW0751,Sample,GovLocal,9/5/2019,,,,,8,ft2,,,,,,09LOW0751_19,,N,,Y,,Solid/Sediment,Freshwater Taxonomy,,SURBER,,,,,,33.33,Number of Individual Organisms,,2/7/2020,,,1,Count,,,,,,,,,,,ID-COUNT-LEVEL2,,09LOW0751_19,,"Rhithron Associates Inc, Missoula MT",,Rhyacophila brunnea/vemna Group,115097,,Larva,,,,
Warning,Ambient Monitoring,09LOW0751,09LOW0751,Sample,GovLocal,9/5/2019,,,,,8,ft2,,,,,,09LOW0751_19,,N,,Y,,Solid/Sediment,Freshwater Taxonomy,,SURBER,,,,,,33.33,Number of Individual Organisms,,2/7/2020,,,80,Count,,,,,,,,,,,ID-COUNT-LEVEL2,,09LOW0751_19,,"Rhithron Associates Inc, Missoula MT",,Baetis tricaudatus complex,100817,,Larva,,,,
Warning,Ambient Monitoring,09LOW0751,09LOW0751,Sample,GovLocal,10/4/2018,,,,,8,ft2,,,,,,09LOW0751_18,,N,,Y,,Solid/Sediment,Freshwater Taxonomy,,SURBER,,,,,,50,Number of Individual Organisms,,11/19/2018,,,8,Count,,,,,,,,,,,ID-COUNT-LEVEL2,,09LOW0751_18,,"Rhithron Associates Inc, Missoula MT",,Cystobranchus salmositicus,69339,,unknown,,,,
Warning,Ambient Monitoring,09LOW0751,09LOW0751,Sample,GovLocal,10/4/2018,,,,,8,ft2,,,,,,09LOW0751_18,,N,,Y,,Solid/Sediment,Freshwater Taxonomy,,SURBER,,,,,,50,Number of Individual Organisms,,11/19/2018,,,2,Count,,,,,,,,,,,ID-COUNT-LEVEL2,,09LOW0751_18,,"Rhithron Associates Inc, Missoula MT",,Monatractides,83249,,Adult,,,,
Warning,Ambient Monitoring,09LOW0751,09LOW0751,Sample,GovLocal,10/4/2018,,,,,8,ft2,,,,,,09LOW0751_18,,N,,Y,,Solid/Sediment,Freshwater Taxonomy,,SURBER,,,,,,50,Number of Individual Organisms,,11/19/2018,,,2,Count,,,,,,,,,,,ID-COUNT-LEVEL2,,09LOW0751_18,,"Rhithron Associates Inc, Missoula MT",,Tvetenia bavarica Group,129197,,Larva,,,,
Warning,Ambient Monitoring,09LOW0751,09LOW0751,Sample,GovLocal,10/4/2018,,,,,8,ft2,,,,,,09LOW0751_18,,N,,Y,,Solid/Sediment,Freshwater Taxonomy,,SURBER,,,,,,50,Number of Individual Organisms,,11/19/2018,,,10,Count,,,,,,,,,,,ID-COUNT-LEVEL2,,09LOW0751_18,,"Rhithron Associates Inc, Missoula MT",,Zapada oregonensis Group,102591,,Larva,,,,
Warning,Ambient Monitoring,09LOW0751,09LOW0751,Sample,GovLocal,8/11/2015,,,,,8,ft2,,,,,,09LOW0751_15,,N,,Y,,Solid/Sediment,Freshwater Taxonomy,,SURBER,,,,,,100,Number of Individual Organisms,,4/22/2016,,,6,Count,,,,,,,,,,,ID-COUNT-LEVEL2,,09LOW0751_15,,"Rhithron Associates Inc, Missoula MT",,Rhyacophila betteni Group,115097,,Larva,,,,
Warning,Ambient Monitoring,09LOW0751,09LOW0751,Sample,GovLocal,8/11/2015,,,,,8,ft2,,,,,,09LOW0751_15,,N,,Y,,Solid/Sediment,Freshwater Taxonomy,,SURBER,,,,,,100,Number of Individual Organisms,,4/22/2016,,,12,Count,,,,,,,,,,,ID-COUNT-LEVEL2,,09LOW0751_15,,"Rhithron Associates Inc, Missoula MT",,Rhyacophila brunnea/vemna Group,115097,,Larva,,,,
Warning,Ambient Monitoring,09LOW0751,09LOW0751,Sample,GovLocal,8/11/2015,,,,,8,ft2,,,,,,09LOW0751_15,,N,,Y,,Solid/Sediment,Freshwater Taxonomy,,SURBER,,,,,,100,Number of Individual Organisms,,4/22/2016,,,48,Count,,,,,,,,,,,ID-COUNT-LEVEL2,,09LOW0751_15,,"Rhithron Associates Inc, Missoula MT",,Baetis tricaudatus complex,100817,,Larva,,,,
Warning,Ambient Monitoring,09LOW0325,09LOW0325,Sample,GovLocal,10/4/2021,,,,,8,ft2,,,,,,09LOW0325_21,,N,,Y,,Solid/Sediment,Freshwater Taxonomy,,SURBER,,,,,,100,Number of Individual Organisms,,12/17/2021,,,3,Count,,,,,,,,,,,ID-COUNT-LEVEL2,,09LOW0325_21,,"Rhithron Associates Inc, Missoula MT",,Chamaedrilus,68510,,unknown,,,,
Warning,Ambient Monitoring,09LOW0325,09LOW0325,Sample,GovLocal,10/4/2021,,,,,8,ft2,,,,,,09LOW0325_21,,N,,Y,,Solid/Sediment,Freshwater Taxonomy,,SURBER,,,,,,100,Number of Individual Organisms,,12/17/2021,,,3,Count,,,,,,,,,,,ID-COUNT-LEVEL2,,09LOW0325_21,,"Rhithron Associates Inc, Missoula MT",,Thienemannimyia Group,128078,,Larva,,,,
Warning,Ambient Monitoring,09LOW0325,09LOW0325,Sample,GovLocal,10/4/2021,,,,,8,ft2,,,,,,09LOW0325_21,,N,,Y,,Solid/Sediment,Freshwater Taxonomy,,SURBER,,,,,,100,Number of Individual Organisms,,12/17/2021,,,194,Count,,,,,,,,,,,ID-COUNT-LEVEL2,,09LOW0325_21,,"Rhithron Associates Inc, Missoula MT",,Baetis tricaudatus complex,100817,,Larva,,,,
Warning,Ambient Monitoring,09LOW0325,09LOW0325,Sample,GovLocal,8/24/2020,,,,,8,ft2,,,,,,09LOW0325_20,,N,,Y,,Solid/Sediment,Freshwater Taxonomy,,SURBER,,,,,,30,Number of Individual Organisms,,4/30/2021,,,1,Count,,,,,,,,,,,ID-COUNT-LEVEL2,,09LOW0325_20,,"Rhithron Associates Inc, Missoula MT",,Thienemannimyia Group,128078,,Larva,,,,
Warning,Ambient Monitoring,09LOW0325,09LOW0325,Sample,GovLocal,8/24/2020,,,,,8,ft2,,,,,,09LOW0325_20,,N,,Y,,Solid/Sediment,Freshwater Taxonomy,,SURBER,,,,,,30,Number of Individual Organisms,,4/30/2021,,,1,Count,,,,,,,,,,,ID-COUNT-LEVEL2,,09LOW0325_20,,"Rhithron Associates Inc, Missoula MT",,Rhyacophila brunnea/vemna Group,115097,,Larva,,,,
Warning,Ambient Monitoring,09LOW0325,09LOW0325,Sample,GovLocal,8/24/2020,,,,,8,ft2,,,,,,09LOW0325_20,,N,,Y,,Solid/Sediment,Freshwater Taxonomy,,SURBER,,,,,,30,Number of Individual Organisms,,4/30/2021,,,105,Count,,,,,,,,,,,ID-COUNT-LEVEL2,,09LOW0325_20,,"Rhithron Associates Inc, Missoula MT",,Baetis tricaudatus complex,100817,,Larva,,,,
Warning,Ambient Monitoring,09LOW0325,09LOW0325,Sample,GovLocal,9/10/2019,,,,,8,ft2,,,,,,09LOW0325_19,,N,,Y,,Solid/Sediment,Freshwater Taxonomy,,SURBER,,,,,,100,Number of Individual Organisms,,2/7/2020,,,6,Count,,,,,,,,,,,ID-COUNT-LEVEL2,,09LOW0325_19,,"Rhithron Associates Inc, Missoula MT",,Chamaedrilus,68510,,unknown,,,,
Warning,Ambient Monitoring,09LOW0325,09LOW0325,Sample,GovLocal,9/10/2019,,,,,8,ft2,,,,,,09LOW0325_19,,N,,Y,,Solid/Sediment,Freshwater Taxonomy,,SURBER,,,,,,100,Number of Individual Organisms,,2/7/2020,,,2,Count,,,,,,,,,,,ID-COUNT-LEVEL2,,09LOW0325_19,,"Rhithron Associates Inc, Missoula MT",,Pericomaini,125391,,Larva,,,,
Warning,Ambient Monitoring,09LOW0325,09LOW0325,Sample,GovLocal,9/10/2019,,,,,8,ft2,,,,,,09LOW0325_19,,N,,Y,,Solid/Sediment,Freshwater Taxonomy,,SURBER,,,,,,100,Number of Individual Organisms,,2/7/2020,,,50,Count,,,,,,,,,,,ID-COUNT-LEVEL2,,09LOW0325_19,,"Rhithron Associates Inc, Missoula MT",,Baetis tricaudatus complex,100817,,Larva,,,,
Warning,Ambient Monitoring,09LOW0325,09LOW0325,Sample,GovLocal,8/15/2018,,,,,8,ft2,,,,,,09LOW0325_18,,N,,Y,,Solid/Sediment,Freshwater Taxonomy,,SURBER,,,,,,40,Number of Individual Organisms,,10/4/2018,,,13,Count,,,,,,,,,,,ID-COUNT-LEVEL2,,09LOW0325_18,,"Rhithron Associates Inc, Missoula MT",,Tvetenia bavarica Group,129197,,Larva,,,,
Warning,Ambient Monitoring,09LOW0325,09LOW0325,Sample,GovLocal,8/15/2018,,,,,8,ft2,,,,,,09LOW0325_18,,N,,Y,,Solid/Sediment,Freshwater Taxonomy,,SURBER,,,,,,40,Number of Individual Organisms,,10/4/2018,,,33,Count,,,,,,,,,,,ID-COUNT-LEVEL2,,09LOW0325_18,,"Rhithron Associates Inc, Missoula MT",,Thienemannimyia Group,128078,,Larva,,,,
Warning,Ambient Monitoring,09MID1537,09MID1537,Sample,GovLocal,9/22/2020,,,,,8,ft2,,,,,,09MID1537_20,,N,,Y,,Solid/Sediment,Freshwater Taxonomy,,SURBER,,,,,,20,Number of Individual Organisms,,4/30/2021,,,4,Count,,,,,,,,,,,ID-COUNT-LEVEL2,,09MID1537_20,,"Rhithron Associates Inc, Missoula MT",,Zapada oregonensis Group,102591,,Larva,,,,
Warning,Ambient Monitoring,09MID1537,09MID1537,Sample,GovLocal,9/22/2020,,,,,8,ft2,,,,,,09MID1537_20,,N,,Y,,Solid/Sediment,Freshwater Taxonomy,,SURBER,,,,,,20,Number of Individual Organisms,,4/30/2021,,,11,Count,,,,,,,,,,,ID-COUNT-LEVEL2,,09MID1537_20,,"Rhithron Associates Inc, Missoula MT",,Baetis tricaudatus complex,100817,,Larva,,,,
Warning,Ambient Monitoring,09MID1537,09MID1537,Sample,GovLocal,9/26/2019,,,,,8,ft2,,,,,,09MID1537_19,,N,,Y,,Solid/Sediment,Freshwater Taxonomy,,SURBER,,,,,,40,Number of Individual Organisms,,12/18/2019,,,1,Count,,,,,,,,,,,ID-COUNT-LEVEL2,,09MID1537_19,,"Rhithron Associates Inc, Missoula MT",,Chamaedrilus,68510,,unknown,,,,
Warning,Ambient Monitoring,09MID1537,09MID1537,Sample,GovLocal,9/26/2019,,,,,8,ft2,,,,,,09MID1537_19,,N,,Y,,Solid/Sediment,Freshwater Taxonomy,,SURBER,,,,,,40,Number of Individual Organisms,,12/18/2019,,,2,Count,,,,,,,,,,,ID-COUNT-LEVEL2,,09MID1537_19,,"Rhithron Associates Inc, Missoula MT",,Pericomaini,125391,,Larva,,,,
Warning,Ambient Monitoring,09MID1537,09MID1537,Sample,GovLocal,9/26/2019,,,,,8,ft2,,,,,,09MID1537_19,,N,,Y,,Solid/Sediment,Freshwater Taxonomy,,SURBER,,,,,,40,Number of Individual Organisms,,12/18/2019,,,1,Count,,,,,,,,,,,ID-COUNT-LEVEL2,,09MID1537_19,,"Rhithron Associates Inc, Missoula MT",,Eloeophila,120030,,Larva,,,,
Warning,Ambient Monitoring,09MID1537,09MID1537,Sample,GovLocal,9/26/2019,,,,,8,ft2,,,,,,09MID1537_19,,N,,Y,,Solid/Sediment,Freshwater Taxonomy,,SURBER,,,,,,40,Number of Individual Organisms,,12/18/2019,,,10,Count,,,,,,,,,,,ID-COUNT-LEVEL2,,09MID1537_19,,"Rhithron Associates Inc, Missoula MT",,Baetis tricaudatus complex,100817,,Larva,,,,
Warning,Ambient Monitoring,09MID1744,09MID1744,Sample,GovLocal,8/8/2023,,,,,8,ft2,,,,,,09MID1744_23,,N,,Y,,Solid/Sediment,Freshwater Taxonomy,,SURBER,,,,,,36.67,Number of Individual Organisms,,5/17/2024,,,1,Count,,,,,,,,,,,ID-COUNT-LEVEL2,,09MID1744_23,,"Rhithron Associates Inc, Missoula MT",,Orthocladiinae Genus 5 (Coffman and Ferrington),128457,,Larva,,,,
Warning,Ambient Monitoring,09MID1744,09MID1744,Sample,GovLocal,8/8/2023,,,,,8,ft2,,,,,,09MID1744_23,,N,,Y,,Solid/Sediment,Freshwater Taxonomy,,SURBER,,,,,,36.67,Number of Individual Organisms,,5/17/2024,,,8,Count,,,,,,,,,,,ID-COUNT-LEVEL2,,09MID1744_23,,"Rhithron Associates Inc, Missoula MT",,Tvetenia bavarica Group,129197,,Larva,,,,
Warning,Ambient Monitoring,09MID1744,09MID1744,Sample,GovLocal,8/8/2023,,,,,8,ft2,,,,,,09MID1744_23,,N,,Y,,Solid/Sediment,Freshwater Taxonomy,,SURBER,,,,,,36.67,Number of Individual Organisms,,5/17/2024,,,1,Count,,,,,,,,,,,ID-COUNT-LEVEL2,,09MID1744_23,,"Rhithron Associates Inc, Missoula MT",,Zapada oregonensis Group,102591,,Larva,,,,
Warning,Ambient Monitoring,09MID1744,09MID1744,Sample,GovLocal,8/8/2023,,,,,8,ft2,,,,,,09MID1744_23,,N,,Y,,Solid/Sediment,Freshwater Taxonomy,,SURBER,,,,,,36.67,Number of Individual Organisms,,5/17/2024,,,1,Count,,,,,,,,,,,ID-COUNT-LEVEL2,,09MID1744_23,,"Rhithron Associates Inc, Missoula MT",,Rhyacophila angelita Group,115097,,Larva,,,,
Warning,Ambient Monitoring,09MID1744,09MID1744,Sample,GovLocal,8/8/2023,,,,,8,ft2,,,,,,09MID1744_23,,N,,Y,,Solid/Sediment,Freshwater Taxonomy,,SURBER,,,,,,36.67,Number of Individual Organisms,,5/17/2024,,,2,Count,,,,,,,,,,,ID-COUNT-LEVEL2,,09MID1744_23,,"Rhithron Associates Inc, Missoula MT",,Rhyacophila betteni Group,115097,,Larva,,,,
Warning,Ambient Monitoring,09MID1744,09MID1744,Sample,GovLocal,8/8/2023,,,,,8,ft2,,,,,,09MID1744_23,,N,,Y,,Solid/Sediment,Freshwater Taxonomy,,SURBER,,,,,,36.67,Number of Individual Organisms,,5/17/2024,,,1,Count,,,,,,,,,,,ID-COUNT-LEVEL2,,09MID1744_23,,"Rhithron Associates Inc, Missoula MT",,Rhyacophila brunnea/vemna Group,115097,,Larva,,,,
Warning,Ambient Monitoring,09MID1744,09MID1744,Sample,GovLocal,8/8/2023,,,,,8,ft2,,,,,,09MID1744_23,,N,,Y,,Solid/Sediment,Freshwater Taxonomy,,SURBER,,,,,,36.67,Number of Individual Organisms,,5/17/2024,,,111,Count,,,,,,,,,,,ID-COUNT-LEVEL2,,09MID1744_23,,"Rhithron Associates Inc, Missoula MT",,Baetis tricaudatus complex,100817,,Larva,,,,
Warning,Ambient Monitoring,09MID1744,09MID1744,Sample,GovLocal,8/1/2022,,,,,8,ft2,,,,,,09MID1744_22,,N,,Y,,Solid/Sediment,Freshwater Taxonomy,,SURBER,,,,,,60,Number of Individual Organisms,,5/23/2023,,,4,Count,,,,,,,,,,,ID-COUNT-LEVEL2,,09MID1744_22,,"Rhithron Associates Inc, Missoula MT",,Chamaedrilus,68510,,unknown,,,,
Warning,Ambient Monitoring,09MID1744,09MID1744,Sample,GovLocal,8/1/2022,,,,,8,ft2,,,,,,09MID1744_22,,N,,Y,,Solid/Sediment,Freshwater Taxonomy,,SURBER,,,,,,60,Number of Individual Organisms,,5/23/2023,,,4,Count,,,,,,,,,,,ID-COUNT-LEVEL2,,09MID1744_22,,"Rhithron Associates Inc, Missoula MT",,Tvetenia bavarica Group,129197,,Larva,,,,
Warning,Ambient Monitoring,09MID1744,09MID1744,Sample,GovLocal,8/1/2022,,,,,8,ft2,,,,,,09MID1744_22,,N,,Y,,Solid/Sediment,Freshwater Taxonomy,,SURBER,,,,,,60,Number of Individual Organisms,,5/23/2023,,,5,Count,,,,,,,,,,,ID-COUNT-LEVEL2,,09MID1744_22,,"Rhithron Associates Inc, Missoula MT",,Zapada oregonensis Group,102591,,Larva,,,,
Warning,Ambient Monitoring,09MID1744,09MID1744,Sample,GovLocal,8/1/2022,,,,,8,ft2,,,,,,09MID1744_22,,N,,Y,,Solid/Sediment,Freshwater Taxonomy,,SURBER,,,,,,60,Number of Individual Organisms,,5/23/2023,,,3,Count,,,,,,,,,,,ID-COUNT-LEVEL2,,09MID1744_22,,"Rhithron Associates Inc, Missoula MT",,Rhyacophila betteni Group,115097,,Larva,,,,
Warning,Ambient Monitoring,09MID1744,09MID1744,Sample,GovLocal,8/1/2022,,,,,8,ft2,,,,,,09MID1744_22,,N,,Y,,Solid/Sediment,Freshwater Taxonomy,,SURBER,,,,,,60,Number of Individual Organisms,,5/23/2023,,,6,Count,,,,,,,,,,,ID-COUNT-LEVEL2,,09MID1744_22,,"Rhithron Associates Inc, Missoula MT",,Rhyacophila brunnea/vemna Group,115097,,Larva,,,,
Warning,Ambient Monitoring,09MID1744,09MID1744,Sample,GovLocal,8/1/2022,,,,,8,ft2,,,,,,09MID1744_22,,N,,Y,,Solid/Sediment,Freshwater Taxonomy,,SURBER,,,,,,60,Number of Individual Organisms,,5/23/2023,,,1,Count,,,,,,,,,,,ID-COUNT-LEVEL2,,09MID1744_22,,"Rhithron Associates Inc, Missoula MT",,Rhyacophila hyalinata Group,115097,,Larva,,,,
Warning,Ambient Monitoring,09MID1744,09MID1744,Sample,GovLocal,8/1/2022,,,,,8,ft2,,,,,,09MID1744_22,,N,,Y,,Solid/Sediment,Freshwater Taxonomy,,SURBER,,,,,,60,Number of Individual Organisms,,5/23/2023,,,114,Count,,,,,,,,,,,ID-COUNT-LEVEL2,,09MID1744_22,,"Rhithron Associates Inc, Missoula MT",,Baetis tricaudatus complex,100817,,Larva,,,,
Warning,Ambient Monitoring,09MID1817,09MID1817,Sample,GovLocal,8/17/2022,,,,,8,ft2,,,,,,09MID1817_22,,N,,Y,,Solid/Sediment,Freshwater Taxonomy,,SURBER,,,,,,53.33,Number of Individual Organisms,,5/19/2023,,,5,Count,,,,,,,,,,,ID-COUNT-LEVEL2,,09MID1817_22,,"Rhithron Associates Inc, Missoula MT",,Tvetenia bavarica Group,129197,,Larva,,,,
Warning,Ambient Monitoring,09MID1817,09MID1817,Sample,GovLocal,8/17/2022,,,,,8,ft2,,,,,,09MID1817_22,,N,,Y,,Solid/Sediment,Freshwater Taxonomy,,SURBER,,,,,,53.33,Number of Individual Organisms,,5/19/2023,,,3,Count,,,,,,,,,,,ID-COUNT-LEVEL2,,09MID1817_22,,"Rhithron Associates Inc, Missoula MT",,Rhyacophila betteni Group,115097,,Larva,,,,
Warning,Ambient Monitoring,09MID1817,09MID1817,Sample,GovLocal,8/17/2022,,,,,8,ft2,,,,,,09MID1817_22,,N,,Y,,Solid/Sediment,Freshwater Taxonomy,,SURBER,,,,,,53.33,Number of Individual Organisms,,5/19/2023,,,1,Count,,,,,,,,,,,ID-COUNT-LEVEL2,,09MID1817_22,,"Rhithron Associates Inc, Missoula MT",,Rhyacophila brunnea/vemna Group,115097,,Larva,,,,
Warning,Ambient Monitoring,09MID1817,09MID1817,Sample,GovLocal,7/19/2021,,,,,8,ft2,,,,,,09MID1817_21,,N,,Y,,Solid/Sediment,Freshwater Taxonomy,,SURBER,,,,,,70,Number of Individual Organisms,,10/20/2021,,,2,Count,,,,,,,,,,,ID-COUNT-LEVEL2,,09MID1817_21,,"Rhithron Associates Inc, Missoula MT",,Chamaedrilus,68510,,unknown,,,,
Warning,Ambient Monitoring,09MID1817,09MID1817,Sample,GovLocal,7/19/2021,,,,,8,ft2,,,,,,09MID1817_21,,N,,Y,,Solid/Sediment,Freshwater Taxonomy,,SURBER,,,,,,70,Number of Individual Organisms,,10/20/2021,,,1,Count,,,,,,,,,,,ID-COUNT-LEVEL2,,09MID1817_21,,"Rhithron Associates Inc, Missoula MT",,Monatractides,83249,,Adult,,,,
Warning,Ambient Monitoring,09MID1817,09MID1817,Sample,GovLocal,7/19/2021,,,,,8,ft2,,,,,,09MID1817_21,,N,,Y,,Solid/Sediment,Freshwater Taxonomy,,SURBER,,,,,,70,Number of Individual Organisms,,10/20/2021,,,1,Count,,,,,,,,,,,ID-COUNT-LEVEL2,,09MID1817_21,,"Rhithron Associates Inc, Missoula MT",,Empididae Genus B,0,,Larva,,,,
Warning,Ambient Monitoring,09MID1817,09MID1817,Sample,GovLocal,7/19/2021,,,,,8,ft2,,,,,,09MID1817_21,,N,,Y,,Solid/Sediment,Freshwater Taxonomy,,SURBER,,,,,,70,Number of Individual Organisms,,10/20/2021,,,1,Count,,,,,,,,,,,ID-COUNT-LEVEL2,,09MID1817_21,,"Rhithron Associates Inc, Missoula MT",,Thienemannimyia Group,128078,,Larva,,,,
Warning,Ambient Monitoring,09MID1817,09MID1817,Sample,GovLocal,7/19/2021,,,,,8,ft2,,,,,,09MID1817_21,,N,,Y,,Solid/Sediment,Freshwater Taxonomy,,SURBER,,,,,,70,Number of Individual Organisms,,10/20/2021,,,1,Count,,,,,,,,,,,ID-COUNT-LEVEL2,,09MID1817_21,,"Rhithron Associates Inc, Missoula MT",,Rhyacophila betteni Group,115097,,Larva,,,,
Warning,Ambient Monitoring,09MID1817,09MID1817,Sample,GovLocal,7/19/2021,,,,,8,ft2,,,,,,09MID1817_21,,N,,Y,,Solid/Sediment,Freshwater Taxonomy,,SURBER,,,,,,70,Number of Individual Organisms,,10/20/2021,,,1,Count,,,,,,,,,,,ID-COUNT-LEVEL2,,09MID1817_21,,"Rhithron Associates Inc, Missoula MT",,Rhyacophila brunnea/vemna Group,115097,,Larva,,,,
Warning,Ambient Monitoring,09MID1817,09MID1817,Sample,GovLocal,8/3/2020,,,,,8,ft2,,,,,,09MID1817_20,,N,,Y,,Solid/Sediment,Freshwater Taxonomy,,SURBER,,,,,,60,Number of Individual Organisms,,4/30/2021,,,1,Count,,,,,,,,,,,ID-COUNT-LEVEL2,,09MID1817_20,,"Rhithron Associates Inc, Missoula MT",,Chamaedrilus,68510,,unknown,,,,
Warning,Ambient Monitoring,09MID1817,09MID1817,Sample,GovLocal,8/15/2016,,,,,8,ft2,,,,,,09MID1817_16,,N,,Y,,Solid/Sediment,Freshwater Taxonomy,,SURBER,,,,,,16.67,Number of Individual Organisms,,11/21/2016,,,2,Count,,,,,,,,,,,ID-COUNT-LEVEL2,,09MID1817_16,,"Rhithron Associates Inc, Missoula MT",,Tvetenia bavarica Group,129197,,Larva,,,,
Warning,Ambient Monitoring,09MID1817,09MID1817,Sample,GovLocal,8/15/2016,,,,,8,ft2,,,,,,09MID1817_16,,N,,Y,,Solid/Sediment,Freshwater Taxonomy,,SURBER,,,,,,16.67,Number of Individual Organisms,,11/21/2016,,,2,Count,,,,,,,,,,,ID-COUNT-LEVEL2,,09MID1817_16,,"Rhithron Associates Inc, Missoula MT",,Zapada oregonensis Group,102591,,Larva,,,,
Warning,Ambient Monitoring,09MID1817,09MID1817,Sample,GovLocal,8/15/2016,,,,,8,ft2,,,,,,09MID1817_16,,N,,Y,,Solid/Sediment,Freshwater Taxonomy,,SURBER,,,,,,16.67,Number of Individual Organisms,,11/21/2016,,,1,Count,,,,,,,,,,,ID-COUNT-LEVEL2,,09MID1817_16,,"Rhithron Associates Inc, Missoula MT",,Rhyacophila brunnea/vemna Group,115097,,Larva,,,,
Warning,Ambient Monitoring,09MID1817,09MID1817,Sample,GovLocal,9/3/2015,,,,,8,ft2,,,,,,09MID1817_15,,N,,Y,,Solid/Sediment,Freshwater Taxonomy,,SURBER,,,,,,73.33,Number of Individual Organisms,,4/22/2016,,,2,Count,,,,,,,,,,,ID-COUNT-LEVEL2,,09MID1817_15,,"Rhithron Associates Inc, Missoula MT",,Monatractides,83249,,Adult,,,,
Warning,Ambient Monitoring,09MID1817,09MID1817,Sample,GovLocal,9/3/2015,,,,,8,ft2,,,,,,09MID1817_15,,N,,Y,,Solid/Sediment,Freshwater Taxonomy,,SURBER,,,,,,73.33,Number of Individual Organisms,,4/22/2016,,,2,Count,,,,,,,,,,,ID-COUNT-LEVEL2,,09MID1817_15,,"Rhithron Associates Inc, Missoula MT",,Tvetenia bavarica Group,129197,,Larva,,,,
Warning,Ambient Monitoring,09MID1817,09MID1817,Sample,GovLocal,9/3/2015,,,,,8,ft2,,,,,,09MID1817_15,,N,,Y,,Solid/Sediment,Freshwater Taxonomy,,SURBER,,,,,,73.33,Number of Individual Organisms,,4/22/2016,,,9,Count,,,,,,,,,,,ID-COUNT-LEVEL2,,09MID1817_15,,"Rhithron Associates Inc, Missoula MT",,Rhyacophila brunnea/vemna Group,115097,,Larva,,,,
Warning,Ambient Monitoring,09MID1817,09MID1817,Sample,GovLocal,9/3/2015,,,,,8,ft2,,,,,,09MID1817_15,,N,,Y,,Solid/Sediment,Freshwater Taxonomy,,SURBER,,,,,,73.33,Number of Individual Organisms,,4/22/2016,,,1,Count,,,,,,,,,,,ID-COUNT-LEVEL2,,09MID1817_15,,"Rhithron Associates Inc, Missoula MT",,Rhyacophila hyalinata Group,115097,,Larva,,,,
Warning,Ambient Monitoring,09MID2426,09MID2426,Sample,GovLocal,8/21/2024,,,,,8,ft2,,,,,,09MID2426_24,,N,,Y,,Solid/Sediment,Freshwater Taxonomy,,SURBER,,,,,,23.33,Number of Individual Organisms,,2/5/2025,,,3,Count,,,,,,,,,,,ID-COUNT-LEVEL2,,09MID2426_24,,"Rhithron Associates Inc, Missoula MT",,Tvetenia bavarica Group,129197,,Larva,,,,
Warning,Ambient Monitoring,09MID2426,09MID2426,Sample,GovLocal,10/5/2021,,,,,8,ft2,,,,,,09MID2426_21,,N,,Y,,Solid/Sediment,Freshwater Taxonomy,,SURBER,,,,,,46.67,Number of Individual Organisms,,12/17/2021,,,2,Count,,,,,,,,,,,ID-COUNT-LEVEL2,,09MID2426_21,,"Rhithron Associates Inc, Missoula MT",,Rhyacophila brunnea/vemna Group,115097,,Larva,,,,
Warning,Ambient Monitoring,09MID2426,09MID2426,Sample,GovLocal,10/5/2021,,,,,8,ft2,,,,,,09MID2426_21,,N,,Y,,Solid/Sediment,Freshwater Taxonomy,,SURBER,,,,,,46.67,Number of Individual Organisms,,12/17/2021,,,2,Count,,,,,,,,,,,ID-COUNT-LEVEL2,,09MID2426_21,,"Rhithron Associates Inc, Missoula MT",,Baetis tricaudatus complex,100817,,Larva,,,,
Warning,Ambient Monitoring,09MID2426,09MID2426,Sample,GovLocal,10/5/2021,,,,,8,ft2,,,,,,09MID2426_21,,N,,Y,,Solid/Sediment,Freshwater Taxonomy,,SURBER,,,,,,46.67,Number of Individual Organisms,,12/17/2021,,,1,Count,,,,,,,,,,,ID-COUNT-LEVEL2,,09MID2426_21,,"Rhithron Associates Inc, Missoula MT",,Truncatelloidea,69459,,unknown,,,,
Warning,Ambient Monitoring,09MID2426,09MID2426,Sample,GovLocal,9/23/2020,,,,,8,ft2,,,,,,09MID2426_20,,N,,Y,,Solid/Sediment,Freshwater Taxonomy,,SURBER,,,,,,23.33,Number of Individual Organisms,,4/30/2021,,,28,Count,,,,,,,,,,,ID-COUNT-LEVEL2,,09MID2426_20,,"Rhithron Associates Inc, Missoula MT",,Chamaedrilus,68510,,unknown,,,,
Warning,Ambient Monitoring,09MID2426,09MID2426,Sample,GovLocal,9/23/2020,,,,,8,ft2,,,,,,09MID2426_20,,N,,Y,,Solid/Sediment,Freshwater Taxonomy,,SURBER,,,,,,23.33,Number of Individual Organisms,,4/30/2021,,,1,Count,,,,,,,,,,,ID-COUNT-LEVEL2,,09MID2426_20,,"Rhithron Associates Inc, Missoula MT",,Monatractides,83249,,Adult,,,,
Warning,Ambient Monitoring,09MID2426,09MID2426,Sample,GovLocal,9/23/2020,,,,,8,ft2,,,,,,09MID2426_20,,N,,Y,,Solid/Sediment,Freshwater Taxonomy,,SURBER,,,,,,23.33,Number of Individual Organisms,,4/30/2021,,,8,Count,,,,,,,,,,,ID-COUNT-LEVEL2,,09MID2426_20,,"Rhithron Associates Inc, Missoula MT",,Tvetenia bavarica Group,129197,,Larva,,,,
Warning,Ambient Monitoring,09MID2426,09MID2426,Sample,GovLocal,9/23/2020,,,,,8,ft2,,,,,,09MID2426_20,,N,,Y,,Solid/Sediment,Freshwater Taxonomy,,SURBER,,,,,,23.33,Number of Individual Organisms,,4/30/2021,,,5,Count,,,,,,,,,,,ID-COUNT-LEVEL2,,09MID2426_20,,"Rhithron Associates Inc, Missoula MT",,Zapada oregonensis Group,102591,,Larva,,,,
Warning,Ambient Monitoring,09MID2426,09MID2426,Sample,GovLocal,9/23/2020,,,,,8,ft2,,,,,,09MID2426_20,,N,,Y,,Solid/Sediment,Freshwater Taxonomy,,SURBER,,,,,,23.33,Number of Individual Organisms,,4/30/2021,,,2,Count,,,,,,,,,,,ID-COUNT-LEVEL2,,09MID2426_20,,"Rhithron Associates Inc, Missoula MT",,Rhyacophila betteni Group,115097,,Larva,,,,
Warning,Ambient Monitoring,09MID2426,09MID2426,Sample,GovLocal,9/23/2020,,,,,8,ft2,,,,,,09MID2426_20,,N,,Y,,Solid/Sediment,Freshwater Taxonomy,,SURBER,,,,,,23.33,Number of Individual Organisms,,4/30/2021,,,1,Count,,,,,,,,,,,ID-COUNT-LEVEL2,,09MID2426_20,,"Rhithron Associates Inc, Missoula MT",,Rhyacophila hyalinata Group,115097,,Larva,,,,
Warning,Ambient Monitoring,09MID2426,09MID2426,Sample,GovLocal,9/23/2020,,,,,8,ft2,,,,,,09MID2426_20,,N,,Y,,Solid/Sediment,Freshwater Taxonomy,,SURBER,,,,,,23.33,Number of Individual Organisms,,4/30/2021,,,46,Count,,,,,,,,,,,ID-COUNT-LEVEL2,,09MID2426_20,,"Rhithron Associates Inc, Missoula MT",,Baetis tricaudatus complex,100817,,Larva,,,,
Warning,Ambient Monitoring,09MID2426,09MID2426,Sample,GovLocal,9/30/2019,,,,,8,ft2,,,,,,09MID2426_19,,N,,Y,,Solid/Sediment,Freshwater Taxonomy,,SURBER,,,,,,66.67,Number of Individual Organisms,,12/18/2019,,,137,Count,,,,,,,,,,,ID-COUNT-LEVEL2,,09MID2426_19,,"Rhithron Associates Inc, Missoula MT",,Chamaedrilus,68510,,unknown,,,,
Warning,Ambient Monitoring,09MID2426,09MID2426,Sample,GovLocal,9/30/2019,,,,,8,ft2,,,,,,09MID2426_19,,N,,Y,,Solid/Sediment,Freshwater Taxonomy,,SURBER,,,,,,66.67,Number of Individual Organisms,,12/18/2019,,,1,Count,,,,,,,,,,,ID-COUNT-LEVEL2,,09MID2426_19,,"Rhithron Associates Inc, Missoula MT",,Empididae Genus B,0,,Larva,,,,
Warning,Ambient Monitoring,09MID2426,09MID2426,Sample,GovLocal,9/30/2019,,,,,8,ft2,,,,,,09MID2426_19,,N,,Y,,Solid/Sediment,Freshwater Taxonomy,,SURBER,,,,,,66.67,Number of Individual Organisms,,12/18/2019,,,2,Count,,,,,,,,,,,ID-COUNT-LEVEL2,,09MID2426_19,,"Rhithron Associates Inc, Missoula MT",,Tvetenia bavarica Group,129197,,Larva,,,,
Warning,Ambient Monitoring,09MID2426,09MID2426,Sample,GovLocal,9/30/2019,,,,,8,ft2,,,,,,09MID2426_19,,N,,Y,,Solid/Sediment,Freshwater Taxonomy,,SURBER,,,,,,66.67,Number of Individual Organisms,,12/18/2019,,,1,Count,,,,,,,,,,,ID-COUNT-LEVEL2,,09MID2426_19,,"Rhithron Associates Inc, Missoula MT",,Pericomaini,125391,,Larva,,,,
Warning,Ambient Monitoring,09MID2426,09MID2426,Sample,GovLocal,9/16/2015,,,,,8,ft2,,,,,,09MID2426_15,,N,,Y,,Solid/Sediment,Freshwater Taxonomy,,SURBER,,,,,,73.33,Number of Individual Organisms,,4/22/2016,,,3,Count,,,,,,,,,,,ID-COUNT-LEVEL2,,09MID2426_15,,"Rhithron Associates Inc, Missoula MT",,Tvetenia bavarica Group,129197,,Larva,,,,
Warning,Ambient Monitoring,09MID2426,09MID2426,Sample,GovLocal,9/16/2015,,,,,8,ft2,,,,,,09MID2426_15,,N,,Y,,Solid/Sediment,Freshwater Taxonomy,,SURBER,,,,,,73.33,Number of Individual Organisms,,4/22/2016,,,1,Count,,,,,,,,,,,ID-COUNT-LEVEL2,,09MID2426_15,,"Rhithron Associates Inc, Missoula MT",,Zapada oregonensis Group,102591,,Larva,,,,
Warning,Ambient Monitoring,09MID2426,09MID2426,Sample,GovLocal,9/16/2015,,,,,8,ft2,,,,,,09MID2426_15,,N,,Y,,Solid/Sediment,Freshwater Taxonomy,,SURBER,,,,,,73.33,Number of Individual Organisms,,4/22/2016,,,20,Count,,,,,,,,,,,ID-COUNT-LEVEL2,,09MID2426_15,,"Rhithron Associates Inc, Missoula MT",,Rhyacophila brunnea/vemna Group,115097,,Larva,,,,
Warning,Ambient Monitoring,09MID1958,09MID1958,Sample,GovLocal,8/8/2024,,,,,8,ft2,,,,,,09MID1958_24,,N,,Y,,Solid/Sediment,Freshwater Taxonomy,,SURBER,,,,,,13.33,Number of Individual Organisms,,2/5/2025,,,17,Count,,,,,,,,,,,ID-COUNT-LEVEL2,,09MID1958_24,,"Rhithron Associates Inc, Missoula MT",,Tvetenia bavarica Group,129197,,Larva,,,,
Warning,Ambient Monitoring,09MID1958,09MID1958,Sample,GovLocal,8/8/2024,,,,,8,ft2,,,,,,09MID1958_24,,N,,Y,,Solid/Sediment,Freshwater Taxonomy,,SURBER,,,,,,13.33,Number of Individual Organisms,,2/5/2025,,,1,Count,,,,,,,,,,,ID-COUNT-LEVEL2,,09MID1958_24,,"Rhithron Associates Inc, Missoula MT",,Zapada oregonensis Group,102591,,Larva,,,,
Warning,Ambient Monitoring,09MID1958,09MID1958,Sample,GovLocal,8/8/2024,,,,,8,ft2,,,,,,09MID1958_24,,N,,Y,,Solid/Sediment,Freshwater Taxonomy,,SURBER,,,,,,13.33,Number of Individual Organisms,,2/5/2025,,,3,Count,,,,,,,,,,,ID-COUNT-LEVEL2,,09MID1958_24,,"Rhithron Associates Inc, Missoula MT",,Rhyacophila betteni Group,115097,,Larva,,,,
Warning,Ambient Monitoring,09MID1958,09MID1958,Sample,GovLocal,8/8/2024,,,,,8,ft2,,,,,,09MID1958_24,,N,,Y,,Solid/Sediment,Freshwater Taxonomy,,SURBER,,,,,,13.33,Number of Individual Organisms,,2/5/2025,,,1,Count,,,,,,,,,,,ID-COUNT-LEVEL2,,09MID1958_24,,"Rhithron Associates Inc, Missoula MT",,Rhyacophila brunnea/vemna Group,115097,,Larva,,,,
Warning,Ambient Monitoring,09MID1958,09MID1958,Sample,GovLocal,8/8/2024,,,,,8,ft2,,,,,,09MID1958_24,,N,,Y,,Solid/Sediment,Freshwater Taxonomy,,SURBER,,,,,,13.33,Number of Individual Organisms,,2/5/2025,,,68,Count,,,,,,,,,,,ID-COUNT-LEVEL2,,09MID1958_24,,"Rhithron Associates Inc, Missoula MT",,Baetis tricaudatus complex,100817,,Larva,,,,
Warning,Ambient Monitoring,09MID1958,09MID1958,Sample,GovLocal,8/1/2022,,,,,8,ft2,,,,,,09MID1958_22,,N,,Y,,Solid/Sediment,Freshwater Taxonomy,,SURBER,,,,,,36.67,Number of Individual Organisms,,5/23/2023,,,2,Count,,,,,,,,,,,ID-COUNT-LEVEL2,,09MID1958_22,,"Rhithron Associates Inc, Missoula MT",,Chamaedrilus,68510,,unknown,,,,
Warning,Ambient Monitoring,09MID1958,09MID1958,Sample,GovLocal,8/1/2022,,,,,8,ft2,,,,,,09MID1958_22,,N,,Y,,Solid/Sediment,Freshwater Taxonomy,,SURBER,,,,,,36.67,Number of Individual Organisms,,5/23/2023,,,3,Count,,,,,,,,,,,ID-COUNT-LEVEL2,,09MID1958_22,,"Rhithron Associates Inc, Missoula MT",,Oropuella,128457,,Larva,,,,
Warning,Ambient Monitoring,09MID1958,09MID1958,Sample,GovLocal,8/1/2022,,,,,8,ft2,,,,,,09MID1958_22,,N,,Y,,Solid/Sediment,Freshwater Taxonomy,,SURBER,,,,,,36.67,Number of Individual Organisms,,5/23/2023,,,4,Count,,,,,,,,,,,ID-COUNT-LEVEL2,,09MID1958_22,,"Rhithron Associates Inc, Missoula MT",,Tvetenia bavarica Group,129197,,Larva,,,,
Warning,Ambient Monitoring,09MID1958,09MID1958,Sample,GovLocal,8/1/2022,,,,,8,ft2,,,,,,09MID1958_22,,N,,Y,,Solid/Sediment,Freshwater Taxonomy,,SURBER,,,,,,36.67,Number of Individual Organisms,,5/23/2023,,,1,Count,,,,,,,,,,,ID-COUNT-LEVEL2,,09MID1958_22,,"Rhithron Associates Inc, Missoula MT",,Helodon,126640,,Larva,,,,
Warning,Ambient Monitoring,09MID1958,09MID1958,Sample,GovLocal,8/1/2022,,,,,8,ft2,,,,,,09MID1958_22,,N,,Y,,Solid/Sediment,Freshwater Taxonomy,,SURBER,,,,,,36.67,Number of Individual Organisms,,5/23/2023,,,9,Count,,,,,,,,,,,ID-COUNT-LEVEL2,,09MID1958_22,,"Rhithron Associates Inc, Missoula MT",,Rhyacophila betteni Group,115097,,Larva,,,,
Warning,Ambient Monitoring,09MID1958,09MID1958,Sample,GovLocal,8/4/2015,,,,,8,ft2,,,,,,09MID1958_15,,N,,Y,,Solid/Sediment,Freshwater Taxonomy,,SURBER,,,,,,63.33,Number of Individual Organisms,,4/22/2016,,,5,Count,,,,,,,,,,,ID-COUNT-LEVEL2,,09MID1958_15,,"Rhithron Associates Inc, Missoula MT",,Rhyacophila betteni Group,115097,,Larva,,,,
Warning,Ambient Monitoring,09MID1958,09MID1958,Sample,GovLocal,8/4/2015,,,,,8,ft2,,,,,,09MID1958_15,,N,,Y,,Solid/Sediment,Freshwater Taxonomy,,SURBER,,,,,,63.33,Number of Individual Organisms,,4/22/2016,,,1,Count,,,,,,,,,,,ID-COUNT-LEVEL2,,09MID1958_15,,"Rhithron Associates Inc, Missoula MT",,Rhyacophila brunnea/vemna Group,115097,,Larva,,,,
Warning,Ambient Monitoring,09MID1958,09MID1958,Sample,GovLocal,8/4/2015,,,,,8,ft2,,,,,,09MID1958_15,,N,,Y,,Solid/Sediment,Freshwater Taxonomy,,SURBER,,,,,,63.33,Number of Individual Organisms,,4/22/2016,,,13,Count,,,,,,,,,,,ID-COUNT-LEVEL2,,09MID1958_15,,"Rhithron Associates Inc, Missoula MT",,Baetis tricaudatus complex,100817,,Larva,,,,
Warning,Ambient Monitoring,09MID1374,09MID1374,Sample,GovLocal,8/27/2024,,,,,8,ft2,,,,,,09MID1374_24,,N,,Y,,Solid/Sediment,Freshwater Taxonomy,,SURBER,,,,,,16.67,Number of Individual Organisms,,2/5/2025,,,26,Count,,,,,,,,,,,ID-COUNT-LEVEL2,,09MID1374_24,,"Rhithron Associates Inc, Missoula MT",,Tvetenia bavarica Group,129197,,Larva,,,,
Warning,Ambient Monitoring,09MID1374,09MID1374,Sample,GovLocal,8/27/2024,,,,,8,ft2,,,,,,09MID1374_24,,N,,Y,,Solid/Sediment,Freshwater Taxonomy,,SURBER,,,,,,16.67,Number of Individual Organisms,,2/5/2025,,,1,Count,,,,,,,,,,,ID-COUNT-LEVEL2,,09MID1374_24,,"Rhithron Associates Inc, Missoula MT",,Pericomaini,125391,,Larva,,,,
Warning,Ambient Monitoring,09MID1374,09MID1374,Sample,GovLocal,8/27/2024,,,,,8,ft2,,,,,,09MID1374_24,,N,,Y,,Solid/Sediment,Freshwater Taxonomy,,SURBER,,,,,,16.67,Number of Individual Organisms,,2/5/2025,,,12,Count,,,,,,,,,,,ID-COUNT-LEVEL2,,09MID1374_24,,"Rhithron Associates Inc, Missoula MT",,Zapada oregonensis Group,102591,,Larva,,,,
Warning,Ambient Monitoring,09MID1374,09MID1374,Sample,GovLocal,8/27/2024,,,,,8,ft2,,,,,,09MID1374_24,,N,,Y,,Solid/Sediment,Freshwater Taxonomy,,SURBER,,,,,,16.67,Number of Individual Organisms,,2/5/2025,,,10,Count,,,,,,,,,,,ID-COUNT-LEVEL2,,09MID1374_24,,"Rhithron Associates Inc, Missoula MT",,Rhyacophila betteni Group,115097,,Larva,,,,
Warning,Ambient Monitoring,09MID1374,09MID1374,Sample,GovLocal,8/27/2024,,,,,8,ft2,,,,,,09MID1374_24,,N,,Y,,Solid/Sediment,Freshwater Taxonomy,,SURBER,,,,,,16.67,Number of Individual Organisms,,2/5/2025,,,8,Count,,,,,,,,,,,ID-COUNT-LEVEL2,,09MID1374_24,,"Rhithron Associates Inc, Missoula MT",,Rhyacophila brunnea/vemna Group,115097,,Larva,,,,
Warning,Ambient Monitoring,09MID1374,09MID1374,Sample,GovLocal,8/27/2024,,,,,8,ft2,,,,,,09MID1374_24,,N,,Y,,Solid/Sediment,Freshwater Taxonomy,,SURBER,,,,,,16.67,Number of Individual Organisms,,2/5/2025,,,55,Count,,,,,,,,,,,ID-COUNT-LEVEL2,,09MID1374_24,,"Rhithron Associates Inc, Missoula MT",,Baetis tricaudatus complex,100817,,Larva,,,,
Warning,Ambient Monitoring,09MID1374,09MID1374,Sample,GovLocal,7/29/2020,,,,,8,ft2,,,,,,09MID1374_20,,N,,Y,,Solid/Sediment,Freshwater Taxonomy,,SURBER,,,,,,83.33,Number of Individual Organisms,,4/30/2021,,,5,Count,,,,,,,,,,,ID-COUNT-LEVEL2,,09MID1374_20,,"Rhithron Associates Inc, Missoula MT",,Tvetenia bavarica Group,129197,,Larva,,,,
Warning,Ambient Monitoring,09MID1374,09MID1374,Sample,GovLocal,7/29/2020,,,,,8,ft2,,,,,,09MID1374_20,,N,,Y,,Solid/Sediment,Freshwater Taxonomy,,SURBER,,,,,,83.33,Number of Individual Organisms,,4/30/2021,,,5,Count,,,,,,,,,,,ID-COUNT-LEVEL2,,09MID1374_20,,"Rhithron Associates Inc, Missoula MT",,Pericomaini,125391,,Larva,,,,
Warning,Ambient Monitoring,09MID1374,09MID1374,Sample,GovLocal,7/29/2020,,,,,8,ft2,,,,,,09MID1374_20,,N,,Y,,Solid/Sediment,Freshwater Taxonomy,,SURBER,,,,,,83.33,Number of Individual Organisms,,4/30/2021,,,1,Count,,,,,,,,,,,ID-COUNT-LEVEL2,,09MID1374_20,,"Rhithron Associates Inc, Missoula MT",,Zapada oregonensis Group,102591,,Larva,,,,
Warning,Ambient Monitoring,09MID1374,09MID1374,Sample,GovLocal,7/29/2020,,,,,8,ft2,,,,,,09MID1374_20,,N,,Y,,Solid/Sediment,Freshwater Taxonomy,,SURBER,,,,,,83.33,Number of Individual Organisms,,4/30/2021,,,1,Count,,,,,,,,,,,ID-COUNT-LEVEL2,,09MID1374_20,,"Rhithron Associates Inc, Missoula MT",,Rhyacophila angelita Group,115097,,Larva,,,,
Warning,Ambient Monitoring,09MID1374,09MID1374,Sample,GovLocal,7/29/2020,,,,,8,ft2,,,,,,09MID1374_20,,N,,Y,,Solid/Sediment,Freshwater Taxonomy,,SURBER,,,,,,83.33,Number of Individual Organisms,,4/30/2021,,,3,Count,,,,,,,,,,,ID-COUNT-LEVEL2,,09MID1374_20,,"Rhithron Associates Inc, Missoula MT",,Rhyacophila betteni Group,115097,,Larva,,,,
Warning,Ambient Monitoring,09MID1374,09MID1374,Sample,GovLocal,7/29/2020,,,,,8,ft2,,,,,,09MID1374_20,,N,,Y,,Solid/Sediment,Freshwater Taxonomy,,SURBER,,,,,,83.33,Number of Individual Organisms,,4/30/2021,,,14,Count,,,,,,,,,,,ID-COUNT-LEVEL2,,09MID1374_20,,"Rhithron Associates Inc, Missoula MT",,Rhyacophila brunnea/vemna Group,115097,,Larva,,,,
Warning,Ambient Monitoring,09MID1374,09MID1374,Sample,GovLocal,7/29/2020,,,,,8,ft2,,,,,,09MID1374_20,,N,,Y,,Solid/Sediment,Freshwater Taxonomy,,SURBER,,,,,,83.33,Number of Individual Organisms,,4/30/2021,,,134,Count,,,,,,,,,,,ID-COUNT-LEVEL2,,09MID1374_20,,"Rhithron Associates Inc, Missoula MT",,Baetis tricaudatus complex,100817,,Larva,,,,
Warning,Ambient Monitoring,09MID1374,09MID1374,Sample,GovLocal,8/7/2019,,,,,8,ft2,,,,,,09MID1374_19,,N,,Y,,Solid/Sediment,Freshwater Taxonomy,,SURBER,,,,,,93.33,Number of Individual Organisms,,11/4/2019,,,4,Count,,,,,,,,,,,ID-COUNT-LEVEL2,,09MID1374_19,,"Rhithron Associates Inc, Missoula MT",,Tvetenia bavarica Group,129197,,Larva,,,,
Warning,Ambient Monitoring,09MID1374,09MID1374,Sample,GovLocal,8/7/2019,,,,,8,ft2,,,,,,09MID1374_19,,N,,Y,,Solid/Sediment,Freshwater Taxonomy,,SURBER,,,,,,93.33,Number of Individual Organisms,,11/4/2019,,,1,Count,,,,,,,,,,,ID-COUNT-LEVEL2,,09MID1374_19,,"Rhithron Associates Inc, Missoula MT",,Thienemannimyia Group,128078,,Larva,,,,
Warning,Ambient Monitoring,09MID1374,09MID1374,Sample,GovLocal,8/7/2019,,,,,8,ft2,,,,,,09MID1374_19,,N,,Y,,Solid/Sediment,Freshwater Taxonomy,,SURBER,,,,,,93.33,Number of Individual Organisms,,11/4/2019,,,5,Count,,,,,,,,,,,ID-COUNT-LEVEL2,,09MID1374_19,,"Rhithron Associates Inc, Missoula MT",,Pericomaini,125391,,Larva,,,,
Warning,Ambient Monitoring,09MID1374,09MID1374,Sample,GovLocal,8/7/2019,,,,,8,ft2,,,,,,09MID1374_19,,N,,Y,,Solid/Sediment,Freshwater Taxonomy,,SURBER,,,,,,93.33,Number of Individual Organisms,,11/4/2019,,,1,Count,,,,,,,,,,,ID-COUNT-LEVEL2,,09MID1374_19,,"Rhithron Associates Inc, Missoula MT",,Rhyacophila angelita Group,115097,,Larva,,,,
Warning,Ambient Monitoring,09MID1374,09MID1374,Sample,GovLocal,8/7/2019,,,,,8,ft2,,,,,,09MID1374_19,,N,,Y,,Solid/Sediment,Freshwater Taxonomy,,SURBER,,,,,,93.33,Number of Individual Organisms,,11/4/2019,,,1,Count,,,,,,,,,,,ID-COUNT-LEVEL2,,09MID1374_19,,"Rhithron Associates Inc, Missoula MT",,Rhyacophila betteni Group,115097,,Larva,,,,
Warning,Ambient Monitoring,09MID1374,09MID1374,Sample,GovLocal,8/7/2019,,,,,8,ft2,,,,,,09MID1374_19,,N,,Y,,Solid/Sediment,Freshwater Taxonomy,,SURBER,,,,,,93.33,Number of Individual Organisms,,11/4/2019,,,4,Count,,,,,,,,,,,ID-COUNT-LEVEL2,,09MID1374_19,,"Rhithron Associates Inc, Missoula MT",,Rhyacophila brunnea/vemna Group,115097,,Larva,,,,
Warning,Ambient Monitoring,09MID1374,09MID1374,Sample,GovLocal,8/7/2019,,,,,8,ft2,,,,,,09MID1374_19,,N,,Y,,Solid/Sediment,Freshwater Taxonomy,,SURBER,,,,,,93.33,Number of Individual Organisms,,11/4/2019,,,72,Count,,,,,,,,,,,ID-COUNT-LEVEL2,,09MID1374_19,,"Rhithron Associates Inc, Missoula MT",,Baetis tricaudatus complex,100817,,Larva,,,,
Warning,Ambient Monitoring,09MID1374,09MID1374,Sample,GovLocal,8/23/2018,,,,,8,ft2,,,,,,09MID1374_18,,N,,Y,,Solid/Sediment,Freshwater Taxonomy,,SURBER,,,,,,13.33,Number of Individual Organisms,,10/8/2018,,,2,Count,,,,,,,,,,,ID-COUNT-LEVEL2,,09MID1374_18,,"Rhithron Associates Inc, Missoula MT",,Chamaedrilus,68510,,unknown,,,,
Warning,Ambient Monitoring,09MIL0340,09MIL0340,Sample,GovLocal,7/30/2024,,,,,8,ft2,,,,,,09MIL0340_24,,N,,Y,,Solid/Sediment,Freshwater Taxonomy,,SURBER,,,,,,16.67,Number of Individual Organisms,,4/14/2025,,,24,Count,,,,,,,,,,,ID-COUNT-LEVEL2,,09MIL0340_24,,"Rhithron Associates Inc, Missoula MT",,Tvetenia bavarica Group,129197,,Larva,,,,
Warning,Ambient Monitoring,09MIL0340,09MIL0340,Sample,GovLocal,7/30/2024,,,,,8,ft2,,,,,,09MIL0340_24,,N,,Y,,Solid/Sediment,Freshwater Taxonomy,,SURBER,,,,,,16.67,Number of Individual Organisms,,4/14/2025,,,3,Count,,,,,,,,,,,ID-COUNT-LEVEL2,,09MIL0340_24,,"Rhithron Associates Inc, Missoula MT",,Zapada oregonensis Group,102591,,Larva,,,,
Warning,Ambient Monitoring,09MIL0340,09MIL0340,Sample,GovLocal,7/30/2024,,,,,8,ft2,,,,,,09MIL0340_24,,N,,Y,,Solid/Sediment,Freshwater Taxonomy,,SURBER,,,,,,16.67,Number of Individual Organisms,,4/14/2025,,,3,Count,,,,,,,,,,,ID-COUNT-LEVEL2,,09MIL0340_24,,"Rhithron Associates Inc, Missoula MT",,Kogotus/Rickera,609866,,Larva,,,,
Warning,Ambient Monitoring,09MIL0340,09MIL0340,Sample,GovLocal,7/30/2024,,,,,8,ft2,,,,,,09MIL0340_24,,N,,Y,,Solid/Sediment,Freshwater Taxonomy,,SURBER,,,,,,16.67,Number of Individual Organisms,,4/14/2025,,,3,Count,,,,,,,,,,,ID-COUNT-LEVEL2,,09MIL0340_24,,"Rhithron Associates Inc, Missoula MT",,Rhyacophila betteni Group,115097,,Larva,,,,
Warning,Ambient Monitoring,09MIL0340,09MIL0340,Sample,GovLocal,7/30/2024,,,,,8,ft2,,,,,,09MIL0340_24,,N,,Y,,Solid/Sediment,Freshwater Taxonomy,,SURBER,,,,,,16.67,Number of Individual Organisms,,4/14/2025,,,2,Count,,,,,,,,,,,ID-COUNT-LEVEL2,,09MIL0340_24,,"Rhithron Associates Inc, Missoula MT",,Rhyacophila brunnea/vemna Group,115097,,Larva,,,,
Warning,Ambient Monitoring,09MIL0340,09MIL0340,Sample,GovLocal,7/30/2024,,,,,8,ft2,,,,,,09MIL0340_24,,N,,Y,,Solid/Sediment,Freshwater Taxonomy,,SURBER,,,,,,16.67,Number of Individual Organisms,,4/14/2025,,,39,Count,,,,,,,,,,,ID-COUNT-LEVEL2,,09MIL0340_24,,"Rhithron Associates Inc, Missoula MT",,Baetis tricaudatus complex,100817,,Larva,,,,
Warning,Ambient Monitoring,09MIL0340,09MIL0340,Sample,GovLocal,8/17/2023,,,,,8,ft2,,,,,,09MIL0340_23,,N,,Y,,Solid/Sediment,Freshwater Taxonomy,,SURBER,,,,,,26.67,Number of Individual Organisms,,4/18/2024,,,5,Count,,,,,,,,,,,ID-COUNT-LEVEL2,,09MIL0340_23,,"Rhithron Associates Inc, Missoula MT",,Tvetenia bavarica Group,129197,,Larva,,,,
Warning,Ambient Monitoring,09MIL0340,09MIL0340,Sample,GovLocal,8/17/2023,,,,,8,ft2,,,,,,09MIL0340_23,,N,,Y,,Solid/Sediment,Freshwater Taxonomy,,SURBER,,,,,,26.67,Number of Individual Organisms,,4/18/2024,,,4,Count,,,,,,,,,,,ID-COUNT-LEVEL2,,09MIL0340_23,,"Rhithron Associates Inc, Missoula MT",,Thienemannimyia Group,128078,,Larva,,,,
Warning,Ambient Monitoring,09MIL0340,09MIL0340,Sample,GovLocal,8/17/2023,,,,,8,ft2,,,,,,09MIL0340_23,,N,,Y,,Solid/Sediment,Freshwater Taxonomy,,SURBER,,,,,,26.67,Number of Individual Organisms,,4/18/2024,,,9,Count,,,,,,,,,,,ID-COUNT-LEVEL2,,09MIL0340_23,,"Rhithron Associates Inc, Missoula MT",,Zapada oregonensis Group,102591,,Larva,,,,
Warning,Ambient Monitoring,09MIL0340,09MIL0340,Sample,GovLocal,8/17/2023,,,,,8,ft2,,,,,,09MIL0340_23,,N,,Y,,Solid/Sediment,Freshwater Taxonomy,,SURBER,,,,,,26.67,Number of Individual Organisms,,4/18/2024,,,6,Count,,,,,,,,,,,ID-COUNT-LEVEL2,,09MIL0340_23,,"Rhithron Associates Inc, Missoula MT",,Rhyacophila betteni Group,115097,,Larva,,,,
Warning,Ambient Monitoring,09MIL0340,09MIL0340,Sample,GovLocal,8/17/2023,,,,,8,ft2,,,,,,09MIL0340_23,,N,,Y,,Solid/Sediment,Freshwater Taxonomy,,SURBER,,,,,,26.67,Number of Individual Organisms,,4/18/2024,,,3,Count,,,,,,,,,,,ID-COUNT-LEVEL2,,09MIL0340_23,,"Rhithron Associates Inc, Missoula MT",,Rhyacophila brunnea/vemna Group,115097,,Larva,,,,
Warning,Ambient Monitoring,09MIL0340,09MIL0340,Sample,GovLocal,8/17/2023,,,,,8,ft2,,,,,,09MIL0340_23,,N,,Y,,Solid/Sediment,Freshwater Taxonomy,,SURBER,,,,,,26.67,Number of Individual Organisms,,4/18/2024,,,37,Count,,,,,,,,,,,ID-COUNT-LEVEL2,,09MIL0340_23,,"Rhithron Associates Inc, Missoula MT",,Baetis tricaudatus complex,100817,,Larva,,,,
Warning,Ambient Monitoring,09MIL0340,09MIL0340,Sample,GovLocal,7/28/2022,,,,,8,ft2,,,,,,09MIL0340_22,,N,,Y,,Solid/Sediment,Freshwater Taxonomy,,SURBER,,,,,,63.33,Number of Individual Organisms,,5/22/2023,,,1,Count,,,,,,,,,,,ID-COUNT-LEVEL2,,09MIL0340_22,,"Rhithron Associates Inc, Missoula MT",,Chamaedrilus,68510,,unknown,,,,
Warning,Ambient Monitoring,09MIL0340,09MIL0340,Sample,GovLocal,9/10/2019,,,,,8,ft2,,,,,,09MIL0340_19,,N,,Y,,Solid/Sediment,Freshwater Taxonomy,,SURBER,,,,,,26.67,Number of Individual Organisms,,2/7/2020,,,48,Count,,,,,,,,,,,ID-COUNT-LEVEL2,,09MIL0340_19,,"Rhithron Associates Inc, Missoula MT",,Baetis tricaudatus complex,100817,,Larva,,,,
Warning,Ambient Monitoring,09MIL0340,09MIL0340,Sample,GovLocal,8/24/2018,,,,,8,ft2,,,,,,09MIL0340_18,,N,,Y,,Solid/Sediment,Freshwater Taxonomy,,SURBER,,,,,,43.33,Number of Individual Organisms,,10/8/2018,,,16,Count,,,,,,,,,,,ID-COUNT-LEVEL2,,09MIL0340_18,,"Rhithron Associates Inc, Missoula MT",,Chamaedrilus,68510,,unknown,,,,
Warning,Ambient Monitoring,09MIL0340,09MIL0340,Sample,GovLocal,8/24/2018,,,,,8,ft2,,,,,,09MIL0340_18,,N,,Y,,Solid/Sediment,Freshwater Taxonomy,,SURBER,,,,,,43.33,Number of Individual Organisms,,10/8/2018,,,6,Count,,,,,,,,,,,ID-COUNT-LEVEL2,,09MIL0340_18,,"Rhithron Associates Inc, Missoula MT",,Tvetenia bavarica Group,129197,,Larva,,,,
Warning,Ambient Monitoring,09MIL0340,09MIL0340,Sample,GovLocal,8/24/2018,,,,,8,ft2,,,,,,09MIL0340_18,,N,,Y,,Solid/Sediment,Freshwater Taxonomy,,SURBER,,,,,,43.33,Number of Individual Organisms,,10/8/2018,,,1,Count,,,,,,,,,,,ID-COUNT-LEVEL2,,09MIL0340_18,,"Rhithron Associates Inc, Missoula MT",,Bilyjomyia algens,127917,,Larva,,,,
Warning,Ambient Monitoring,09MIL0340,09MIL0340,Sample,GovLocal,8/24/2018,,,,,8,ft2,,,,,,09MIL0340_18,,N,,Y,,Solid/Sediment,Freshwater Taxonomy,,SURBER,,,,,,43.33,Number of Individual Organisms,,10/8/2018,,,2,Count,,,,,,,,,,,ID-COUNT-LEVEL2,,09MIL0340_18,,"Rhithron Associates Inc, Missoula MT",,Thienemannimyia Group,128078,,Larva,,,,
Warning,Ambient Monitoring,09MIL0340,09MIL0340,Sample,GovLocal,8/24/2018,,,,,8,ft2,,,,,,09MIL0340_18,,N,,Y,,Solid/Sediment,Freshwater Taxonomy,,SURBER,,,,,,43.33,Number of Individual Organisms,,10/8/2018,,,13,Count,,,,,,,,,,,ID-COUNT-LEVEL2,,09MIL0340_18,,"Rhithron Associates Inc, Missoula MT",,Zapada oregonensis Group,102591,,Larva,,,,
Warning,Ambient Monitoring,09MIL0340,09MIL0340,Sample,GovLocal,8/24/2018,,,,,8,ft2,,,,,,09MIL0340_18,,N,,Y,,Solid/Sediment,Freshwater Taxonomy,,SURBER,,,,,,43.33,Number of Individual Organisms,,10/8/2018,,,1,Count,,,,,,,,,,,ID-COUNT-LEVEL2,,09MIL0340_18,,"Rhithron Associates Inc, Missoula MT",,Thremmatidae,598162,,Pupa,,,,
Warning,Ambient Monitoring,09MIL0340,09MIL0340,Sample,GovLocal,8/24/2018,,,,,8,ft2,,,,,,09MIL0340_18,,N,,Y,,Solid/Sediment,Freshwater Taxonomy,,SURBER,,,,,,43.33,Number of Individual Organisms,,10/8/2018,,,2,Count,,,,,,,,,,,ID-COUNT-LEVEL2,,09MIL0340_18,,"Rhithron Associates Inc, Missoula MT",,Rhyacophila betteni Group,115097,,Larva,,,,
Warning,Ambient Monitoring,09MIL0340,09MIL0340,Sample,GovLocal,8/24/2018,,,,,8,ft2,,,,,,09MIL0340_18,,N,,Y,,Solid/Sediment,Freshwater Taxonomy,,SURBER,,,,,,43.33,Number of Individual Organisms,,10/8/2018,,,5,Count,,,,,,,,,,,ID-COUNT-LEVEL2,,09MIL0340_18,,"Rhithron Associates Inc, Missoula MT",,Rhyacophila brunnea/vemna Group,115097,,Larva,,,,
Warning,Ambient Monitoring,09MIL0340,09MIL0340,Sample,GovLocal,8/24/2018,,,,,8,ft2,,,,,,09MIL0340_18,,N,,Y,,Solid/Sediment,Freshwater Taxonomy,,SURBER,,,,,,43.33,Number of Individual Organisms,,10/8/2018,,,34,Count,,,,,,,,,,,ID-COUNT-LEVEL2,,09MIL0340_18,,"Rhithron Associates Inc, Missoula MT",,Baetis tricaudatus complex,100817,,Larva,,,,
Warning,Ambient Monitoring,09MIL0340,09MIL0340,Sample,GovLocal,7/20/2017,,,,,8,ft2,,,,,,09MIL0340_17,,N,,Y,,Solid/Sediment,Freshwater Taxonomy,,SURBER,,,,,,26.67,Number of Individual Organisms,,3/16/2018,,,2,Count,,,,,,,,,,,ID-COUNT-LEVEL2,,09MIL0340_17,,"Rhithron Associates Inc, Missoula MT",,Chamaedrilus,68510,,unknown,,,,
Warning,Ambient Monitoring,09MIL0340,09MIL0340,Sample,GovLocal,7/20/2017,,,,,8,ft2,,,,,,09MIL0340_17,,N,,Y,,Solid/Sediment,Freshwater Taxonomy,,SURBER,,,,,,26.67,Number of Individual Organisms,,3/16/2018,,,17,Count,,,,,,,,,,,ID-COUNT-LEVEL2,,09MIL0340_17,,"Rhithron Associates Inc, Missoula MT",,Tvetenia bavarica Group,129197,,Larva,,,,
Warning,Ambient Monitoring,09MIL0340,09MIL0340,Sample,GovLocal,7/20/2017,,,,,8,ft2,,,,,,09MIL0340_17,,N,,Y,,Solid/Sediment,Freshwater Taxonomy,,SURBER,,,,,,26.67,Number of Individual Organisms,,3/16/2018,,,2,Count,,,,,,,,,,,ID-COUNT-LEVEL2,,09MIL0340_17,,"Rhithron Associates Inc, Missoula MT",,Zapada oregonensis Group,102591,,Larva,,,,
Warning,Ambient Monitoring,09MIL0340,09MIL0340,Sample,GovLocal,7/20/2017,,,,,8,ft2,,,,,,09MIL0340_17,,N,,Y,,Solid/Sediment,Freshwater Taxonomy,,SURBER,,,,,,26.67,Number of Individual Organisms,,3/16/2018,,,2,Count,,,,,,,,,,,ID-COUNT-LEVEL2,,09MIL0340_17,,"Rhithron Associates Inc, Missoula MT",,Rhyacophila betteni Group,115097,,Larva,,,,
Warning,Ambient Monitoring,09MIL0340,09MIL0340,Sample,GovLocal,7/20/2017,,,,,8,ft2,,,,,,09MIL0340_17,,N,,Y,,Solid/Sediment,Freshwater Taxonomy,,SURBER,,,,,,26.67,Number of Individual Organisms,,3/16/2018,,,4,Count,,,,,,,,,,,ID-COUNT-LEVEL2,,09MIL0340_17,,"Rhithron Associates Inc, Missoula MT",,Rhyacophila brunnea/vemna Group,115097,,Larva,,,,
Warning,Ambient Monitoring,09MIL0340,09MIL0340,Sample,GovLocal,7/20/2017,,,,,8,ft2,,,,,,09MIL0340_17,,N,,Y,,Solid/Sediment,Freshwater Taxonomy,,SURBER,,,,,,26.67,Number of Individual Organisms,,3/16/2018,,,2,Count,,,,,,,,,,,ID-COUNT-LEVEL2,,09MIL0340_17,,"Rhithron Associates Inc, Missoula MT",,Baetis tricaudatus complex,100817,,Larva,,,,
Warning,Ambient Monitoring,09MIL0390,09MIL0390,Sample,GovLocal,8/10/2023,,,,,8,ft2,,,,,,09MIL0390_23_R,,Y,,Y,,Solid/Sediment,Freshwater Taxonomy,,SURBER,,,,,,20,Number of Individual Organisms,,4/18/2024,,,46,Count,,,,,,,,,,,ID-COUNT-LEVEL2,,09MIL0390_23_R,,"Rhithron Associates Inc, Missoula MT",,Baetis tricaudatus complex,100817,,Larva,,,,
Warning,Ambient Monitoring,09LOW0753,09LOW0753,Sample,GovLocal,8/5/2020,,,,,8,ft2,,,,,,09LOW0753_20,,N,,Y,,Solid/Sediment,Freshwater Taxonomy,,SURBER,,,,,,36.67,Number of Individual Organisms,,4/30/2021,,,1,Count,,,,,,,,,,,ID-COUNT-LEVEL2,,09LOW0753_20,,"Rhithron Associates Inc, Missoula MT",,Glossiphonia elegans,69380,,unknown,,,,
Warning,Ambient Monitoring,09LOW0753,09LOW0753,Sample,GovLocal,8/5/2020,,,,,8,ft2,,,,,,09LOW0753_20,,N,,Y,,Solid/Sediment,Freshwater Taxonomy,,SURBER,,,,,,36.67,Number of Individual Organisms,,4/30/2021,,,1,Count,,,,,,,,,,,ID-COUNT-LEVEL2,,09LOW0753_20,,"Rhithron Associates Inc, Missoula MT",,Chamaedrilus,68510,,unknown,,,,
Warning,Ambient Monitoring,09LOW0753,09LOW0753,Sample,GovLocal,8/5/2020,,,,,8,ft2,,,,,,09LOW0753_20,,N,,Y,,Solid/Sediment,Freshwater Taxonomy,,SURBER,,,,,,36.67,Number of Individual Organisms,,4/30/2021,,,9,Count,,,,,,,,,,,ID-COUNT-LEVEL2,,09LOW0753_20,,"Rhithron Associates Inc, Missoula MT",,Monatractides,83249,,Adult,,,,
Warning,Ambient Monitoring,09LOW0753,09LOW0753,Sample,GovLocal,8/5/2020,,,,,8,ft2,,,,,,09LOW0753_20,,N,,Y,,Solid/Sediment,Freshwater Taxonomy,,SURBER,,,,,,36.67,Number of Individual Organisms,,4/30/2021,,,1,Count,,,,,,,,,,,ID-COUNT-LEVEL2,,09LOW0753_20,,"Rhithron Associates Inc, Missoula MT",,Thienemannimyia Group,128078,,Larva,,,,
Warning,Ambient Monitoring,09LOW0753,09LOW0753,Sample,GovLocal,8/5/2020,,,,,8,ft2,,,,,,09LOW0753_20,,N,,Y,,Solid/Sediment,Freshwater Taxonomy,,SURBER,,,,,,36.67,Number of Individual Organisms,,4/30/2021,,,1,Count,,,,,,,,,,,ID-COUNT-LEVEL2,,09LOW0753_20,,"Rhithron Associates Inc, Missoula MT",,Pericomaini,125391,,Larva,,,,
Warning,Ambient Monitoring,09LOW0753,09LOW0753,Sample,GovLocal,8/5/2020,,,,,8,ft2,,,,,,09LOW0753_20,,N,,Y,,Solid/Sediment,Freshwater Taxonomy,,SURBER,,,,,,36.67,Number of Individual Organisms,,4/30/2021,,,1,Count,,,,,,,,,,,ID-COUNT-LEVEL2,,09LOW0753_20,,"Rhithron Associates Inc, Missoula MT",,Zapada oregonensis Group,102591,,Larva,,,,
Warning,Ambient Monitoring,09LOW0753,09LOW0753,Sample,GovLocal,8/5/2020,,,,,8,ft2,,,,,,09LOW0753_20,,N,,Y,,Solid/Sediment,Freshwater Taxonomy,,SURBER,,,,,,36.67,Number of Individual Organisms,,4/30/2021,,,7,Count,,,,,,,,,,,ID-COUNT-LEVEL2,,09LOW0753_20,,"Rhithron Associates Inc, Missoula MT",,Baetis tricaudatus complex,100817,,Larva,,,,
Warning,Ambient Monitoring,09LOW0753,09LOW0753,Sample,GovLocal,8/5/2020,,,,,8,ft2,,,,,,09LOW0753_20,,N,,Y,,Solid/Sediment,Freshwater Taxonomy,,SURBER,,,,,,36.67,Number of Individual Organisms,,4/30/2021,,,1,Count,,,,,,,,,,,ID-COUNT-LEVEL2,,09LOW0753_20,,"Rhithron Associates Inc, Missoula MT",,Truncatelloidea,69459,,unknown,,,,
Warning,Ambient Monitoring,09LOW0753,09LOW0753,Sample,GovLocal,9/5/2019,,,,,8,ft2,,,,,,09LOW0753_19,,N,,Y,,Solid/Sediment,Freshwater Taxonomy,,SURBER,,,,,,30,Number of Individual Organisms,,2/7/2020,,,3,Count,,,,,,,,,,,ID-COUNT-LEVEL2,,09LOW0753_19,,"Rhithron Associates Inc, Missoula MT",,Monatractides,83249,,Adult,,,,
Warning,Ambient Monitoring,09LOW0753,09LOW0753,Sample,GovLocal,9/5/2019,,,,,8,ft2,,,,,,09LOW0753_19,,N,,Y,,Solid/Sediment,Freshwater Taxonomy,,SURBER,,,,,,30,Number of Individual Organisms,,2/7/2020,,,1,Count,,,,,,,,,,,ID-COUNT-LEVEL2,,09LOW0753_19,,"Rhithron Associates Inc, Missoula MT",,Tvetenia tshernovskii,129197,,Larva,,,,
Warning,Ambient Monitoring,09LOW0753,09LOW0753,Sample,GovLocal,9/5/2019,,,,,8,ft2,,,,,,09LOW0753_19,,N,,Y,,Solid/Sediment,Freshwater Taxonomy,,SURBER,,,,,,30,Number of Individual Organisms,,2/7/2020,,,3,Count,,,,,,,,,,,ID-COUNT-LEVEL2,,09LOW0753_19,,"Rhithron Associates Inc, Missoula MT",,Tvetenia bavarica Group,129197,,Larva,,,,
Warning,Ambient Monitoring,09LOW0753,09LOW0753,Sample,GovLocal,9/5/2019,,,,,8,ft2,,,,,,09LOW0753_19,,N,,Y,,Solid/Sediment,Freshwater Taxonomy,,SURBER,,,,,,30,Number of Individual Organisms,,2/7/2020,,,10,Count,,,,,,,,,,,ID-COUNT-LEVEL2,,09LOW0753_19,,"Rhithron Associates Inc, Missoula MT",,Thienemannimyia Group,128078,,Larva,,,,
Warning,Ambient Monitoring,09LOW0753,09LOW0753,Sample,GovLocal,9/5/2019,,,,,8,ft2,,,,,,09LOW0753_19,,N,,Y,,Solid/Sediment,Freshwater Taxonomy,,SURBER,,,,,,30,Number of Individual Organisms,,2/7/2020,,,7,Count,,,,,,,,,,,ID-COUNT-LEVEL2,,09LOW0753_19,,"Rhithron Associates Inc, Missoula MT",,Eloeophila,120030,,Larva,,,,
Warning,Ambient Monitoring,09LOW0753,09LOW0753,Sample,GovLocal,9/5/2019,,,,,8,ft2,,,,,,09LOW0753_19,,N,,Y,,Solid/Sediment,Freshwater Taxonomy,,SURBER,,,,,,30,Number of Individual Organisms,,2/7/2020,,,2,Count,,,,,,,,,,,ID-COUNT-LEVEL2,,09LOW0753_19,,"Rhithron Associates Inc, Missoula MT",,Zapada oregonensis Group,102591,,Larva,,,,
Warning,Ambient Monitoring,09LOW0753,09LOW0753,Sample,GovLocal,8/9/2018,,,,,8,ft2,,,,,,09LOW0753_18,,N,,Y,,Solid/Sediment,Freshwater Taxonomy,,SURBER,,,,,,90,Number of Individual Organisms,,10/4/2018,,,1,Count,,,,,,,,,,,ID-COUNT-LEVEL2,,09LOW0753_18,,"Rhithron Associates Inc, Missoula MT",,Glossiphonia elegans,69380,,unknown,,,,
Warning,Ambient Monitoring,09LOW0751,09LOW0751,Sample,GovLocal,9/18/2023,,,,,8,ft2,,,,,,09LOW0751_23,,N,,Y,,Solid/Sediment,Freshwater Taxonomy,,SURBER,,,,,,20,Number of Individual Organisms,,4/16/2024,,,1,Count,,,,,,,,,,,ID-COUNT-LEVEL2,,09LOW0751_23,,"Rhithron Associates Inc, Missoula MT",,Thienemannimyia Group,128078,,Larva,,,,
Warning,Ambient Monitoring,09LOW0751,09LOW0751,Sample,GovLocal,9/18/2023,,,,,8,ft2,,,,,,09LOW0751_23,,N,,Y,,Solid/Sediment,Freshwater Taxonomy,,SURBER,,,,,,20,Number of Individual Organisms,,4/16/2024,,,1,Count,,,,,,,,,,,ID-COUNT-LEVEL2,,09LOW0751_23,,"Rhithron Associates Inc, Missoula MT",,Pericomaini,125391,,Larva,,,,
Warning,Ambient Monitoring,09LOW0751,09LOW0751,Sample,GovLocal,9/18/2023,,,,,8,ft2,,,,,,09LOW0751_23,,N,,Y,,Solid/Sediment,Freshwater Taxonomy,,SURBER,,,,,,20,Number of Individual Organisms,,4/16/2024,,,13,Count,,,,,,,,,,,ID-COUNT-LEVEL2,,09LOW0751_23,,"Rhithron Associates Inc, Missoula MT",,Zapada oregonensis Group,102591,,Larva,,,,
Warning,Ambient Monitoring,09LOW0751,09LOW0751,Sample,GovLocal,9/18/2023,,,,,8,ft2,,,,,,09LOW0751_23,,N,,Y,,Solid/Sediment,Freshwater Taxonomy,,SURBER,,,,,,20,Number of Individual Organisms,,4/16/2024,,,14,Count,,,,,,,,,,,ID-COUNT-LEVEL2,,09LOW0751_23,,"Rhithron Associates Inc, Missoula MT",,Rhyacophila betteni Group,115097,,Larva,,,,
Warning,Ambient Monitoring,09LOW0751,09LOW0751,Sample,GovLocal,9/18/2023,,,,,8,ft2,,,,,,09LOW0751_23,,N,,Y,,Solid/Sediment,Freshwater Taxonomy,,SURBER,,,,,,20,Number of Individual Organisms,,4/16/2024,,,7,Count,,,,,,,,,,,ID-COUNT-LEVEL2,,09LOW0751_23,,"Rhithron Associates Inc, Missoula MT",,Rhyacophila brunnea/vemna Group,115097,,Larva,,,,
Warning,Ambient Monitoring,09LOW0751,09LOW0751,Sample,GovLocal,9/18/2023,,,,,8,ft2,,,,,,09LOW0751_23,,N,,Y,,Solid/Sediment,Freshwater Taxonomy,,SURBER,,,,,,20,Number of Individual Organisms,,4/16/2024,,,53,Count,,,,,,,,,,,ID-COUNT-LEVEL2,,09LOW0751_23,,"Rhithron Associates Inc, Missoula MT",,Neoleptophlebia,101095,,Larva,,,,
Warning,Ambient Monitoring,09LOW0751,09LOW0751,Sample,GovLocal,9/18/2023,,,,,8,ft2,,,,,,09LOW0751_23,,N,,Y,,Solid/Sediment,Freshwater Taxonomy,,SURBER,,,,,,20,Number of Individual Organisms,,4/16/2024,,,8,Count,,,,,,,,,,,ID-COUNT-LEVEL2,,09LOW0751_23,,"Rhithron Associates Inc, Missoula MT",,Ephemerella excrucians Group,101276,,Larva,,,,
Warning,Ambient Monitoring,09LOW0751,09LOW0751,Sample,GovLocal,9/18/2023,,,,,8,ft2,,,,,,09LOW0751_23,,N,,Y,,Solid/Sediment,Freshwater Taxonomy,,SURBER,,,,,,20,Number of Individual Organisms,,4/16/2024,,,95,Count,,,,,,,,,,,ID-COUNT-LEVEL2,,09LOW0751_23,,"Rhithron Associates Inc, Missoula MT",,Baetis tricaudatus complex,100817,,Larva,,,,
Warning,Ambient Monitoring,09LOW0751,09LOW0751,Sample,GovLocal,8/29/2022,,,,,8,ft2,,,,,,09LOW0751_22,,N,,Y,,Solid/Sediment,Freshwater Taxonomy,,SURBER,,,,,,86.67,Number of Individual Organisms,,5/19/2023,,,6,Count,,,,,,,,,,,ID-COUNT-LEVEL2,,09LOW0751_22,,"Rhithron Associates Inc, Missoula MT",,Monatractides,83249,,Adult,,,,
Warning,Ambient Monitoring,09LOW0751,09LOW0751,Sample,GovLocal,8/29/2022,,,,,8,ft2,,,,,,09LOW0751_22,,N,,Y,,Solid/Sediment,Freshwater Taxonomy,,SURBER,,,,,,86.67,Number of Individual Organisms,,5/19/2023,,,1,Count,,,,,,,,,,,ID-COUNT-LEVEL2,,09LOW0751_22,,"Rhithron Associates Inc, Missoula MT",,Thienemannimyia Group,128078,,Larva,,,,
Warning,Ambient Monitoring,09LOW0751,09LOW0751,Sample,GovLocal,8/29/2022,,,,,8,ft2,,,,,,09LOW0751_22,,N,,Y,,Solid/Sediment,Freshwater Taxonomy,,SURBER,,,,,,86.67,Number of Individual Organisms,,5/19/2023,,,1,Count,,,,,,,,,,,ID-COUNT-LEVEL2,,09LOW0751_22,,"Rhithron Associates Inc, Missoula MT",,Pericomaini,125391,,Larva,,,,
Warning,Ambient Monitoring,09LOW0751,09LOW0751,Sample,GovLocal,8/29/2022,,,,,8,ft2,,,,,,09LOW0751_22,,N,,Y,,Solid/Sediment,Freshwater Taxonomy,,SURBER,,,,,,86.67,Number of Individual Organisms,,5/19/2023,,,1,Count,,,,,,,,,,,ID-COUNT-LEVEL2,,09LOW0751_22,,"Rhithron Associates Inc, Missoula MT",,Rhyacophila betteni Group,115097,,Larva,,,,
Warning,Ambient Monitoring,09LOW0751,09LOW0751,Sample,GovLocal,8/29/2022,,,,,8,ft2,,,,,,09LOW0751_22,,N,,Y,,Solid/Sediment,Freshwater Taxonomy,,SURBER,,,,,,86.67,Number of Individual Organisms,,5/19/2023,,,8,Count,,,,,,,,,,,ID-COUNT-LEVEL2,,09LOW0751_22,,"Rhithron Associates Inc, Missoula MT",,Rhyacophila brunnea/vemna Group,115097,,Larva,,,,
Warning,Ambient Monitoring,09LOW0751,09LOW0751,Sample,GovLocal,8/29/2022,,,,,8,ft2,,,,,,09LOW0751_22,,N,,Y,,Solid/Sediment,Freshwater Taxonomy,,SURBER,,,,,,86.67,Number of Individual Organisms,,5/19/2023,,,85,Count,,,,,,,,,,,ID-COUNT-LEVEL2,,09LOW0751_22,,"Rhithron Associates Inc, Missoula MT",,Baetis tricaudatus complex,100817,,Larva,,,,
Warning,Ambient Monitoring,09LOW0751,09LOW0751,Sample,GovLocal,10/6/2021,,,,,8,ft2,,,,,,09LOW0751_21,,N,,Y,,Solid/Sediment,Freshwater Taxonomy,,SURBER,,,,,,13.33,Number of Individual Organisms,,12/17/2021,,,3,Count,,,,,,,,,,,ID-COUNT-LEVEL2,,09LOW0751_21,,"Rhithron Associates Inc, Missoula MT",,Cystobranchus salmositicus,69339,,unknown,,,,
Warning,Ambient Monitoring,09LOW0751,09LOW0751,Sample,GovLocal,10/6/2021,,,,,8,ft2,,,,,,09LOW0751_21,,N,,Y,,Solid/Sediment,Freshwater Taxonomy,,SURBER,,,,,,13.33,Number of Individual Organisms,,12/17/2021,,,4,Count,,,,,,,,,,,ID-COUNT-LEVEL2,,09LOW0751_21,,"Rhithron Associates Inc, Missoula MT",,Chamaedrilus,68510,,unknown,,,,
Warning,Ambient Monitoring,09LOW0751,09LOW0751,Sample,GovLocal,10/6/2021,,,,,8,ft2,,,,,,09LOW0751_21,,N,,Y,,Solid/Sediment,Freshwater Taxonomy,,SURBER,,,,,,13.33,Number of Individual Organisms,,12/17/2021,,,2,Count,,,,,,,,,,,ID-COUNT-LEVEL2,,09LOW0751_21,,"Rhithron Associates Inc, Missoula MT",,Monatractides,83249,,Adult,,,,
Warning,Ambient Monitoring,09LOW0751,09LOW0751,Sample,GovLocal,10/4/2018,,,,,8,ft2,,,,,,09LOW0751_18,,N,,Y,,Solid/Sediment,Freshwater Taxonomy,,SURBER,,,,,,50,Number of Individual Organisms,,11/19/2018,,,25,Count,,,,,,,,,,,ID-COUNT-LEVEL2,,09LOW0751_18,,"Rhithron Associates Inc, Missoula MT",,Rhyacophila betteni Group,115097,,Larva,,,,
Warning,Ambient Monitoring,09LOW0751,09LOW0751,Sample,GovLocal,10/4/2018,,,,,8,ft2,,,,,,09LOW0751_18,,N,,Y,,Solid/Sediment,Freshwater Taxonomy,,SURBER,,,,,,50,Number of Individual Organisms,,11/19/2018,,,63,Count,,,,,,,,,,,ID-COUNT-LEVEL2,,09LOW0751_18,,"Rhithron Associates Inc, Missoula MT",,Neoleptophlebia,101095,,Larva,,,,
Warning,Ambient Monitoring,09LOW0751,09LOW0751,Sample,GovLocal,10/4/2018,,,,,8,ft2,,,,,,09LOW0751_18,,N,,Y,,Solid/Sediment,Freshwater Taxonomy,,SURBER,,,,,,50,Number of Individual Organisms,,11/19/2018,,,44,Count,,,,,,,,,,,ID-COUNT-LEVEL2,,09LOW0751_18,,"Rhithron Associates Inc, Missoula MT",,Baetis tricaudatus complex,100817,,Larva,,,,
Warning,Ambient Monitoring,09LOW0751,09LOW0751,Sample,GovLocal,10/4/2018,,,,,8,ft2,,,,,,09LOW0751_18_R,,Y,,Y,,Solid/Sediment,Freshwater Taxonomy,,SURBER,,,,,,16.67,Number of Individual Organisms,,11/19/2018,,,6,Count,,,,,,,,,,,ID-COUNT-LEVEL2,,09LOW0751_18_R,,"Rhithron Associates Inc, Missoula MT",,Cystobranchus salmositicus,69339,,unknown,,,,
Warning,Ambient Monitoring,09LOW0751,09LOW0751,Sample,GovLocal,10/4/2018,,,,,8,ft2,,,,,,09LOW0751_18_R,,Y,,Y,,Solid/Sediment,Freshwater Taxonomy,,SURBER,,,,,,16.67,Number of Individual Organisms,,11/19/2018,,,4,Count,,,,,,,,,,,ID-COUNT-LEVEL2,,09LOW0751_18_R,,"Rhithron Associates Inc, Missoula MT",,Chamaedrilus,68510,,unknown,,,,
Warning,Ambient Monitoring,09LOW0751,09LOW0751,Sample,GovLocal,10/4/2018,,,,,8,ft2,,,,,,09LOW0751_18_R,,Y,,Y,,Solid/Sediment,Freshwater Taxonomy,,SURBER,,,,,,16.67,Number of Individual Organisms,,11/19/2018,,,2,Count,,,,,,,,,,,ID-COUNT-LEVEL2,,09LOW0751_18_R,,"Rhithron Associates Inc, Missoula MT",,Tvetenia bavarica Group,129197,,Larva,,,,
Warning,Ambient Monitoring,09LOW0751,09LOW0751,Sample,GovLocal,10/4/2018,,,,,8,ft2,,,,,,09LOW0751_18_R,,Y,,Y,,Solid/Sediment,Freshwater Taxonomy,,SURBER,,,,,,16.67,Number of Individual Organisms,,11/19/2018,,,6,Count,,,,,,,,,,,ID-COUNT-LEVEL2,,09LOW0751_18_R,,"Rhithron Associates Inc, Missoula MT",,Zapada oregonensis Group,102591,,Larva,,,,
Warning,Ambient Monitoring,09LOW0751,09LOW0751,Sample,GovLocal,10/4/2018,,,,,8,ft2,,,,,,09LOW0751_18_R,,Y,,Y,,Solid/Sediment,Freshwater Taxonomy,,SURBER,,,,,,16.67,Number of Individual Organisms,,11/19/2018,,,10,Count,,,,,,,,,,,ID-COUNT-LEVEL2,,09LOW0751_18_R,,"Rhithron Associates Inc, Missoula MT",,Rhyacophila betteni Group,115097,,Larva,,,,
Warning,Ambient Monitoring,09LOW0751,09LOW0751,Sample,GovLocal,10/4/2018,,,,,8,ft2,,,,,,09LOW0751_18_R,,Y,,Y,,Solid/Sediment,Freshwater Taxonomy,,SURBER,,,,,,16.67,Number of Individual Organisms,,11/19/2018,,,1,Count,,,,,,,,,,,ID-COUNT-LEVEL2,,09LOW0751_18_R,,"Rhithron Associates Inc, Missoula MT",,Rhyacophila brunnea/vemna Group,115097,,Larva,,,,
Warning,Ambient Monitoring,09LOW0751,09LOW0751,Sample,GovLocal,10/4/2018,,,,,8,ft2,,,,,,09LOW0751_18_R,,Y,,Y,,Solid/Sediment,Freshwater Taxonomy,,SURBER,,,,,,16.67,Number of Individual Organisms,,11/19/2018,,,75,Count,,,,,,,,,,,ID-COUNT-LEVEL2,,09LOW0751_18_R,,"Rhithron Associates Inc, Missoula MT",,Neoleptophlebia,101095,,Larva,,,,
Warning,Ambient Monitoring,09LOW0751,09LOW0751,Sample,GovLocal,10/4/2018,,,,,8,ft2,,,,,,09LOW0751_18_R,,Y,,Y,,Solid/Sediment,Freshwater Taxonomy,,SURBER,,,,,,16.67,Number of Individual Organisms,,11/19/2018,,,27,Count,,,,,,,,,,,ID-COUNT-LEVEL2,,09LOW0751_18_R,,"Rhithron Associates Inc, Missoula MT",,Baetis tricaudatus complex,100817,,Larva,,,,
Warning,Ambient Monitoring,09LOW0751,09LOW0751,Sample,GovLocal,8/17/2017,,,,,8,ft2,,,,,,09LOW0751_17,,N,,Y,,Solid/Sediment,Freshwater Taxonomy,,SURBER,,,,,,20,Number of Individual Organisms,,3/16/2018,,,4,Count,,,,,,,,,,,ID-COUNT-LEVEL2,,09LOW0751_17,,"Rhithron Associates Inc, Missoula MT",,Chamaedrilus,68510,,unknown,,,,
Warning,Ambient Monitoring,09LOW0751,09LOW0751,Sample,GovLocal,8/17/2017,,,,,8,ft2,,,,,,09LOW0751_17,,N,,Y,,Solid/Sediment,Freshwater Taxonomy,,SURBER,,,,,,20,Number of Individual Organisms,,3/16/2018,,,8,Count,,,,,,,,,,,ID-COUNT-LEVEL2,,09LOW0751_17,,"Rhithron Associates Inc, Missoula MT",,Tvetenia bavarica Group,129197,,Larva,,,,
Warning,Ambient Monitoring,09MID1537,09MID1537,Sample,GovLocal,8/24/2017,,,,,8,ft2,,,,,,09MID1537_17,,N,,Y,,Solid/Sediment,Freshwater Taxonomy,,SURBER,,,,,,20,Number of Individual Organisms,,4/19/2018,,,5,Count,,,,,,,,,,,ID-COUNT-LEVEL2,,09MID1537_17,,"Rhithron Associates Inc, Missoula MT",,Chamaedrilus,68510,,unknown,,,,
Warning,Ambient Monitoring,09MID1537,09MID1537,Sample,GovLocal,8/24/2017,,,,,8,ft2,,,,,,09MID1537_17,,N,,Y,,Solid/Sediment,Freshwater Taxonomy,,SURBER,,,,,,20,Number of Individual Organisms,,4/19/2018,,,4,Count,,,,,,,,,,,ID-COUNT-LEVEL2,,09MID1537_17,,"Rhithron Associates Inc, Missoula MT",,Thienemannimyia Group,128078,,Larva,,,,
Warning,Ambient Monitoring,09MID1537,09MID1537,Sample,GovLocal,8/24/2017,,,,,8,ft2,,,,,,09MID1537_17,,N,,Y,,Solid/Sediment,Freshwater Taxonomy,,SURBER,,,,,,20,Number of Individual Organisms,,4/19/2018,,,4,Count,,,,,,,,,,,ID-COUNT-LEVEL2,,09MID1537_17,,"Rhithron Associates Inc, Missoula MT",,Baetis tricaudatus complex,100817,,Larva,,,,
Warning,Ambient Monitoring,09MID1537,09MID1537,Sample,GovLocal,8/15/2016,,,,,8,ft2,,,,,,09MID1537_16,,N,,Y,,Solid/Sediment,Freshwater Taxonomy,,SURBER,,,,,,16.67,Number of Individual Organisms,,11/21/2016,,,2,Count,,,,,,,,,,,ID-COUNT-LEVEL2,,09MID1537_16,,"Rhithron Associates Inc, Missoula MT",,Tvetenia bavarica Group,129197,,Larva,,,,
Warning,Ambient Monitoring,09MID1537,09MID1537,Sample,GovLocal,8/15/2016,,,,,8,ft2,,,,,,09MID1537_16,,N,,Y,,Solid/Sediment,Freshwater Taxonomy,,SURBER,,,,,,16.67,Number of Individual Organisms,,11/21/2016,,,1,Count,,,,,,,,,,,ID-COUNT-LEVEL2,,09MID1537_16,,"Rhithron Associates Inc, Missoula MT",,Thienemannimyia Group,128078,,Larva,,,,
Warning,Ambient Monitoring,09MID1537,09MID1537,Sample,GovLocal,8/15/2016,,,,,8,ft2,,,,,,09MID1537_16,,N,,Y,,Solid/Sediment,Freshwater Taxonomy,,SURBER,,,,,,16.67,Number of Individual Organisms,,11/21/2016,,,5,Count,,,,,,,,,,,ID-COUNT-LEVEL2,,09MID1537_16,,"Rhithron Associates Inc, Missoula MT",,Zapada oregonensis Group,102591,,Larva,,,,
Warning,Ambient Monitoring,09MID1744,09MID1744,Sample,GovLocal,8/5/2021,,,,,8,ft2,,,,,,09MID1744_21,,N,,Y,,Solid/Sediment,Freshwater Taxonomy,,SURBER,,,,,,30,Number of Individual Organisms,,12/17/2021,,,2,Count,,,,,,,,,,,ID-COUNT-LEVEL2,,09MID1744_21,,"Rhithron Associates Inc, Missoula MT",,Tvetenia bavarica Group,129197,,Larva,,,,
Warning,Ambient Monitoring,09MID1744,09MID1744,Sample,GovLocal,8/5/2021,,,,,8,ft2,,,,,,09MID1744_21,,N,,Y,,Solid/Sediment,Freshwater Taxonomy,,SURBER,,,,,,30,Number of Individual Organisms,,12/17/2021,,,3,Count,,,,,,,,,,,ID-COUNT-LEVEL2,,09MID1744_21,,"Rhithron Associates Inc, Missoula MT",,Zapada oregonensis Group,102591,,Larva,,,,
Warning,Ambient Monitoring,09MID1744,09MID1744,Sample,GovLocal,8/5/2021,,,,,8,ft2,,,,,,09MID1744_21,,N,,Y,,Solid/Sediment,Freshwater Taxonomy,,SURBER,,,,,,30,Number of Individual Organisms,,12/17/2021,,,1,Count,,,,,,,,,,,ID-COUNT-LEVEL2,,09MID1744_21,,"Rhithron Associates Inc, Missoula MT",,Rhyacophila angelita Group,115097,,Larva,,,,
Warning,Ambient Monitoring,09MID1744,09MID1744,Sample,GovLocal,8/5/2021,,,,,8,ft2,,,,,,09MID1744_21,,N,,Y,,Solid/Sediment,Freshwater Taxonomy,,SURBER,,,,,,30,Number of Individual Organisms,,12/17/2021,,,1,Count,,,,,,,,,,,ID-COUNT-LEVEL2,,09MID1744_21,,"Rhithron Associates Inc, Missoula MT",,Rhyacophila brunnea/vemna Group,115097,,Larva,,,,
Warning,Ambient Monitoring,09MID1744,09MID1744,Sample,GovLocal,8/5/2021,,,,,8,ft2,,,,,,09MID1744_21,,N,,Y,,Solid/Sediment,Freshwater Taxonomy,,SURBER,,,,,,30,Number of Individual Organisms,,12/17/2021,,,79,Count,,,,,,,,,,,ID-COUNT-LEVEL2,,09MID1744_21,,"Rhithron Associates Inc, Missoula MT",,Baetis tricaudatus complex,100817,,Larva,,,,
Warning,Ambient Monitoring,09MID1744,09MID1744,Sample,GovLocal,9/29/2020,,,,,8,ft2,,,,,,09MID1744_20,,N,,Y,,Solid/Sediment,Freshwater Taxonomy,,SURBER,,,,,,26.67,Number of Individual Organisms,,4/30/2021,,,7,Count,,,,,,,,,,,ID-COUNT-LEVEL2,,09MID1744_20,,"Rhithron Associates Inc, Missoula MT",,Chamaedrilus,68510,,unknown,,,,
Warning,Ambient Monitoring,09MID1744,09MID1744,Sample,GovLocal,9/29/2020,,,,,8,ft2,,,,,,09MID1744_20,,N,,Y,,Solid/Sediment,Freshwater Taxonomy,,SURBER,,,,,,26.67,Number of Individual Organisms,,4/30/2021,,,1,Count,,,,,,,,,,,ID-COUNT-LEVEL2,,09MID1744_20,,"Rhithron Associates Inc, Missoula MT",,Tvetenia bavarica Group,129197,,Larva,,,,
Warning,Ambient Monitoring,09MID1744,09MID1744,Sample,GovLocal,9/29/2020,,,,,8,ft2,,,,,,09MID1744_20,,N,,Y,,Solid/Sediment,Freshwater Taxonomy,,SURBER,,,,,,26.67,Number of Individual Organisms,,4/30/2021,,,3,Count,,,,,,,,,,,ID-COUNT-LEVEL2,,09MID1744_20,,"Rhithron Associates Inc, Missoula MT",,Zapada oregonensis Group,102591,,Larva,,,,
Warning,Ambient Monitoring,09MID1744,09MID1744,Sample,GovLocal,9/29/2020,,,,,8,ft2,,,,,,09MID1744_20,,N,,Y,,Solid/Sediment,Freshwater Taxonomy,,SURBER,,,,,,26.67,Number of Individual Organisms,,4/30/2021,,,2,Count,,,,,,,,,,,ID-COUNT-LEVEL2,,09MID1744_20,,"Rhithron Associates Inc, Missoula MT",,Thremmatidae,598162,,Pupa,,,,
Warning,Ambient Monitoring,09MID1744,09MID1744,Sample,GovLocal,9/29/2020,,,,,8,ft2,,,,,,09MID1744_20,,N,,Y,,Solid/Sediment,Freshwater Taxonomy,,SURBER,,,,,,26.67,Number of Individual Organisms,,4/30/2021,,,4,Count,,,,,,,,,,,ID-COUNT-LEVEL2,,09MID1744_20,,"Rhithron Associates Inc, Missoula MT",,Rhyacophila betteni Group,115097,,Larva,,,,
Warning,Ambient Monitoring,09MID1744,09MID1744,Sample,GovLocal,9/29/2020,,,,,8,ft2,,,,,,09MID1744_20,,N,,Y,,Solid/Sediment,Freshwater Taxonomy,,SURBER,,,,,,26.67,Number of Individual Organisms,,4/30/2021,,,3,Count,,,,,,,,,,,ID-COUNT-LEVEL2,,09MID1744_20,,"Rhithron Associates Inc, Missoula MT",,Rhyacophila brunnea/vemna Group,115097,,Larva,,,,
Warning,Ambient Monitoring,09MID1744,09MID1744,Sample,GovLocal,9/29/2020,,,,,8,ft2,,,,,,09MID1744_20,,N,,Y,,Solid/Sediment,Freshwater Taxonomy,,SURBER,,,,,,26.67,Number of Individual Organisms,,4/30/2021,,,1,Count,,,,,,,,,,,ID-COUNT-LEVEL2,,09MID1744_20,,"Rhithron Associates Inc, Missoula MT",,Ephemerella excrucians Group,101276,,Larva,,,,
Warning,Ambient Monitoring,09MID1744,09MID1744,Sample,GovLocal,9/29/2020,,,,,8,ft2,,,,,,09MID1744_20,,N,,Y,,Solid/Sediment,Freshwater Taxonomy,,SURBER,,,,,,26.67,Number of Individual Organisms,,4/30/2021,,,174,Count,,,,,,,,,,,ID-COUNT-LEVEL2,,09MID1744_20,,"Rhithron Associates Inc, Missoula MT",,Baetis tricaudatus complex,100817,,Larva,,,,
Warning,Ambient Monitoring,09MID1744,09MID1744,Sample,GovLocal,9/11/2019,,,,,8,ft2,,,,,,09MID1744_19,,N,,Y,,Solid/Sediment,Freshwater Taxonomy,,SURBER,,,,,,36.67,Number of Individual Organisms,,2/7/2020,,,6,Count,,,,,,,,,,,ID-COUNT-LEVEL2,,09MID1744_19,,"Rhithron Associates Inc, Missoula MT",,Chamaedrilus,68510,,unknown,,,,
Warning,Ambient Monitoring,09MID1744,09MID1744,Sample,GovLocal,9/11/2019,,,,,8,ft2,,,,,,09MID1744_19,,N,,Y,,Solid/Sediment,Freshwater Taxonomy,,SURBER,,,,,,36.67,Number of Individual Organisms,,2/7/2020,,,7,Count,,,,,,,,,,,ID-COUNT-LEVEL2,,09MID1744_19,,"Rhithron Associates Inc, Missoula MT",,Tvetenia bavarica Group,129197,,Larva,,,,
Warning,Ambient Monitoring,09MID1744,09MID1744,Sample,GovLocal,9/11/2019,,,,,8,ft2,,,,,,09MID1744_19,,N,,Y,,Solid/Sediment,Freshwater Taxonomy,,SURBER,,,,,,36.67,Number of Individual Organisms,,2/7/2020,,,3,Count,,,,,,,,,,,ID-COUNT-LEVEL2,,09MID1744_19,,"Rhithron Associates Inc, Missoula MT",,Rhyacophila betteni Group,115097,,Larva,,,,
Warning,Ambient Monitoring,09MID1744,09MID1744,Sample,GovLocal,9/11/2019,,,,,8,ft2,,,,,,09MID1744_19,,N,,Y,,Solid/Sediment,Freshwater Taxonomy,,SURBER,,,,,,36.67,Number of Individual Organisms,,2/7/2020,,,3,Count,,,,,,,,,,,ID-COUNT-LEVEL2,,09MID1744_19,,"Rhithron Associates Inc, Missoula MT",,Rhyacophila brunnea/vemna Group,115097,,Larva,,,,
Warning,Ambient Monitoring,09MID1744,09MID1744,Sample,GovLocal,9/11/2019,,,,,8,ft2,,,,,,09MID1744_19,,N,,Y,,Solid/Sediment,Freshwater Taxonomy,,SURBER,,,,,,36.67,Number of Individual Organisms,,2/7/2020,,,1,Count,,,,,,,,,,,ID-COUNT-LEVEL2,,09MID1744_19,,"Rhithron Associates Inc, Missoula MT",,Ephemerella excrucians Group,101276,,Larva,,,,
Warning,Ambient Monitoring,09MID1744,09MID1744,Sample,GovLocal,9/11/2019,,,,,8,ft2,,,,,,09MID1744_19,,N,,Y,,Solid/Sediment,Freshwater Taxonomy,,SURBER,,,,,,36.67,Number of Individual Organisms,,2/7/2020,,,72,Count,,,,,,,,,,,ID-COUNT-LEVEL2,,09MID1744_19,,"Rhithron Associates Inc, Missoula MT",,Baetis tricaudatus complex,100817,,Larva,,,,
Warning,Ambient Monitoring,09MID1744,09MID1744,Sample,GovLocal,10/4/2018,,,,,8,ft2,,,,,,09MID1744_18,,N,,Y,,Solid/Sediment,Freshwater Taxonomy,,SURBER,,,,,,20,Number of Individual Organisms,,11/28/2018,,,1,Count,,,,,,,,,,,ID-COUNT-LEVEL2,,09MID1744_18,,"Rhithron Associates Inc, Missoula MT",,Cystobranchus salmositicus,69339,,unknown,,,,
Warning,Ambient Monitoring,09MID1744,09MID1744,Sample,GovLocal,10/4/2018,,,,,8,ft2,,,,,,09MID1744_18,,N,,Y,,Solid/Sediment,Freshwater Taxonomy,,SURBER,,,,,,20,Number of Individual Organisms,,11/28/2018,,,3,Count,,,,,,,,,,,ID-COUNT-LEVEL2,,09MID1744_18,,"Rhithron Associates Inc, Missoula MT",,Chamaedrilus,68510,,unknown,,,,
Warning,Ambient Monitoring,09MID1744,09MID1744,Sample,GovLocal,10/4/2018,,,,,8,ft2,,,,,,09MID1744_18,,N,,Y,,Solid/Sediment,Freshwater Taxonomy,,SURBER,,,,,,20,Number of Individual Organisms,,11/28/2018,,,4,Count,,,,,,,,,,,ID-COUNT-LEVEL2,,09MID1744_18,,"Rhithron Associates Inc, Missoula MT",,Tvetenia bavarica Group,129197,,Larva,,,,
Warning,Ambient Monitoring,09MID1744,09MID1744,Sample,GovLocal,10/4/2018,,,,,8,ft2,,,,,,09MID1744_18,,N,,Y,,Solid/Sediment,Freshwater Taxonomy,,SURBER,,,,,,20,Number of Individual Organisms,,11/28/2018,,,7,Count,,,,,,,,,,,ID-COUNT-LEVEL2,,09MID1744_18,,"Rhithron Associates Inc, Missoula MT",,Zapada oregonensis Group,102591,,Larva,,,,
Warning,Ambient Monitoring,09MID1744,09MID1744,Sample,GovLocal,10/4/2018,,,,,8,ft2,,,,,,09MID1744_18,,N,,Y,,Solid/Sediment,Freshwater Taxonomy,,SURBER,,,,,,20,Number of Individual Organisms,,11/28/2018,,,2,Count,,,,,,,,,,,ID-COUNT-LEVEL2,,09MID1744_18,,"Rhithron Associates Inc, Missoula MT",,Thremmatidae,598162,,Pupa,,,,
Warning,Ambient Monitoring,09MID1744,09MID1744,Sample,GovLocal,10/4/2018,,,,,8,ft2,,,,,,09MID1744_18,,N,,Y,,Solid/Sediment,Freshwater Taxonomy,,SURBER,,,,,,20,Number of Individual Organisms,,11/28/2018,,,5,Count,,,,,,,,,,,ID-COUNT-LEVEL2,,09MID1744_18,,"Rhithron Associates Inc, Missoula MT",,Rhyacophila betteni Group,115097,,Larva,,,,
Warning,Ambient Monitoring,09MID1744,09MID1744,Sample,GovLocal,10/4/2018,,,,,8,ft2,,,,,,09MID1744_18,,N,,Y,,Solid/Sediment,Freshwater Taxonomy,,SURBER,,,,,,20,Number of Individual Organisms,,11/28/2018,,,3,Count,,,,,,,,,,,ID-COUNT-LEVEL2,,09MID1744_18,,"Rhithron Associates Inc, Missoula MT",,Rhyacophila brunnea/vemna Group,115097,,Larva,,,,
Warning,Ambient Monitoring,09MID1744,09MID1744,Sample,GovLocal,10/4/2018,,,,,8,ft2,,,,,,09MID1744_18,,N,,Y,,Solid/Sediment,Freshwater Taxonomy,,SURBER,,,,,,20,Number of Individual Organisms,,11/28/2018,,,1,Count,,,,,,,,,,,ID-COUNT-LEVEL2,,09MID1744_18,,"Rhithron Associates Inc, Missoula MT",,Rhyacophila hyalinata Group,115097,,Larva,,,,
Warning,Ambient Monitoring,09MID1744,09MID1744,Sample,GovLocal,10/4/2018,,,,,8,ft2,,,,,,09MID1744_18,,N,,Y,,Solid/Sediment,Freshwater Taxonomy,,SURBER,,,,,,20,Number of Individual Organisms,,11/28/2018,,,91,Count,,,,,,,,,,,ID-COUNT-LEVEL2,,09MID1744_18,,"Rhithron Associates Inc, Missoula MT",,Baetis tricaudatus complex,100817,,Larva,,,,
Warning,Ambient Monitoring,09MID1744,09MID1744,Sample,GovLocal,9/12/2017,,,,,8,ft2,,,,,,09MID1744_17,,N,,Y,,Solid/Sediment,Freshwater Taxonomy,,SURBER,,,,,,16.67,Number of Individual Organisms,,4/19/2018,,,3,Count,,,,,,,,,,,ID-COUNT-LEVEL2,,09MID1744_17,,"Rhithron Associates Inc, Missoula MT",,Chamaedrilus,68510,,unknown,,,,
Warning,Ambient Monitoring,09MID1744,09MID1744,Sample,GovLocal,9/12/2017,,,,,8,ft2,,,,,,09MID1744_17,,N,,Y,,Solid/Sediment,Freshwater Taxonomy,,SURBER,,,,,,16.67,Number of Individual Organisms,,4/19/2018,,,1,Count,,,,,,,,,,,ID-COUNT-LEVEL2,,09MID1744_17,,"Rhithron Associates Inc, Missoula MT",,Monatractides,83249,,Adult,,,,
Warning,Ambient Monitoring,09MID1744,09MID1744,Sample,GovLocal,8/18/2015,,,,,8,ft2,,,,,,09MID1744_15,,N,,Y,,Solid/Sediment,Freshwater Taxonomy,,SURBER,,,,,,40,Number of Individual Organisms,,4/22/2016,,,11,Count,,,,,,,,,,,ID-COUNT-LEVEL2,,09MID1744_15,,"Rhithron Associates Inc, Missoula MT",,Tvetenia bavarica Group,129197,,Larva,,,,
Warning,Ambient Monitoring,09MID1744,09MID1744,Sample,GovLocal,8/18/2015,,,,,8,ft2,,,,,,09MID1744_15,,N,,Y,,Solid/Sediment,Freshwater Taxonomy,,SURBER,,,,,,40,Number of Individual Organisms,,4/22/2016,,,4,Count,,,,,,,,,,,ID-COUNT-LEVEL2,,09MID1744_15,,"Rhithron Associates Inc, Missoula MT",,Zapada oregonensis Group,102591,,Larva,,,,
Warning,Ambient Monitoring,09MID1744,09MID1744,Sample,GovLocal,8/18/2015,,,,,8,ft2,,,,,,09MID1744_15,,N,,Y,,Solid/Sediment,Freshwater Taxonomy,,SURBER,,,,,,40,Number of Individual Organisms,,4/22/2016,,,1,Count,,,,,,,,,,,ID-COUNT-LEVEL2,,09MID1744_15,,"Rhithron Associates Inc, Missoula MT",,Rhyacophila angelita Group,115097,,Larva,,,,
Warning,Ambient Monitoring,09MID1744,09MID1744,Sample,GovLocal,8/18/2015,,,,,8,ft2,,,,,,09MID1744_15,,N,,Y,,Solid/Sediment,Freshwater Taxonomy,,SURBER,,,,,,40,Number of Individual Organisms,,4/22/2016,,,4,Count,,,,,,,,,,,ID-COUNT-LEVEL2,,09MID1744_15,,"Rhithron Associates Inc, Missoula MT",,Rhyacophila betteni Group,115097,,Larva,,,,
Warning,Ambient Monitoring,09MID1744,09MID1744,Sample,GovLocal,8/18/2015,,,,,8,ft2,,,,,,09MID1744_15,,N,,Y,,Solid/Sediment,Freshwater Taxonomy,,SURBER,,,,,,40,Number of Individual Organisms,,4/22/2016,,,7,Count,,,,,,,,,,,ID-COUNT-LEVEL2,,09MID1744_15,,"Rhithron Associates Inc, Missoula MT",,Rhyacophila brunnea/vemna Group,115097,,Larva,,,,
Warning,Ambient Monitoring,09MID1744,09MID1744,Sample,GovLocal,8/18/2015,,,,,8,ft2,,,,,,09MID1744_15,,N,,Y,,Solid/Sediment,Freshwater Taxonomy,,SURBER,,,,,,40,Number of Individual Organisms,,4/22/2016,,,57,Count,,,,,,,,,,,ID-COUNT-LEVEL2,,09MID1744_15,,"Rhithron Associates Inc, Missoula MT",,Baetis tricaudatus complex,100817,,Larva,,,,
Warning,Ambient Monitoring,09MID1744,09MID1744,Sample,GovLocal,8/18/2015,,,,,8,ft2,,,,,,09MID1744_15_R,,Y,,Y,,Solid/Sediment,Freshwater Taxonomy,,SURBER,,,,,,46.67,Number of Individual Organisms,,4/22/2016,,,2,Count,,,,,,,,,,,ID-COUNT-LEVEL2,,09MID1744_15_R,,"Rhithron Associates Inc, Missoula MT",,Monatractides,83249,,Adult,,,,
Warning,Ambient Monitoring,09MID1744,09MID1744,Sample,GovLocal,8/18/2015,,,,,8,ft2,,,,,,09MID1744_15_R,,Y,,Y,,Solid/Sediment,Freshwater Taxonomy,,SURBER,,,,,,46.67,Number of Individual Organisms,,4/22/2016,,,6,Count,,,,,,,,,,,ID-COUNT-LEVEL2,,09MID1744_15_R,,"Rhithron Associates Inc, Missoula MT",,Tvetenia bavarica Group,129197,,Larva,,,,
Warning,Ambient Monitoring,09MID1744,09MID1744,Sample,GovLocal,8/18/2015,,,,,8,ft2,,,,,,09MID1744_15_R,,Y,,Y,,Solid/Sediment,Freshwater Taxonomy,,SURBER,,,,,,46.67,Number of Individual Organisms,,4/22/2016,,,5,Count,,,,,,,,,,,ID-COUNT-LEVEL2,,09MID1744_15_R,,"Rhithron Associates Inc, Missoula MT",,Zapada oregonensis Group,102591,,Larva,,,,
Warning,Ambient Monitoring,09MID1744,09MID1744,Sample,GovLocal,8/18/2015,,,,,8,ft2,,,,,,09MID1744_15_R,,Y,,Y,,Solid/Sediment,Freshwater Taxonomy,,SURBER,,,,,,46.67,Number of Individual Organisms,,4/22/2016,,,2,Count,,,,,,,,,,,ID-COUNT-LEVEL2,,09MID1744_15_R,,"Rhithron Associates Inc, Missoula MT",,Rhyacophila betteni Group,115097,,Larva,,,,
Warning,Ambient Monitoring,09MID1744,09MID1744,Sample,GovLocal,8/18/2015,,,,,8,ft2,,,,,,09MID1744_15_R,,Y,,Y,,Solid/Sediment,Freshwater Taxonomy,,SURBER,,,,,,46.67,Number of Individual Organisms,,4/22/2016,,,12,Count,,,,,,,,,,,ID-COUNT-LEVEL2,,09MID1744_15_R,,"Rhithron Associates Inc, Missoula MT",,Rhyacophila brunnea/vemna Group,115097,,Larva,,,,
Warning,Ambient Monitoring,09MID1817,09MID1817,Sample,GovLocal,8/3/2020,,,,,8,ft2,,,,,,09MID1817_20,,N,,Y,,Solid/Sediment,Freshwater Taxonomy,,SURBER,,,,,,60,Number of Individual Organisms,,4/30/2021,,,1,Count,,,,,,,,,,,ID-COUNT-LEVEL2,,09MID1817_20,,"Rhithron Associates Inc, Missoula MT",,Tvetenia bavarica Group,129197,,Larva,,,,
Warning,Ambient Monitoring,09MID1817,09MID1817,Sample,GovLocal,8/3/2020,,,,,8,ft2,,,,,,09MID1817_20,,N,,Y,,Solid/Sediment,Freshwater Taxonomy,,SURBER,,,,,,60,Number of Individual Organisms,,4/30/2021,,,1,Count,,,,,,,,,,,ID-COUNT-LEVEL2,,09MID1817_20,,"Rhithron Associates Inc, Missoula MT",,Thienemannimyia Group,128078,,Larva,,,,
Warning,Ambient Monitoring,09MID1817,09MID1817,Sample,GovLocal,8/3/2020,,,,,8,ft2,,,,,,09MID1817_20,,N,,Y,,Solid/Sediment,Freshwater Taxonomy,,SURBER,,,,,,60,Number of Individual Organisms,,4/30/2021,,,2,Count,,,,,,,,,,,ID-COUNT-LEVEL2,,09MID1817_20,,"Rhithron Associates Inc, Missoula MT",,Zapada oregonensis Group,102591,,Larva,,,,
Warning,Ambient Monitoring,09MID1817,09MID1817,Sample,GovLocal,8/3/2020,,,,,8,ft2,,,,,,09MID1817_20,,N,,Y,,Solid/Sediment,Freshwater Taxonomy,,SURBER,,,,,,60,Number of Individual Organisms,,4/30/2021,,,4,Count,,,,,,,,,,,ID-COUNT-LEVEL2,,09MID1817_20,,"Rhithron Associates Inc, Missoula MT",,Rhyacophila brunnea/vemna Group,115097,,Larva,,,,
Warning,Ambient Monitoring,09MID1817,09MID1817,Sample,GovLocal,8/3/2020,,,,,8,ft2,,,,,,09MID1817_20,,N,,Y,,Solid/Sediment,Freshwater Taxonomy,,SURBER,,,,,,60,Number of Individual Organisms,,4/30/2021,,,6,Count,,,,,,,,,,,ID-COUNT-LEVEL2,,09MID1817_20,,"Rhithron Associates Inc, Missoula MT",,Baetis tricaudatus complex,100817,,Larva,,,,
Warning,Ambient Monitoring,09MID1817,09MID1817,Sample,GovLocal,8/13/2019,,,,,8,ft2,,,,,,09MID1817_19,,N,,Y,,Solid/Sediment,Freshwater Taxonomy,,SURBER,,,,,,36.67,Number of Individual Organisms,,11/4/2019,,,2,Count,,,,,,,,,,,ID-COUNT-LEVEL2,,09MID1817_19,,"Rhithron Associates Inc, Missoula MT",,Chamaedrilus,68510,,unknown,,,,
Warning,Ambient Monitoring,09MID1817,09MID1817,Sample,GovLocal,8/13/2019,,,,,8,ft2,,,,,,09MID1817_19,,N,,Y,,Solid/Sediment,Freshwater Taxonomy,,SURBER,,,,,,36.67,Number of Individual Organisms,,11/4/2019,,,1,Count,,,,,,,,,,,ID-COUNT-LEVEL2,,09MID1817_19,,"Rhithron Associates Inc, Missoula MT",,Tvetenia tshernovskii,129197,,Larva,,,,
Warning,Ambient Monitoring,09MID1817,09MID1817,Sample,GovLocal,8/13/2019,,,,,8,ft2,,,,,,09MID1817_19,,N,,Y,,Solid/Sediment,Freshwater Taxonomy,,SURBER,,,,,,36.67,Number of Individual Organisms,,11/4/2019,,,2,Count,,,,,,,,,,,ID-COUNT-LEVEL2,,09MID1817_19,,"Rhithron Associates Inc, Missoula MT",,Tvetenia bavarica Group,129197,,Larva,,,,
Warning,Ambient Monitoring,09MID1817,09MID1817,Sample,GovLocal,8/13/2019,,,,,8,ft2,,,,,,09MID1817_19,,N,,Y,,Solid/Sediment,Freshwater Taxonomy,,SURBER,,,,,,36.67,Number of Individual Organisms,,11/4/2019,,,1,Count,,,,,,,,,,,ID-COUNT-LEVEL2,,09MID1817_19,,"Rhithron Associates Inc, Missoula MT",,Zapada oregonensis Group,102591,,Larva,,,,
Warning,Ambient Monitoring,09MID1817,09MID1817,Sample,GovLocal,8/13/2019,,,,,8,ft2,,,,,,09MID1817_19,,N,,Y,,Solid/Sediment,Freshwater Taxonomy,,SURBER,,,,,,36.67,Number of Individual Organisms,,11/4/2019,,,1,Count,,,,,,,,,,,ID-COUNT-LEVEL2,,09MID1817_19,,"Rhithron Associates Inc, Missoula MT",,Rhyacophila betteni Group,115097,,Larva,,,,
Warning,Ambient Monitoring,09MID1817,09MID1817,Sample,GovLocal,8/13/2019,,,,,8,ft2,,,,,,09MID1817_19,,N,,Y,,Solid/Sediment,Freshwater Taxonomy,,SURBER,,,,,,36.67,Number of Individual Organisms,,11/4/2019,,,1,Count,,,,,,,,,,,ID-COUNT-LEVEL2,,09MID1817_19,,"Rhithron Associates Inc, Missoula MT",,Rhyacophila brunnea/vemna Group,115097,,Larva,,,,
Warning,Ambient Monitoring,09MID1817,09MID1817,Sample,GovLocal,8/23/2018,,,,,8,ft2,,,,,,09MID1817_18,,N,,Y,,Solid/Sediment,Freshwater Taxonomy,,SURBER,,,,,,43.33,Number of Individual Organisms,,10/8/2018,,,2,Count,,,,,,,,,,,ID-COUNT-LEVEL2,,09MID1817_18,,"Rhithron Associates Inc, Missoula MT",,Chamaedrilus,68510,,unknown,,,,
Warning,Ambient Monitoring,09MID2426,09MID2426,Sample,GovLocal,8/21/2024,,,,,8,ft2,,,,,,09MID2426_24,,N,,Y,,Solid/Sediment,Freshwater Taxonomy,,SURBER,,,,,,23.33,Number of Individual Organisms,,2/5/2025,,,2,Count,,,,,,,,,,,ID-COUNT-LEVEL2,,09MID2426_24,,"Rhithron Associates Inc, Missoula MT",,Rhyacophila brunnea/vemna Group,115097,,Larva,,,,
Warning,Ambient Monitoring,09MID2426,09MID2426,Sample,GovLocal,8/21/2024,,,,,8,ft2,,,,,,09MID2426_24,,N,,Y,,Solid/Sediment,Freshwater Taxonomy,,SURBER,,,,,,23.33,Number of Individual Organisms,,2/5/2025,,,8,Count,,,,,,,,,,,ID-COUNT-LEVEL2,,09MID2426_24,,"Rhithron Associates Inc, Missoula MT",,Baetis tricaudatus complex,100817,,Larva,,,,
Warning,Ambient Monitoring,09MID2426,09MID2426,Sample,GovLocal,10/5/2023,,,,,8,ft2,,,,,,09MID2426_23,,N,,Y,,Solid/Sediment,Freshwater Taxonomy,,SURBER,,,,,,36.67,Number of Individual Organisms,,4/18/2024,,,1,Count,,,,,,,,,,,ID-COUNT-LEVEL2,,09MID2426_23,,"Rhithron Associates Inc, Missoula MT",,Tvetenia bavarica Group,129197,,Larva,,,,
Warning,Ambient Monitoring,09MID2426,09MID2426,Sample,GovLocal,10/5/2023,,,,,8,ft2,,,,,,09MID2426_23,,N,,Y,,Solid/Sediment,Freshwater Taxonomy,,SURBER,,,,,,36.67,Number of Individual Organisms,,4/18/2024,,,4,Count,,,,,,,,,,,ID-COUNT-LEVEL2,,09MID2426_23,,"Rhithron Associates Inc, Missoula MT",,Zapada oregonensis Group,102591,,Larva,,,,
Warning,Ambient Monitoring,09MID2426,09MID2426,Sample,GovLocal,10/5/2023,,,,,8,ft2,,,,,,09MID2426_23,,N,,Y,,Solid/Sediment,Freshwater Taxonomy,,SURBER,,,,,,36.67,Number of Individual Organisms,,4/18/2024,,,8,Count,,,,,,,,,,,ID-COUNT-LEVEL2,,09MID2426_23,,"Rhithron Associates Inc, Missoula MT",,Rhyacophila betteni Group,115097,,Larva,,,,
Warning,Ambient Monitoring,09MID2426,09MID2426,Sample,GovLocal,10/5/2023,,,,,8,ft2,,,,,,09MID2426_23,,N,,Y,,Solid/Sediment,Freshwater Taxonomy,,SURBER,,,,,,36.67,Number of Individual Organisms,,4/18/2024,,,1,Count,,,,,,,,,,,ID-COUNT-LEVEL2,,09MID2426_23,,"Rhithron Associates Inc, Missoula MT",,Rhyacophila brunnea/vemna Group,115097,,Larva,,,,
Warning,Ambient Monitoring,09MID2426,09MID2426,Sample,GovLocal,10/5/2023,,,,,8,ft2,,,,,,09MID2426_23,,N,,Y,,Solid/Sediment,Freshwater Taxonomy,,SURBER,,,,,,36.67,Number of Individual Organisms,,4/18/2024,,,42,Count,,,,,,,,,,,ID-COUNT-LEVEL2,,09MID2426_23,,"Rhithron Associates Inc, Missoula MT",,Neoleptophlebia,101095,,Larva,,,,
Warning,Ambient Monitoring,09MID2426,09MID2426,Sample,GovLocal,10/5/2023,,,,,8,ft2,,,,,,09MID2426_23,,N,,Y,,Solid/Sediment,Freshwater Taxonomy,,SURBER,,,,,,36.67,Number of Individual Organisms,,4/18/2024,,,6,Count,,,,,,,,,,,ID-COUNT-LEVEL2,,09MID2426_23,,"Rhithron Associates Inc, Missoula MT",,Baetis tricaudatus complex,100817,,Larva,,,,
Warning,Ambient Monitoring,09MID2426,09MID2426,Sample,GovLocal,10/5/2023,,,,,8,ft2,,,,,,09MID2426_23_R,,Y,,Y,,Solid/Sediment,Freshwater Taxonomy,,SURBER,,,,,,43.33,Number of Individual Organisms,,4/18/2024,,,3,Count,,,,,,,,,,,ID-COUNT-LEVEL2,,09MID2426_23_R,,"Rhithron Associates Inc, Missoula MT",,Monatractides,83249,,Adult,,,,
Warning,Ambient Monitoring,09MID2426,09MID2426,Sample,GovLocal,10/5/2023,,,,,8,ft2,,,,,,09MID2426_23_R,,Y,,Y,,Solid/Sediment,Freshwater Taxonomy,,SURBER,,,,,,43.33,Number of Individual Organisms,,4/18/2024,,,3,Count,,,,,,,,,,,ID-COUNT-LEVEL2,,09MID2426_23_R,,"Rhithron Associates Inc, Missoula MT",,Tvetenia bavarica Group,129197,,Larva,,,,
Warning,Ambient Monitoring,09MID2426,09MID2426,Sample,GovLocal,10/5/2023,,,,,8,ft2,,,,,,09MID2426_23_R,,Y,,Y,,Solid/Sediment,Freshwater Taxonomy,,SURBER,,,,,,43.33,Number of Individual Organisms,,4/18/2024,,,17,Count,,,,,,,,,,,ID-COUNT-LEVEL2,,09MID2426_23_R,,"Rhithron Associates Inc, Missoula MT",,Zapada oregonensis Group,102591,,Larva,,,,
Warning,Ambient Monitoring,09MID2426,09MID2426,Sample,GovLocal,9/30/2019,,,,,8,ft2,,,,,,09MID2426_19,,N,,Y,,Solid/Sediment,Freshwater Taxonomy,,SURBER,,,,,,66.67,Number of Individual Organisms,,12/18/2019,,,8,Count,,,,,,,,,,,ID-COUNT-LEVEL2,,09MID2426_19,,"Rhithron Associates Inc, Missoula MT",,Zapada oregonensis Group,102591,,Larva,,,,
Warning,Ambient Monitoring,09MID2426,09MID2426,Sample,GovLocal,9/30/2019,,,,,8,ft2,,,,,,09MID2426_19,,N,,Y,,Solid/Sediment,Freshwater Taxonomy,,SURBER,,,,,,66.67,Number of Individual Organisms,,12/18/2019,,,3,Count,,,,,,,,,,,ID-COUNT-LEVEL2,,09MID2426_19,,"Rhithron Associates Inc, Missoula MT",,Rhyacophila betteni Group,115097,,Larva,,,,
Warning,Ambient Monitoring,09MID2426,09MID2426,Sample,GovLocal,9/30/2019,,,,,8,ft2,,,,,,09MID2426_19,,N,,Y,,Solid/Sediment,Freshwater Taxonomy,,SURBER,,,,,,66.67,Number of Individual Organisms,,12/18/2019,,,2,Count,,,,,,,,,,,ID-COUNT-LEVEL2,,09MID2426_19,,"Rhithron Associates Inc, Missoula MT",,Rhyacophila brunnea/vemna Group,115097,,Larva,,,,
Warning,Ambient Monitoring,09MID2426,09MID2426,Sample,GovLocal,9/30/2019,,,,,8,ft2,,,,,,09MID2426_19,,N,,Y,,Solid/Sediment,Freshwater Taxonomy,,SURBER,,,,,,66.67,Number of Individual Organisms,,12/18/2019,,,1,Count,,,,,,,,,,,ID-COUNT-LEVEL2,,09MID2426_19,,"Rhithron Associates Inc, Missoula MT",,Rhyacophila hyalinata Group,115097,,Larva,,,,
Warning,Ambient Monitoring,09MID2426,09MID2426,Sample,GovLocal,9/30/2019,,,,,8,ft2,,,,,,09MID2426_19,,N,,Y,,Solid/Sediment,Freshwater Taxonomy,,SURBER,,,,,,66.67,Number of Individual Organisms,,12/18/2019,,,1,Count,,,,,,,,,,,ID-COUNT-LEVEL2,,09MID2426_19,,"Rhithron Associates Inc, Missoula MT",,Ephemerella excrucians Group,101276,,Larva,,,,
Warning,Ambient Monitoring,09MID2426,09MID2426,Sample,GovLocal,9/30/2019,,,,,8,ft2,,,,,,09MID2426_19,,N,,Y,,Solid/Sediment,Freshwater Taxonomy,,SURBER,,,,,,66.67,Number of Individual Organisms,,12/18/2019,,,19,Count,,,,,,,,,,,ID-COUNT-LEVEL2,,09MID2426_19,,"Rhithron Associates Inc, Missoula MT",,Baetis tricaudatus complex,100817,,Larva,,,,
Warning,Ambient Monitoring,09MID2426,09MID2426,Sample,GovLocal,8/23/2018,,,,,8,ft2,,,,,,09MID2426_18,,N,,Y,,Solid/Sediment,Freshwater Taxonomy,,SURBER,,,,,,100,Number of Individual Organisms,,10/8/2018,,,29,Count,,,,,,,,,,,ID-COUNT-LEVEL2,,09MID2426_18,,"Rhithron Associates Inc, Missoula MT",,Chamaedrilus,68510,,unknown,,,,
Warning,Ambient Monitoring,09MID2426,09MID2426,Sample,GovLocal,8/23/2018,,,,,8,ft2,,,,,,09MID2426_18,,N,,Y,,Solid/Sediment,Freshwater Taxonomy,,SURBER,,,,,,100,Number of Individual Organisms,,10/8/2018,,,10,Count,,,,,,,,,,,ID-COUNT-LEVEL2,,09MID2426_18,,"Rhithron Associates Inc, Missoula MT",,Monatractides,83249,,Adult,,,,
Warning,Ambient Monitoring,09MID2426,09MID2426,Sample,GovLocal,8/23/2018,,,,,8,ft2,,,,,,09MID2426_18,,N,,Y,,Solid/Sediment,Freshwater Taxonomy,,SURBER,,,,,,100,Number of Individual Organisms,,10/8/2018,,,6,Count,,,,,,,,,,,ID-COUNT-LEVEL2,,09MID2426_18,,"Rhithron Associates Inc, Missoula MT",,Zapada oregonensis Group,102591,,Larva,,,,
Warning,Ambient Monitoring,09MID2426,09MID2426,Sample,GovLocal,8/23/2018,,,,,8,ft2,,,,,,09MID2426_18,,N,,Y,,Solid/Sediment,Freshwater Taxonomy,,SURBER,,,,,,100,Number of Individual Organisms,,10/8/2018,,,3,Count,,,,,,,,,,,ID-COUNT-LEVEL2,,09MID2426_18,,"Rhithron Associates Inc, Missoula MT",,Rhyacophila betteni Group,115097,,Larva,,,,
Warning,Ambient Monitoring,09MID2426,09MID2426,Sample,GovLocal,8/23/2018,,,,,8,ft2,,,,,,09MID2426_18,,N,,Y,,Solid/Sediment,Freshwater Taxonomy,,SURBER,,,,,,100,Number of Individual Organisms,,10/8/2018,,,8,Count,,,,,,,,,,,ID-COUNT-LEVEL2,,09MID2426_18,,"Rhithron Associates Inc, Missoula MT",,Rhyacophila brunnea/vemna Group,115097,,Larva,,,,
Warning,Ambient Monitoring,09MID2426,09MID2426,Sample,GovLocal,8/23/2018,,,,,8,ft2,,,,,,09MID2426_18,,N,,Y,,Solid/Sediment,Freshwater Taxonomy,,SURBER,,,,,,100,Number of Individual Organisms,,10/8/2018,,,4,Count,,,,,,,,,,,ID-COUNT-LEVEL2,,09MID2426_18,,"Rhithron Associates Inc, Missoula MT",,Rhyacophila hyalinata Group,115097,,Larva,,,,
Warning,Ambient Monitoring,09MID2426,09MID2426,Sample,GovLocal,8/23/2018,,,,,8,ft2,,,,,,09MID2426_18,,N,,Y,,Solid/Sediment,Freshwater Taxonomy,,SURBER,,,,,,100,Number of Individual Organisms,,10/8/2018,,,5,Count,,,,,,,,,,,ID-COUNT-LEVEL2,,09MID2426_18,,"Rhithron Associates Inc, Missoula MT",,Baetis tricaudatus complex,100817,,Larva,,,,
Warning,Ambient Monitoring,09MID2426,09MID2426,Sample,GovLocal,8/16/2017,,,,,8,ft2,,,,,,09MID2426_17,,N,,Y,,Solid/Sediment,Freshwater Taxonomy,,SURBER,,,,,,50,Number of Individual Organisms,,3/16/2018,,,95,Count,,,,,,,,,,,ID-COUNT-LEVEL2,,09MID2426_17,,"Rhithron Associates Inc, Missoula MT",,Chamaedrilus,68510,,unknown,,,,
Warning,Ambient Monitoring,09MID2426,09MID2426,Sample,GovLocal,8/16/2017,,,,,8,ft2,,,,,,09MID2426_17,,N,,Y,,Solid/Sediment,Freshwater Taxonomy,,SURBER,,,,,,50,Number of Individual Organisms,,3/16/2018,,,3,Count,,,,,,,,,,,ID-COUNT-LEVEL2,,09MID2426_17,,"Rhithron Associates Inc, Missoula MT",,Monatractides,83249,,Adult,,,,
Warning,Ambient Monitoring,09MID2426,09MID2426,Sample,GovLocal,8/16/2017,,,,,8,ft2,,,,,,09MID2426_17,,N,,Y,,Solid/Sediment,Freshwater Taxonomy,,SURBER,,,,,,50,Number of Individual Organisms,,3/16/2018,,,1,Count,,,,,,,,,,,ID-COUNT-LEVEL2,,09MID2426_17,,"Rhithron Associates Inc, Missoula MT",,Empididae Genus B,0,,Larva,,,,
Warning,Ambient Monitoring,09MID2426,09MID2426,Sample,GovLocal,8/16/2017,,,,,8,ft2,,,,,,09MID2426_17,,N,,Y,,Solid/Sediment,Freshwater Taxonomy,,SURBER,,,,,,50,Number of Individual Organisms,,3/16/2018,,,1,Count,,,,,,,,,,,ID-COUNT-LEVEL2,,09MID2426_17,,"Rhithron Associates Inc, Missoula MT",,Tvetenia bavarica Group,129197,,Larva,,,,
Warning,Ambient Monitoring,09MID1958,09MID1958,Sample,GovLocal,8/1/2022,,,,,8,ft2,,,,,,09MID1958_22,,N,,Y,,Solid/Sediment,Freshwater Taxonomy,,SURBER,,,,,,36.67,Number of Individual Organisms,,5/23/2023,,,1,Count,,,,,,,,,,,ID-COUNT-LEVEL2,,09MID1958_22,,"Rhithron Associates Inc, Missoula MT",,Rhyacophila vagrita Group,115097,,Larva,,,,
Warning,Ambient Monitoring,09MID1958,09MID1958,Sample,GovLocal,8/1/2022,,,,,8,ft2,,,,,,09MID1958_22,,N,,Y,,Solid/Sediment,Freshwater Taxonomy,,SURBER,,,,,,36.67,Number of Individual Organisms,,5/23/2023,,,1,Count,,,,,,,,,,,ID-COUNT-LEVEL2,,09MID1958_22,,"Rhithron Associates Inc, Missoula MT",,Rhyacophila verrula Group,115097,,Larva,,,,
Warning,Ambient Monitoring,09MID1958,09MID1958,Sample,GovLocal,8/1/2022,,,,,8,ft2,,,,,,09MID1958_22,,N,,Y,,Solid/Sediment,Freshwater Taxonomy,,SURBER,,,,,,36.67,Number of Individual Organisms,,5/23/2023,,,120,Count,,,,,,,,,,,ID-COUNT-LEVEL2,,09MID1958_22,,"Rhithron Associates Inc, Missoula MT",,Baetis tricaudatus complex,100817,,Larva,,,,
Warning,Ambient Monitoring,09MID1958,09MID1958,Sample,GovLocal,8/5/2021,,,,,8,ft2,,,,,,09MID1958_21,,N,,Y,,Solid/Sediment,Freshwater Taxonomy,,SURBER,,,,,,20,Number of Individual Organisms,,12/17/2021,,,2,Count,,,,,,,,,,,ID-COUNT-LEVEL2,,09MID1958_21,,"Rhithron Associates Inc, Missoula MT",,Oropuella,128457,,Larva,,,,
Warning,Ambient Monitoring,09MID1958,09MID1958,Sample,GovLocal,8/5/2021,,,,,8,ft2,,,,,,09MID1958_21,,N,,Y,,Solid/Sediment,Freshwater Taxonomy,,SURBER,,,,,,20,Number of Individual Organisms,,12/17/2021,,,2,Count,,,,,,,,,,,ID-COUNT-LEVEL2,,09MID1958_21,,"Rhithron Associates Inc, Missoula MT",,Tvetenia bavarica Group,129197,,Larva,,,,
Warning,Ambient Monitoring,09MID1958,09MID1958,Sample,GovLocal,8/5/2021,,,,,8,ft2,,,,,,09MID1958_21,,N,,Y,,Solid/Sediment,Freshwater Taxonomy,,SURBER,,,,,,20,Number of Individual Organisms,,12/17/2021,,,3,Count,,,,,,,,,,,ID-COUNT-LEVEL2,,09MID1958_21,,"Rhithron Associates Inc, Missoula MT",,Rhyacophila betteni Group,115097,,Larva,,,,
Warning,Ambient Monitoring,09MID1958,09MID1958,Sample,GovLocal,8/5/2021,,,,,8,ft2,,,,,,09MID1958_21,,N,,Y,,Solid/Sediment,Freshwater Taxonomy,,SURBER,,,,,,20,Number of Individual Organisms,,12/17/2021,,,18,Count,,,,,,,,,,,ID-COUNT-LEVEL2,,09MID1958_21,,"Rhithron Associates Inc, Missoula MT",,Baetis tricaudatus complex,100817,,Larva,,,,
Warning,Ambient Monitoring,09MID1958,09MID1958,Sample,GovLocal,9/29/2020,,,,,8,ft2,,,,,,09MID1958_20,,N,,Y,,Solid/Sediment,Freshwater Taxonomy,,SURBER,,,,,,16.67,Number of Individual Organisms,,4/30/2021,,,19,Count,,,,,,,,,,,ID-COUNT-LEVEL2,,09MID1958_20,,"Rhithron Associates Inc, Missoula MT",,Tvetenia bavarica Group,129197,,Larva,,,,
Warning,Ambient Monitoring,09MID1958,09MID1958,Sample,GovLocal,9/29/2020,,,,,8,ft2,,,,,,09MID1958_20,,N,,Y,,Solid/Sediment,Freshwater Taxonomy,,SURBER,,,,,,16.67,Number of Individual Organisms,,4/30/2021,,,5,Count,,,,,,,,,,,ID-COUNT-LEVEL2,,09MID1958_20,,"Rhithron Associates Inc, Missoula MT",,Zapada oregonensis Group,102591,,Larva,,,,
Warning,Ambient Monitoring,09MID1958,09MID1958,Sample,GovLocal,9/29/2020,,,,,8,ft2,,,,,,09MID1958_20,,N,,Y,,Solid/Sediment,Freshwater Taxonomy,,SURBER,,,,,,16.67,Number of Individual Organisms,,4/30/2021,,,1,Count,,,,,,,,,,,ID-COUNT-LEVEL2,,09MID1958_20,,"Rhithron Associates Inc, Missoula MT",,Rhyacophila betteni Group,115097,,Larva,,,,
Warning,Ambient Monitoring,09MID1958,09MID1958,Sample,GovLocal,9/29/2020,,,,,8,ft2,,,,,,09MID1958_20,,N,,Y,,Solid/Sediment,Freshwater Taxonomy,,SURBER,,,,,,16.67,Number of Individual Organisms,,4/30/2021,,,4,Count,,,,,,,,,,,ID-COUNT-LEVEL2,,09MID1958_20,,"Rhithron Associates Inc, Missoula MT",,Rhyacophila brunnea/vemna Group,115097,,Larva,,,,
Warning,Ambient Monitoring,09MID1958,09MID1958,Sample,GovLocal,9/29/2020,,,,,8,ft2,,,,,,09MID1958_20,,N,,Y,,Solid/Sediment,Freshwater Taxonomy,,SURBER,,,,,,16.67,Number of Individual Organisms,,4/30/2021,,,52,Count,,,,,,,,,,,ID-COUNT-LEVEL2,,09MID1958_20,,"Rhithron Associates Inc, Missoula MT",,Baetis tricaudatus complex,100817,,Larva,,,,
Warning,Ambient Monitoring,09MID1374,09MID1374,Sample,GovLocal,9/6/2023,,,,,8,ft2,,,,,,09MID1374_23,,N,,Y,,Solid/Sediment,Freshwater Taxonomy,,SURBER,,,,,,16.67,Number of Individual Organisms,,4/1/2024,,,12,Count,,,,,,,,,,,ID-COUNT-LEVEL2,,09MID1374_23,,"Rhithron Associates Inc, Missoula MT",,Tvetenia bavarica Group,129197,,Larva,,,,
Warning,Ambient Monitoring,09MID1374,09MID1374,Sample,GovLocal,9/6/2023,,,,,8,ft2,,,,,,09MID1374_23,,N,,Y,,Solid/Sediment,Freshwater Taxonomy,,SURBER,,,,,,16.67,Number of Individual Organisms,,4/1/2024,,,4,Count,,,,,,,,,,,ID-COUNT-LEVEL2,,09MID1374_23,,"Rhithron Associates Inc, Missoula MT",,Pericomaini,125391,,Larva,,,,
Warning,Ambient Monitoring,09MID1374,09MID1374,Sample,GovLocal,9/6/2023,,,,,8,ft2,,,,,,09MID1374_23,,N,,Y,,Solid/Sediment,Freshwater Taxonomy,,SURBER,,,,,,16.67,Number of Individual Organisms,,4/1/2024,,,16,Count,,,,,,,,,,,ID-COUNT-LEVEL2,,09MID1374_23,,"Rhithron Associates Inc, Missoula MT",,Zapada oregonensis Group,102591,,Larva,,,,
Warning,Ambient Monitoring,09MID1374,09MID1374,Sample,GovLocal,9/6/2023,,,,,8,ft2,,,,,,09MID1374_23,,N,,Y,,Solid/Sediment,Freshwater Taxonomy,,SURBER,,,,,,16.67,Number of Individual Organisms,,4/1/2024,,,2,Count,,,,,,,,,,,ID-COUNT-LEVEL2,,09MID1374_23,,"Rhithron Associates Inc, Missoula MT",,Rhyacophila betteni Group,115097,,Larva,,,,
Warning,Ambient Monitoring,09MID1374,09MID1374,Sample,GovLocal,9/6/2023,,,,,8,ft2,,,,,,09MID1374_23,,N,,Y,,Solid/Sediment,Freshwater Taxonomy,,SURBER,,,,,,16.67,Number of Individual Organisms,,4/1/2024,,,7,Count,,,,,,,,,,,ID-COUNT-LEVEL2,,09MID1374_23,,"Rhithron Associates Inc, Missoula MT",,Rhyacophila brunnea/vemna Group,115097,,Larva,,,,
Warning,Ambient Monitoring,09MID1374,09MID1374,Sample,GovLocal,9/6/2023,,,,,8,ft2,,,,,,09MID1374_23,,N,,Y,,Solid/Sediment,Freshwater Taxonomy,,SURBER,,,,,,16.67,Number of Individual Organisms,,4/1/2024,,,9,Count,,,,,,,,,,,ID-COUNT-LEVEL2,,09MID1374_23,,"Rhithron Associates Inc, Missoula MT",,Ephemerella excrucians Group,101276,,Larva,,,,
Warning,Ambient Monitoring,09MID1374,09MID1374,Sample,GovLocal,9/6/2023,,,,,8,ft2,,,,,,09MID1374_23,,N,,Y,,Solid/Sediment,Freshwater Taxonomy,,SURBER,,,,,,16.67,Number of Individual Organisms,,4/1/2024,,,63,Count,,,,,,,,,,,ID-COUNT-LEVEL2,,09MID1374_23,,"Rhithron Associates Inc, Missoula MT",,Baetis tricaudatus complex,100817,,Larva,,,,
Warning,Ambient Monitoring,09MID1374,09MID1374,Sample,GovLocal,9/6/2023,,,,,8,ft2,,,,,,09MID1374_23_R,,Y,,Y,,Solid/Sediment,Freshwater Taxonomy,,SURBER,,,,,,26.67,Number of Individual Organisms,,4/1/2024,,,1,Count,,,,,,,,,,,ID-COUNT-LEVEL2,,09MID1374_23_R,,"Rhithron Associates Inc, Missoula MT",,Naidinae,68509,,unknown,,,,
Warning,Ambient Monitoring,09MID1374,09MID1374,Sample,GovLocal,9/6/2023,,,,,8,ft2,,,,,,09MID1374_23_R,,Y,,Y,,Solid/Sediment,Freshwater Taxonomy,,SURBER,,,,,,26.67,Number of Individual Organisms,,4/1/2024,,,4,Count,,,,,,,,,,,ID-COUNT-LEVEL2,,09MID1374_23_R,,"Rhithron Associates Inc, Missoula MT",,Orthocladiinae Genus 5 (Coffman and Ferrington),128457,,Larva,,,,
Warning,Ambient Monitoring,09MID1374,09MID1374,Sample,GovLocal,9/6/2023,,,,,8,ft2,,,,,,09MID1374_23_R,,Y,,Y,,Solid/Sediment,Freshwater Taxonomy,,SURBER,,,,,,26.67,Number of Individual Organisms,,4/1/2024,,,3,Count,,,,,,,,,,,ID-COUNT-LEVEL2,,09MID1374_23_R,,"Rhithron Associates Inc, Missoula MT",,Orthocladiinae Genus 5 (Coffman and Ferrington),128457,,Pupa,,,,
Warning,Ambient Monitoring,09MID1374,09MID1374,Sample,GovLocal,9/6/2023,,,,,8,ft2,,,,,,09MID1374_23_R,,Y,,Y,,Solid/Sediment,Freshwater Taxonomy,,SURBER,,,,,,26.67,Number of Individual Organisms,,4/1/2024,,,12,Count,,,,,,,,,,,ID-COUNT-LEVEL2,,09MID1374_23_R,,"Rhithron Associates Inc, Missoula MT",,Tvetenia bavarica Group,129197,,Larva,,,,
Warning,Ambient Monitoring,09MID1374,09MID1374,Sample,GovLocal,9/6/2023,,,,,8,ft2,,,,,,09MID1374_23_R,,Y,,Y,,Solid/Sediment,Freshwater Taxonomy,,SURBER,,,,,,26.67,Number of Individual Organisms,,4/1/2024,,,4,Count,,,,,,,,,,,ID-COUNT-LEVEL2,,09MID1374_23_R,,"Rhithron Associates Inc, Missoula MT",,Pericomaini,125391,,Larva,,,,
Warning,Ambient Monitoring,09MID1374,09MID1374,Sample,GovLocal,9/6/2023,,,,,8,ft2,,,,,,09MID1374_23_R,,Y,,Y,,Solid/Sediment,Freshwater Taxonomy,,SURBER,,,,,,26.67,Number of Individual Organisms,,4/1/2024,,,1,Count,,,,,,,,,,,ID-COUNT-LEVEL2,,09MID1374_23_R,,"Rhithron Associates Inc, Missoula MT",,Eloeophila,120030,,Larva,,,,
Warning,Ambient Monitoring,09MID1374,09MID1374,Sample,GovLocal,9/6/2023,,,,,8,ft2,,,,,,09MID1374_23_R,,Y,,Y,,Solid/Sediment,Freshwater Taxonomy,,SURBER,,,,,,26.67,Number of Individual Organisms,,4/1/2024,,,14,Count,,,,,,,,,,,ID-COUNT-LEVEL2,,09MID1374_23_R,,"Rhithron Associates Inc, Missoula MT",,Zapada oregonensis Group,102591,,Larva,,,,
Warning,Ambient Monitoring,09MID1374,09MID1374,Sample,GovLocal,9/6/2023,,,,,8,ft2,,,,,,09MID1374_23_R,,Y,,Y,,Solid/Sediment,Freshwater Taxonomy,,SURBER,,,,,,26.67,Number of Individual Organisms,,4/1/2024,,,7,Count,,,,,,,,,,,ID-COUNT-LEVEL2,,09MID1374_23_R,,"Rhithron Associates Inc, Missoula MT",,Rhyacophila betteni Group,115097,,Larva,,,,
Warning,Ambient Monitoring,09MID1374,09MID1374,Sample,GovLocal,9/6/2023,,,,,8,ft2,,,,,,09MID1374_23_R,,Y,,Y,,Solid/Sediment,Freshwater Taxonomy,,SURBER,,,,,,26.67,Number of Individual Organisms,,4/1/2024,,,3,Count,,,,,,,,,,,ID-COUNT-LEVEL2,,09MID1374_23_R,,"Rhithron Associates Inc, Missoula MT",,Rhyacophila brunnea/vemna Group,115097,,Larva,,,,
Warning,Ambient Monitoring,09MID1374,09MID1374,Sample,GovLocal,9/6/2023,,,,,8,ft2,,,,,,09MID1374_23_R,,Y,,Y,,Solid/Sediment,Freshwater Taxonomy,,SURBER,,,,,,26.67,Number of Individual Organisms,,4/1/2024,,,3,Count,,,,,,,,,,,ID-COUNT-LEVEL2,,09MID1374_23_R,,"Rhithron Associates Inc, Missoula MT",,Ephemerella excrucians Group,101276,,Larva,,,,
Warning,Ambient Monitoring,09MID1374,09MID1374,Sample,GovLocal,9/6/2023,,,,,8,ft2,,,,,,09MID1374_23_R,,Y,,Y,,Solid/Sediment,Freshwater Taxonomy,,SURBER,,,,,,26.67,Number of Individual Organisms,,4/1/2024,,,110,Count,,,,,,,,,,,ID-COUNT-LEVEL2,,09MID1374_23_R,,"Rhithron Associates Inc, Missoula MT",,Baetis tricaudatus complex,100817,,Larva,,,,
Warning,Ambient Monitoring,09MID1374,09MID1374,Sample,GovLocal,8/23/2018,,,,,8,ft2,,,,,,09MID1374_18,,N,,Y,,Solid/Sediment,Freshwater Taxonomy,,SURBER,,,,,,13.33,Number of Individual Organisms,,10/8/2018,,,35,Count,,,,,,,,,,,ID-COUNT-LEVEL2,,09MID1374_18,,"Rhithron Associates Inc, Missoula MT",,Tvetenia bavarica Group,129197,,Larva,,,,
Warning,Ambient Monitoring,09MID1374,09MID1374,Sample,GovLocal,8/23/2018,,,,,8,ft2,,,,,,09MID1374_18,,N,,Y,,Solid/Sediment,Freshwater Taxonomy,,SURBER,,,,,,13.33,Number of Individual Organisms,,10/8/2018,,,1,Count,,,,,,,,,,,ID-COUNT-LEVEL2,,09MID1374_18,,"Rhithron Associates Inc, Missoula MT",,Zapada oregonensis Group,102591,,Larva,,,,
Warning,Ambient Monitoring,09MID1374,09MID1374,Sample,GovLocal,8/23/2018,,,,,8,ft2,,,,,,09MID1374_18,,N,,Y,,Solid/Sediment,Freshwater Taxonomy,,SURBER,,,,,,13.33,Number of Individual Organisms,,10/8/2018,,,3,Count,,,,,,,,,,,ID-COUNT-LEVEL2,,09MID1374_18,,"Rhithron Associates Inc, Missoula MT",,Rhyacophila betteni Group,115097,,Larva,,,,
Warning,Ambient Monitoring,09MID1374,09MID1374,Sample,GovLocal,8/23/2018,,,,,8,ft2,,,,,,09MID1374_18,,N,,Y,,Solid/Sediment,Freshwater Taxonomy,,SURBER,,,,,,13.33,Number of Individual Organisms,,10/8/2018,,,6,Count,,,,,,,,,,,ID-COUNT-LEVEL2,,09MID1374_18,,"Rhithron Associates Inc, Missoula MT",,Rhyacophila brunnea/vemna Group,115097,,Larva,,,,
Warning,Ambient Monitoring,09MID1374,09MID1374,Sample,GovLocal,8/23/2018,,,,,8,ft2,,,,,,09MID1374_18,,N,,Y,,Solid/Sediment,Freshwater Taxonomy,,SURBER,,,,,,13.33,Number of Individual Organisms,,10/8/2018,,,83,Count,,,,,,,,,,,ID-COUNT-LEVEL2,,09MID1374_18,,"Rhithron Associates Inc, Missoula MT",,Baetis tricaudatus complex,100817,,Larva,,,,
Warning,Ambient Monitoring,09MID1374,09MID1374,Sample,GovLocal,8/24/2017,,,,,8,ft2,,,,,,09MID1374_17,,N,,Y,,Solid/Sediment,Freshwater Taxonomy,,SURBER,,,,,,13.33,Number of Individual Organisms,,4/19/2018,,,1,Count,,,,,,,,,,,ID-COUNT-LEVEL2,,09MID1374_17,,"Rhithron Associates Inc, Missoula MT",,Monatractides,83249,,Adult,,,,
Warning,Ambient Monitoring,09MID1374,09MID1374,Sample,GovLocal,8/24/2017,,,,,8,ft2,,,,,,09MID1374_17,,N,,Y,,Solid/Sediment,Freshwater Taxonomy,,SURBER,,,,,,13.33,Number of Individual Organisms,,4/19/2018,,,32,Count,,,,,,,,,,,ID-COUNT-LEVEL2,,09MID1374_17,,"Rhithron Associates Inc, Missoula MT",,Tvetenia bavarica Group,129197,,Larva,,,,
Warning,Ambient Monitoring,09MID1374,09MID1374,Sample,GovLocal,8/24/2017,,,,,8,ft2,,,,,,09MID1374_17,,N,,Y,,Solid/Sediment,Freshwater Taxonomy,,SURBER,,,,,,13.33,Number of Individual Organisms,,4/19/2018,,,4,Count,,,,,,,,,,,ID-COUNT-LEVEL2,,09MID1374_17,,"Rhithron Associates Inc, Missoula MT",,Zapada oregonensis Group,102591,,Larva,,,,
Warning,Ambient Monitoring,09MID1374,09MID1374,Sample,GovLocal,8/24/2017,,,,,8,ft2,,,,,,09MID1374_17,,N,,Y,,Solid/Sediment,Freshwater Taxonomy,,SURBER,,,,,,13.33,Number of Individual Organisms,,4/19/2018,,,4,Count,,,,,,,,,,,ID-COUNT-LEVEL2,,09MID1374_17,,"Rhithron Associates Inc, Missoula MT",,Rhyacophila betteni Group,115097,,Larva,,,,
Warning,Ambient Monitoring,09MID1374,09MID1374,Sample,GovLocal,8/24/2017,,,,,8,ft2,,,,,,09MID1374_17,,N,,Y,,Solid/Sediment,Freshwater Taxonomy,,SURBER,,,,,,13.33,Number of Individual Organisms,,4/19/2018,,,4,Count,,,,,,,,,,,ID-COUNT-LEVEL2,,09MID1374_17,,"Rhithron Associates Inc, Missoula MT",,Rhyacophila brunnea/vemna Group,115097,,Larva,,,,
Warning,Ambient Monitoring,09MID1374,09MID1374,Sample,GovLocal,8/24/2017,,,,,8,ft2,,,,,,09MID1374_17,,N,,Y,,Solid/Sediment,Freshwater Taxonomy,,SURBER,,,,,,13.33,Number of Individual Organisms,,4/19/2018,,,30,Count,,,,,,,,,,,ID-COUNT-LEVEL2,,09MID1374_17,,"Rhithron Associates Inc, Missoula MT",,Baetis tricaudatus complex,100817,,Larva,,,,
Warning,Ambient Monitoring,09MIL0340,09MIL0340,Sample,GovLocal,7/28/2022,,,,,8,ft2,,,,,,09MIL0340_22,,N,,Y,,Solid/Sediment,Freshwater Taxonomy,,SURBER,,,,,,63.33,Number of Individual Organisms,,5/22/2023,,,2,Count,,,,,,,,,,,ID-COUNT-LEVEL2,,09MIL0340_22,,"Rhithron Associates Inc, Missoula MT",,Tvetenia bavarica Group,129197,,Larva,,,,
Warning,Ambient Monitoring,09MIL0340,09MIL0340,Sample,GovLocal,7/28/2022,,,,,8,ft2,,,,,,09MIL0340_22,,N,,Y,,Solid/Sediment,Freshwater Taxonomy,,SURBER,,,,,,63.33,Number of Individual Organisms,,5/22/2023,,,2,Count,,,,,,,,,,,ID-COUNT-LEVEL2,,09MIL0340_22,,"Rhithron Associates Inc, Missoula MT",,Thienemannimyia Group,128078,,Larva,,,,
Warning,Ambient Monitoring,09MIL0340,09MIL0340,Sample,GovLocal,7/28/2022,,,,,8,ft2,,,,,,09MIL0340_22,,N,,Y,,Solid/Sediment,Freshwater Taxonomy,,SURBER,,,,,,63.33,Number of Individual Organisms,,5/22/2023,,,1,Count,,,,,,,,,,,ID-COUNT-LEVEL2,,09MIL0340_22,,"Rhithron Associates Inc, Missoula MT",,Pericomaini,125391,,Larva,,,,
Warning,Ambient Monitoring,09MIL0340,09MIL0340,Sample,GovLocal,7/28/2022,,,,,8,ft2,,,,,,09MIL0340_22,,N,,Y,,Solid/Sediment,Freshwater Taxonomy,,SURBER,,,,,,63.33,Number of Individual Organisms,,5/22/2023,,,1,Count,,,,,,,,,,,ID-COUNT-LEVEL2,,09MIL0340_22,,"Rhithron Associates Inc, Missoula MT",,Zapada oregonensis Group,102591,,Larva,,,,
Warning,Ambient Monitoring,09MIL0340,09MIL0340,Sample,GovLocal,7/28/2022,,,,,8,ft2,,,,,,09MIL0340_22,,N,,Y,,Solid/Sediment,Freshwater Taxonomy,,SURBER,,,,,,63.33,Number of Individual Organisms,,5/22/2023,,,18,Count,,,,,,,,,,,ID-COUNT-LEVEL2,,09MIL0340_22,,"Rhithron Associates Inc, Missoula MT",,Rhyacophila betteni Group,115097,,Larva,,,,
Warning,Ambient Monitoring,09MIL0340,09MIL0340,Sample,GovLocal,7/28/2022,,,,,8,ft2,,,,,,09MIL0340_22,,N,,Y,,Solid/Sediment,Freshwater Taxonomy,,SURBER,,,,,,63.33,Number of Individual Organisms,,5/22/2023,,,38,Count,,,,,,,,,,,ID-COUNT-LEVEL2,,09MIL0340_22,,"Rhithron Associates Inc, Missoula MT",,Baetis tricaudatus complex,100817,,Larva,,,,
Warning,Ambient Monitoring,09MIL0340,09MIL0340,Sample,GovLocal,7/19/2021,,,,,8,ft2,,,,,,09MIL0340_21,,N,,Y,,Solid/Sediment,Freshwater Taxonomy,,SURBER,,,,,,100,Number of Individual Organisms,,10/20/2021,,,3,Count,,,,,,,,,,,ID-COUNT-LEVEL2,,09MIL0340_21,,"Rhithron Associates Inc, Missoula MT",,Chamaedrilus,68510,,unknown,,,,
Warning,Ambient Monitoring,09MIL0340,09MIL0340,Sample,GovLocal,7/19/2021,,,,,8,ft2,,,,,,09MIL0340_21,,N,,Y,,Solid/Sediment,Freshwater Taxonomy,,SURBER,,,,,,100,Number of Individual Organisms,,10/20/2021,,,7,Count,,,,,,,,,,,ID-COUNT-LEVEL2,,09MIL0340_21,,"Rhithron Associates Inc, Missoula MT",,Tvetenia bavarica Group,129197,,Larva,,,,
Warning,Ambient Monitoring,09MIL0340,09MIL0340,Sample,GovLocal,7/19/2021,,,,,8,ft2,,,,,,09MIL0340_21,,N,,Y,,Solid/Sediment,Freshwater Taxonomy,,SURBER,,,,,,100,Number of Individual Organisms,,10/20/2021,,,4,Count,,,,,,,,,,,ID-COUNT-LEVEL2,,09MIL0340_21,,"Rhithron Associates Inc, Missoula MT",,Rhyacophila betteni Group,115097,,Larva,,,,
Warning,Ambient Monitoring,09MIL0340,09MIL0340,Sample,GovLocal,7/19/2021,,,,,8,ft2,,,,,,09MIL0340_21,,N,,Y,,Solid/Sediment,Freshwater Taxonomy,,SURBER,,,,,,100,Number of Individual Organisms,,10/20/2021,,,7,Count,,,,,,,,,,,ID-COUNT-LEVEL2,,09MIL0340_21,,"Rhithron Associates Inc, Missoula MT",,Rhyacophila brunnea/vemna Group,115097,,Larva,,,,
Warning,Ambient Monitoring,09MIL0340,09MIL0340,Sample,GovLocal,7/19/2021,,,,,8,ft2,,,,,,09MIL0340_21,,N,,Y,,Solid/Sediment,Freshwater Taxonomy,,SURBER,,,,,,100,Number of Individual Organisms,,10/20/2021,,,13,Count,,,,,,,,,,,ID-COUNT-LEVEL2,,09MIL0340_21,,"Rhithron Associates Inc, Missoula MT",,Baetis tricaudatus complex,100817,,Larva,,,,
Warning,Ambient Monitoring,09MIL0340,09MIL0340,Sample,GovLocal,7/22/2020,,,,,8,ft2,,,,,,09MIL0340_20,,N,,Y,,Solid/Sediment,Freshwater Taxonomy,,SURBER,,,,,,53.33,Number of Individual Organisms,,4/30/2021,,,19,Count,,,,,,,,,,,ID-COUNT-LEVEL2,,09MIL0340_20,,"Rhithron Associates Inc, Missoula MT",,Chamaedrilus,68510,,unknown,,,,
Warning,Ambient Monitoring,09MIL0340,09MIL0340,Sample,GovLocal,7/22/2020,,,,,8,ft2,,,,,,09MIL0340_20,,N,,Y,,Solid/Sediment,Freshwater Taxonomy,,SURBER,,,,,,53.33,Number of Individual Organisms,,4/30/2021,,,1,Count,,,,,,,,,,,ID-COUNT-LEVEL2,,09MIL0340_20,,"Rhithron Associates Inc, Missoula MT",,Naidinae,68509,,unknown,,,,
Warning,Ambient Monitoring,09MIL0340,09MIL0340,Sample,GovLocal,7/22/2020,,,,,8,ft2,,,,,,09MIL0340_20,,N,,Y,,Solid/Sediment,Freshwater Taxonomy,,SURBER,,,,,,53.33,Number of Individual Organisms,,4/30/2021,,,1,Count,,,,,,,,,,,ID-COUNT-LEVEL2,,09MIL0340_20,,"Rhithron Associates Inc, Missoula MT",,Monatractides,83249,,Adult,,,,
Warning,Ambient Monitoring,09MIL0340,09MIL0340,Sample,GovLocal,8/22/2016,,,,,8,ft2,,,,,,09MIL0340_16,,N,,Y,,Solid/Sediment,Freshwater Taxonomy,,SURBER,,,,,,43.33,Number of Individual Organisms,,11/21/2016,,,1,Count,,,,,,,,,,,ID-COUNT-LEVEL2,,09MIL0340_16,,"Rhithron Associates Inc, Missoula MT",,Tvetenia bavarica Group,129197,,Larva,,,,
Warning,Ambient Monitoring,09MIL0340,09MIL0340,Sample,GovLocal,8/22/2016,,,,,8,ft2,,,,,,09MIL0340_16,,N,,Y,,Solid/Sediment,Freshwater Taxonomy,,SURBER,,,,,,43.33,Number of Individual Organisms,,11/21/2016,,,2,Count,,,,,,,,,,,ID-COUNT-LEVEL2,,09MIL0340_16,,"Rhithron Associates Inc, Missoula MT",,Thienemannimyia Group,128078,,Larva,,,,
Warning,Ambient Monitoring,09MIL0340,09MIL0340,Sample,GovLocal,8/22/2016,,,,,8,ft2,,,,,,09MIL0340_16,,N,,Y,,Solid/Sediment,Freshwater Taxonomy,,SURBER,,,,,,43.33,Number of Individual Organisms,,11/21/2016,,,2,Count,,,,,,,,,,,ID-COUNT-LEVEL2,,09MIL0340_16,,"Rhithron Associates Inc, Missoula MT",,Zapada oregonensis Group,102591,,Larva,,,,
Warning,Ambient Monitoring,09MIL0340,09MIL0340,Sample,GovLocal,8/22/2016,,,,,8,ft2,,,,,,09MIL0340_16,,N,,Y,,Solid/Sediment,Freshwater Taxonomy,,SURBER,,,,,,43.33,Number of Individual Organisms,,11/21/2016,,,2,Count,,,,,,,,,,,ID-COUNT-LEVEL2,,09MIL0340_16,,"Rhithron Associates Inc, Missoula MT",,Rhyacophila betteni Group,115097,,Larva,,,,
Warning,Ambient Monitoring,09MIL0340,09MIL0340,Sample,GovLocal,8/22/2016,,,,,8,ft2,,,,,,09MIL0340_16,,N,,Y,,Solid/Sediment,Freshwater Taxonomy,,SURBER,,,,,,43.33,Number of Individual Organisms,,11/21/2016,,,6,Count,,,,,,,,,,,ID-COUNT-LEVEL2,,09MIL0340_16,,"Rhithron Associates Inc, Missoula MT",,Rhyacophila brunnea/vemna Group,115097,,Larva,,,,
Warning,Ambient Monitoring,09MIL0340,09MIL0340,Sample,GovLocal,9/10/2015,,,,,8,ft2,,,,,,09MIL0340_15,,N,,Y,,Solid/Sediment,Freshwater Taxonomy,,SURBER,,,,,,100,Number of Individual Organisms,,4/22/2016,,,41,Count,,,,,,,,,,,ID-COUNT-LEVEL2,,09MIL0340_15,,"Rhithron Associates Inc, Missoula MT",,Tvetenia bavarica Group,129197,,Larva,,,,
Warning,Ambient Monitoring,09MIL0340,09MIL0340,Sample,GovLocal,9/10/2015,,,,,8,ft2,,,,,,09MIL0340_15,,N,,Y,,Solid/Sediment,Freshwater Taxonomy,,SURBER,,,,,,100,Number of Individual Organisms,,4/22/2016,,,9,Count,,,,,,,,,,,ID-COUNT-LEVEL2,,09MIL0340_15,,"Rhithron Associates Inc, Missoula MT",,Zapada oregonensis Group,102591,,Larva,,,,
Warning,Ambient Monitoring,09MIL0340,09MIL0340,Sample,GovLocal,9/10/2015,,,,,8,ft2,,,,,,09MIL0340_15,,N,,Y,,Solid/Sediment,Freshwater Taxonomy,,SURBER,,,,,,100,Number of Individual Organisms,,4/22/2016,,,1,Count,,,,,,,,,,,ID-COUNT-LEVEL2,,09MIL0340_15,,"Rhithron Associates Inc, Missoula MT",,Rhyacophila betteni Group,115097,,Larva,,,,
Warning,Ambient Monitoring,09MIL0340,09MIL0340,Sample,GovLocal,9/10/2015,,,,,8,ft2,,,,,,09MIL0340_15,,N,,Y,,Solid/Sediment,Freshwater Taxonomy,,SURBER,,,,,,100,Number of Individual Organisms,,4/22/2016,,,13,Count,,,,,,,,,,,ID-COUNT-LEVEL2,,09MIL0340_15,,"Rhithron Associates Inc, Missoula MT",,Baetis tricaudatus complex,100817,,Larva,,,,
Warning,Ambient Monitoring,09MIL0390,09MIL0390,Sample,GovLocal,8/24/2018,,,,,8,ft2,,,,,,09MIL0390_18,,N,,Y,,Solid/Sediment,Freshwater Taxonomy,,SURBER,,,,,,23.33,Number of Individual Organisms,,10/8/2018,,,3,Count,,,,,,,,,,,ID-COUNT-LEVEL2,,09MIL0390_18,,"Rhithron Associates Inc, Missoula MT",,Zapada oregonensis Group,102591,,Larva,,,,
Warning,Ambient Monitoring,09MIL0390,09MIL0390,Sample,GovLocal,8/24/2018,,,,,8,ft2,,,,,,09MIL0390_18,,N,,Y,,Solid/Sediment,Freshwater Taxonomy,,SURBER,,,,,,23.33,Number of Individual Organisms,,10/8/2018,,,1,Count,,,,,,,,,,,ID-COUNT-LEVEL2,,09MIL0390_18,,"Rhithron Associates Inc, Missoula MT",,Rhyacophila betteni Group,115097,,Larva,,,,
Warning,Ambient Monitoring,09MIL0390,09MIL0390,Sample,GovLocal,8/24/2018,,,,,8,ft2,,,,,,09MIL0390_18,,N,,Y,,Solid/Sediment,Freshwater Taxonomy,,SURBER,,,,,,23.33,Number of Individual Organisms,,10/8/2018,,,3,Count,,,,,,,,,,,ID-COUNT-LEVEL2,,09MIL0390_18,,"Rhithron Associates Inc, Missoula MT",,Rhyacophila brunnea/vemna Group,115097,,Larva,,,,
Warning,Ambient Monitoring,09MIL0390,09MIL0390,Sample,GovLocal,8/24/2018,,,,,8,ft2,,,,,,09MIL0390_18,,N,,Y,,Solid/Sediment,Freshwater Taxonomy,,SURBER,,,,,,23.33,Number of Individual Organisms,,10/8/2018,,,147,Count,,,,,,,,,,,ID-COUNT-LEVEL2,,09MIL0390_18,,"Rhithron Associates Inc, Missoula MT",,Baetis tricaudatus complex,100817,,Larva,,,,
Warning,Ambient Monitoring,09MIL0390,09MIL0390,Sample,GovLocal,7/20/2017,,,,,8,ft2,,,,,,09MIL0390_17,,N,,Y,,Solid/Sediment,Freshwater Taxonomy,,SURBER,,,,,,30,Number of Individual Organisms,,3/16/2018,,,2,Count,,,,,,,,,,,ID-COUNT-LEVEL2,,09MIL0390_17,,"Rhithron Associates Inc, Missoula MT",,Chamaedrilus,68510,,unknown,,,,
Warning,Ambient Monitoring,09MIL0390,09MIL0390,Sample,GovLocal,7/20/2017,,,,,8,ft2,,,,,,09MIL0390_17,,N,,Y,,Solid/Sediment,Freshwater Taxonomy,,SURBER,,,,,,30,Number of Individual Organisms,,3/16/2018,,,17,Count,,,,,,,,,,,ID-COUNT-LEVEL2,,09MIL0390_17,,"Rhithron Associates Inc, Missoula MT",,Tvetenia bavarica Group,129197,,Larva,,,,
Warning,Ambient Monitoring,09MIL0390,09MIL0390,Sample,GovLocal,7/20/2017,,,,,8,ft2,,,,,,09MIL0390_17,,N,,Y,,Solid/Sediment,Freshwater Taxonomy,,SURBER,,,,,,30,Number of Individual Organisms,,3/16/2018,,,1,Count,,,,,,,,,,,ID-COUNT-LEVEL2,,09MIL0390_17,,"Rhithron Associates Inc, Missoula MT",,Thienemannimyia Group,128078,,Larva,,,,
Warning,Ambient Monitoring,09MIL0390,09MIL0390,Sample,GovLocal,7/20/2017,,,,,8,ft2,,,,,,09MIL0390_17,,N,,Y,,Solid/Sediment,Freshwater Taxonomy,,SURBER,,,,,,30,Number of Individual Organisms,,3/16/2018,,,4,Count,,,,,,,,,,,ID-COUNT-LEVEL2,,09MIL0390_17,,"Rhithron Associates Inc, Missoula MT",,Rhyacophila brunnea/vemna Group,115097,,Larva,,,,
Warning,Ambient Monitoring,09MIL0390,09MIL0390,Sample,GovLocal,7/20/2017,,,,,8,ft2,,,,,,09MIL0390_17,,N,,Y,,Solid/Sediment,Freshwater Taxonomy,,SURBER,,,,,,30,Number of Individual Organisms,,3/16/2018,,,261,Count,,,,,,,,,,,ID-COUNT-LEVEL2,,09MIL0390_17,,"Rhithron Associates Inc, Missoula MT",,Baetis tricaudatus complex,100817,,Larva,,,,
Warning,Ambient Monitoring,09MIL0390,09MIL0390,Sample,GovLocal,8/22/2016,,,,,8,ft2,,,,,,09MIL0390_16,,N,,Y,,Solid/Sediment,Freshwater Taxonomy,,SURBER,,,,,,6.67,Number of Individual Organisms,,11/21/2016,,,9,Count,,,,,,,,,,,ID-COUNT-LEVEL2,,09MIL0390_16,,"Rhithron Associates Inc, Missoula MT",,Zapada oregonensis Group,102591,,Larva,,,,
Warning,Ambient Monitoring,09MIL0390,09MIL0390,Sample,GovLocal,8/22/2016,,,,,8,ft2,,,,,,09MIL0390_16,,N,,Y,,Solid/Sediment,Freshwater Taxonomy,,SURBER,,,,,,6.67,Number of Individual Organisms,,11/21/2016,,,1,Count,,,,,,,,,,,ID-COUNT-LEVEL2,,09MIL0390_16,,"Rhithron Associates Inc, Missoula MT",,Rhyacophila brunnea/vemna Group,115097,,Larva,,,,
Warning,Ambient Monitoring,09MIL0390,09MIL0390,Sample,GovLocal,8/22/2016,,,,,8,ft2,,,,,,09MIL0390_16,,N,,Y,,Solid/Sediment,Freshwater Taxonomy,,SURBER,,,,,,6.67,Number of Individual Organisms,,11/21/2016,,,110,Count,,,,,,,,,,,ID-COUNT-LEVEL2,,09MIL0390_16,,"Rhithron Associates Inc, Missoula MT",,Baetis tricaudatus complex,100817,,Larva,,,,
Warning,Ambient Monitoring,09NEW1657,09NEW1657,Sample,GovLocal,9/15/2021,,,,,8,ft2,,,,,,09NEW1657_21,,N,,Y,,Solid/Sediment,Freshwater Taxonomy,,SURBER,,,,,,10,Number of Individual Organisms,,12/17/2021,,,5,Count,,,,,,,,,,,ID-COUNT-LEVEL2,,09NEW1657_21,,"Rhithron Associates Inc, Missoula MT",,Chamaedrilus,68510,,unknown,,,,
Warning,Ambient Monitoring,09NEW1657,09NEW1657,Sample,GovLocal,9/15/2021,,,,,8,ft2,,,,,,09NEW1657_21,,N,,Y,,Solid/Sediment,Freshwater Taxonomy,,SURBER,,,,,,10,Number of Individual Organisms,,12/17/2021,,,4,Count,,,,,,,,,,,ID-COUNT-LEVEL2,,09NEW1657_21,,"Rhithron Associates Inc, Missoula MT",,Pericomaini,125391,,Larva,,,,
Warning,Ambient Monitoring,09NEW1657,09NEW1657,Sample,GovLocal,9/15/2021,,,,,8,ft2,,,,,,09NEW1657_21,,N,,Y,,Solid/Sediment,Freshwater Taxonomy,,SURBER,,,,,,10,Number of Individual Organisms,,12/17/2021,,,5,Count,,,,,,,,,,,ID-COUNT-LEVEL2,,09NEW1657_21,,"Rhithron Associates Inc, Missoula MT",,Rhyacophila brunnea/vemna Group,115097,,Larva,,,,
Warning,Ambient Monitoring,09NEW1657,09NEW1657,Sample,GovLocal,9/15/2021,,,,,8,ft2,,,,,,09NEW1657_21,,N,,Y,,Solid/Sediment,Freshwater Taxonomy,,SURBER,,,,,,10,Number of Individual Organisms,,12/17/2021,,,1,Count,,,,,,,,,,,ID-COUNT-LEVEL2,,09NEW1657_21,,"Rhithron Associates Inc, Missoula MT",,Paraleptophlebia bicornuta Group,101206,,Larva,,,,
Warning,Ambient Monitoring,09NEW1657,09NEW1657,Sample,GovLocal,9/15/2021,,,,,8,ft2,,,,,,09NEW1657_21,,N,,Y,,Solid/Sediment,Freshwater Taxonomy,,SURBER,,,,,,10,Number of Individual Organisms,,12/17/2021,,,122,Count,,,,,,,,,,,ID-COUNT-LEVEL2,,09NEW1657_21,,"Rhithron Associates Inc, Missoula MT",,Baetis tricaudatus complex,100817,,Larva,,,,
Warning,Ambient Monitoring,09NEW1657,09NEW1657,Sample,GovLocal,9/15/2021,,,,,8,ft2,,,,,,09NEW1657_21_R,,Y,,Y,,Solid/Sediment,Freshwater Taxonomy,,SURBER,,,,,,13.33,Number of Individual Organisms,,12/17/2021,,,5,Count,,,,,,,,,,,ID-COUNT-LEVEL2,,09NEW1657_21_R,,"Rhithron Associates Inc, Missoula MT",,Chamaedrilus,68510,,unknown,,,,
Warning,Ambient Monitoring,09NEW1657,09NEW1657,Sample,GovLocal,9/15/2021,,,,,8,ft2,,,,,,09NEW1657_21_R,,Y,,Y,,Solid/Sediment,Freshwater Taxonomy,,SURBER,,,,,,13.33,Number of Individual Organisms,,12/17/2021,,,4,Count,,,,,,,,,,,ID-COUNT-LEVEL2,,09NEW1657_21_R,,"Rhithron Associates Inc, Missoula MT",,Rhyacophila brunnea/vemna Group,115097,,Larva,,,,
Warning,Ambient Monitoring,09NEW1657,09NEW1657,Sample,GovLocal,9/15/2021,,,,,8,ft2,,,,,,09NEW1657_21_R,,Y,,Y,,Solid/Sediment,Freshwater Taxonomy,,SURBER,,,,,,13.33,Number of Individual Organisms,,12/17/2021,,,16,Count,,,,,,,,,,,ID-COUNT-LEVEL2,,09NEW1657_21_R,,"Rhithron Associates Inc, Missoula MT",,Ephemerella excrucians Group,101276,,Larva,,,,
Warning,Ambient Monitoring,09NEW1657,09NEW1657,Sample,GovLocal,8/7/2017,,,,,8,ft2,,,,,,09NEW1657_17,,N,,Y,,Solid/Sediment,Freshwater Taxonomy,,SURBER,,,,,,40,Number of Individual Organisms,,3/16/2018,,,6,Count,,,,,,,,,,,ID-COUNT-LEVEL2,,09NEW1657_17,,"Rhithron Associates Inc, Missoula MT",,Rhyacophila betteni Group,115097,,Larva,,,,
Warning,Ambient Monitoring,09NEW1657,09NEW1657,Sample,GovLocal,8/7/2017,,,,,8,ft2,,,,,,09NEW1657_17,,N,,Y,,Solid/Sediment,Freshwater Taxonomy,,SURBER,,,,,,40,Number of Individual Organisms,,3/16/2018,,,14,Count,,,,,,,,,,,ID-COUNT-LEVEL2,,09NEW1657_17,,"Rhithron Associates Inc, Missoula MT",,Rhyacophila brunnea/vemna Group,115097,,Larva,,,,
Warning,Ambient Monitoring,09NEW1657,09NEW1657,Sample,GovLocal,8/7/2017,,,,,8,ft2,,,,,,09NEW1657_17,,N,,Y,,Solid/Sediment,Freshwater Taxonomy,,SURBER,,,,,,40,Number of Individual Organisms,,3/16/2018,,,23,Count,,,,,,,,,,,ID-COUNT-LEVEL2,,09NEW1657_17,,"Rhithron Associates Inc, Missoula MT",,Baetis tricaudatus complex,100817,,Larva,,,,
Warning,Ambient Monitoring,09NEW1657,09NEW1657,Sample,GovLocal,8/15/2016,,,,,8,ft2,,,,,,09NEW1657_16,,N,,Y,,Solid/Sediment,Freshwater Taxonomy,,SURBER,,,,,,26.67,Number of Individual Organisms,,11/21/2016,,,1,Count,,,,,,,,,,,ID-COUNT-LEVEL2,,09NEW1657_16,,"Rhithron Associates Inc, Missoula MT",,Potthastia gaedii Group,128408,,Larva,,,,
Warning,Ambient Monitoring,09NEW1657,09NEW1657,Sample,GovLocal,8/15/2016,,,,,8,ft2,,,,,,09NEW1657_16,,N,,Y,,Solid/Sediment,Freshwater Taxonomy,,SURBER,,,,,,26.67,Number of Individual Organisms,,11/21/2016,,,2,Count,,,,,,,,,,,ID-COUNT-LEVEL2,,09NEW1657_16,,"Rhithron Associates Inc, Missoula MT",,Thienemannimyia Group,128078,,Larva,,,,
Warning,Ambient Monitoring,09NEW1657,09NEW1657,Sample,GovLocal,8/15/2016,,,,,8,ft2,,,,,,09NEW1657_16,,N,,Y,,Solid/Sediment,Freshwater Taxonomy,,SURBER,,,,,,26.67,Number of Individual Organisms,,11/21/2016,,,1,Count,,,,,,,,,,,ID-COUNT-LEVEL2,,09NEW1657_16,,"Rhithron Associates Inc, Missoula MT",,Zapada oregonensis Group,102591,,Larva,,,,
Warning,Ambient Monitoring,09NEW1657,09NEW1657,Sample,GovLocal,8/15/2016,,,,,8,ft2,,,,,,09NEW1657_16,,N,,Y,,Solid/Sediment,Freshwater Taxonomy,,SURBER,,,,,,26.67,Number of Individual Organisms,,11/21/2016,,,1,Count,,,,,,,,,,,ID-COUNT-LEVEL2,,09NEW1657_16,,"Rhithron Associates Inc, Missoula MT",,Rhyacophila betteni Group,115097,,Larva,,,,
Warning,Ambient Monitoring,09NEW1657,09NEW1657,Sample,GovLocal,8/15/2016,,,,,8,ft2,,,,,,09NEW1657_16,,N,,Y,,Solid/Sediment,Freshwater Taxonomy,,SURBER,,,,,,26.67,Number of Individual Organisms,,11/21/2016,,,5,Count,,,,,,,,,,,ID-COUNT-LEVEL2,,09NEW1657_16,,"Rhithron Associates Inc, Missoula MT",,Rhyacophila brunnea/vemna Group,115097,,Larva,,,,
Warning,Ambient Monitoring,09NEW1657,09NEW1657,Sample,GovLocal,8/15/2016,,,,,8,ft2,,,,,,09NEW1657_16,,N,,Y,,Solid/Sediment,Freshwater Taxonomy,,SURBER,,,,,,26.67,Number of Individual Organisms,,11/21/2016,,,165,Count,,,,,,,,,,,ID-COUNT-LEVEL2,,09NEW1657_16,,"Rhithron Associates Inc, Missoula MT",,Baetis tricaudatus complex,100817,,Larva,,,,
Warning,Ambient Monitoring,09NEW1657,09NEW1657,Sample,GovLocal,8/4/2015,,,,,8,ft2,,,,,,09NEW1657_15,,N,,Y,,Solid/Sediment,Freshwater Taxonomy,,SURBER,,,,,,13.33,Number of Individual Organisms,,4/22/2016,,,2,Count,,,,,,,,,,,ID-COUNT-LEVEL2,,09NEW1657_15,,"Rhithron Associates Inc, Missoula MT",,Empididae Genus B,0,,Larva,,,,
Warning,Ambient Monitoring,09NEW2102,09NEW2102,Sample,GovLocal,7/28/2021,,,,,8,ft2,,,,,,09NEW2102_21,,N,,Y,,Solid/Sediment,Freshwater Taxonomy,,SURBER,,,,,,26.67,Number of Individual Organisms,,10/20/2021,,,4,Count,,,,,,,,,,,ID-COUNT-LEVEL2,,09NEW2102_21,,"Rhithron Associates Inc, Missoula MT",,Tvetenia bavarica Group,129197,,Larva,,,,
Warning,Ambient Monitoring,09NEW2102,09NEW2102,Sample,GovLocal,7/28/2021,,,,,8,ft2,,,,,,09NEW2102_21,,N,,Y,,Solid/Sediment,Freshwater Taxonomy,,SURBER,,,,,,26.67,Number of Individual Organisms,,10/20/2021,,,9,Count,,,,,,,,,,,ID-COUNT-LEVEL2,,09NEW2102_21,,"Rhithron Associates Inc, Missoula MT",,Thienemannimyia Group,128078,,Larva,,,,
Warning,Ambient Monitoring,09NEW2102,09NEW2102,Sample,GovLocal,7/28/2021,,,,,8,ft2,,,,,,09NEW2102_21,,N,,Y,,Solid/Sediment,Freshwater Taxonomy,,SURBER,,,,,,26.67,Number of Individual Organisms,,10/20/2021,,,8,Count,,,,,,,,,,,ID-COUNT-LEVEL2,,09NEW2102_21,,"Rhithron Associates Inc, Missoula MT",,Pericomaini,125391,,Larva,,,,
Warning,Ambient Monitoring,09NEW2102,09NEW2102,Sample,GovLocal,7/28/2021,,,,,8,ft2,,,,,,09NEW2102_21,,N,,Y,,Solid/Sediment,Freshwater Taxonomy,,SURBER,,,,,,26.67,Number of Individual Organisms,,10/20/2021,,,89,Count,,,,,,,,,,,ID-COUNT-LEVEL2,,09NEW2102_21,,"Rhithron Associates Inc, Missoula MT",,Baetis tricaudatus complex,100817,,Larva,,,,
Warning,Ambient Monitoring,09NEW2102,09NEW2102,Sample,GovLocal,8/6/2020,,,,,8,ft2,,,,,,09NEW2102_20,,N,,Y,,Solid/Sediment,Freshwater Taxonomy,,SURBER,,,,,,20,Number of Individual Organisms,,4/30/2021,,,1,Count,,,,,,,,,,,ID-COUNT-LEVEL2,,09NEW2102_20,,"Rhithron Associates Inc, Missoula MT",,Chamaedrilus,68510,,unknown,,,,
Warning,Ambient Monitoring,09NEW2102,09NEW2102,Sample,GovLocal,8/6/2020,,,,,8,ft2,,,,,,09NEW2102_20,,N,,Y,,Solid/Sediment,Freshwater Taxonomy,,SURBER,,,,,,20,Number of Individual Organisms,,4/30/2021,,,5,Count,,,,,,,,,,,ID-COUNT-LEVEL2,,09NEW2102_20,,"Rhithron Associates Inc, Missoula MT",,Tvetenia bavarica Group,129197,,Larva,,,,
Warning,Ambient Monitoring,09NEW2102,09NEW2102,Sample,GovLocal,8/6/2020,,,,,8,ft2,,,,,,09NEW2102_20,,N,,Y,,Solid/Sediment,Freshwater Taxonomy,,SURBER,,,,,,20,Number of Individual Organisms,,4/30/2021,,,1,Count,,,,,,,,,,,ID-COUNT-LEVEL2,,09NEW2102_20,,"Rhithron Associates Inc, Missoula MT",,Thienemannimyia Group,128078,,Larva,,,,
Warning,Ambient Monitoring,09NEW2102,09NEW2102,Sample,GovLocal,8/6/2020,,,,,8,ft2,,,,,,09NEW2102_20,,N,,Y,,Solid/Sediment,Freshwater Taxonomy,,SURBER,,,,,,20,Number of Individual Organisms,,4/30/2021,,,7,Count,,,,,,,,,,,ID-COUNT-LEVEL2,,09NEW2102_20,,"Rhithron Associates Inc, Missoula MT",,Pericomaini,125391,,Larva,,,,
Warning,Ambient Monitoring,09NEW2102,09NEW2102,Sample,GovLocal,7/26/2017,,,,,8,ft2,,,,,,09NEW2102_17,,N,,Y,,Solid/Sediment,Freshwater Taxonomy,,SURBER,,,,,,100,Number of Individual Organisms,,3/16/2018,,,21,Count,,,,,,,,,,,ID-COUNT-LEVEL2,,09NEW2102_17,,"Rhithron Associates Inc, Missoula MT",,Baetis tricaudatus complex,100817,,Larva,,,,
Warning,Ambient Monitoring,09NEW2102,09NEW2102,Sample,GovLocal,8/30/2016,,,,,8,ft2,,,,,,09NEW2102_16,,N,,Y,,Solid/Sediment,Freshwater Taxonomy,,SURBER,,,,,,23.33,Number of Individual Organisms,,4/4/2017,,,2,Count,,,,,,,,,,,ID-COUNT-LEVEL2,,09NEW2102_16,,"Rhithron Associates Inc, Missoula MT",,Tvetenia bavarica Group,129197,,Larva,,,,
Warning,Ambient Monitoring,09NEW2102,09NEW2102,Sample,GovLocal,8/30/2016,,,,,8,ft2,,,,,,09NEW2102_16,,N,,Y,,Solid/Sediment,Freshwater Taxonomy,,SURBER,,,,,,23.33,Number of Individual Organisms,,4/4/2017,,,2,Count,,,,,,,,,,,ID-COUNT-LEVEL2,,09NEW2102_16,,"Rhithron Associates Inc, Missoula MT",,Thienemannimyia Group,128078,,Larva,,,,
Warning,Ambient Monitoring,09NEW2102,09NEW2102,Sample,GovLocal,8/30/2016,,,,,8,ft2,,,,,,09NEW2102_16,,N,,Y,,Solid/Sediment,Freshwater Taxonomy,,SURBER,,,,,,23.33,Number of Individual Organisms,,4/4/2017,,,1,Count,,,,,,,,,,,ID-COUNT-LEVEL2,,09NEW2102_16,,"Rhithron Associates Inc, Missoula MT",,Rhyacophila betteni Group,115097,,Larva,,,,
Warning,Ambient Monitoring,09NEW2102,09NEW2102,Sample,GovLocal,8/30/2016,,,,,8,ft2,,,,,,09NEW2102_16,,N,,Y,,Solid/Sediment,Freshwater Taxonomy,,SURBER,,,,,,23.33,Number of Individual Organisms,,4/4/2017,,,4,Count,,,,,,,,,,,ID-COUNT-LEVEL2,,09NEW2102_16,,"Rhithron Associates Inc, Missoula MT",,Rhyacophila brunnea/vemna Group,115097,,Larva,,,,
Warning,Ambient Monitoring,09NEW2102,09NEW2102,Sample,GovLocal,8/30/2016,,,,,8,ft2,,,,,,09NEW2102_16,,N,,Y,,Solid/Sediment,Freshwater Taxonomy,,SURBER,,,,,,23.33,Number of Individual Organisms,,4/4/2017,,,32,Count,,,,,,,,,,,ID-COUNT-LEVEL2,,09NEW2102_16,,"Rhithron Associates Inc, Missoula MT",,Baetis tricaudatus complex,100817,,Larva,,,,
Warning,Ambient Monitoring,09NEW2076,09NEW2076,Sample,GovLocal,8/16/2023,,,,,8,ft2,,,,,,09NEW2076_23,,N,,Y,,Solid/Sediment,Freshwater Taxonomy,,SURBER,,,,,,16.67,Number of Individual Organisms,,4/16/2024,,,1,Count,,,,,,,,,,,ID-COUNT-LEVEL2,,09NEW2076_23,,"Rhithron Associates Inc, Missoula MT",,Tvetenia bavarica Group,129197,,Larva,,,,
Warning,Ambient Monitoring,09NEW2076,09NEW2076,Sample,GovLocal,8/16/2023,,,,,8,ft2,,,,,,09NEW2076_23,,N,,Y,,Solid/Sediment,Freshwater Taxonomy,,SURBER,,,,,,16.67,Number of Individual Organisms,,4/16/2024,,,3,Count,,,,,,,,,,,ID-COUNT-LEVEL2,,09NEW2076_23,,"Rhithron Associates Inc, Missoula MT",,Thienemannimyia Group,128078,,Larva,,,,
Warning,Ambient Monitoring,09NEW2076,09NEW2076,Sample,GovLocal,8/16/2023,,,,,8,ft2,,,,,,09NEW2076_23,,N,,Y,,Solid/Sediment,Freshwater Taxonomy,,SURBER,,,,,,16.67,Number of Individual Organisms,,4/16/2024,,,34,Count,,,,,,,,,,,ID-COUNT-LEVEL2,,09NEW2076_23,,"Rhithron Associates Inc, Missoula MT",,Pericomaini,125391,,Larva,,,,
Warning,Ambient Monitoring,09NEW2076,09NEW2076,Sample,GovLocal,8/16/2023,,,,,8,ft2,,,,,,09NEW2076_23,,N,,Y,,Solid/Sediment,Freshwater Taxonomy,,SURBER,,,,,,16.67,Number of Individual Organisms,,4/16/2024,,,8,Count,,,,,,,,,,,ID-COUNT-LEVEL2,,09NEW2076_23,,"Rhithron Associates Inc, Missoula MT",,Rhyacophila betteni Group,115097,,Larva,,,,
Warning,Ambient Monitoring,09NEW2076,09NEW2076,Sample,GovLocal,8/16/2023,,,,,8,ft2,,,,,,09NEW2076_23,,N,,Y,,Solid/Sediment,Freshwater Taxonomy,,SURBER,,,,,,16.67,Number of Individual Organisms,,4/16/2024,,,6,Count,,,,,,,,,,,ID-COUNT-LEVEL2,,09NEW2076_23,,"Rhithron Associates Inc, Missoula MT",,Rhyacophila brunnea/vemna Group,115097,,Larva,,,,
Warning,Ambient Monitoring,09NEW2076,09NEW2076,Sample,GovLocal,8/16/2023,,,,,8,ft2,,,,,,09NEW2076_23,,N,,Y,,Solid/Sediment,Freshwater Taxonomy,,SURBER,,,,,,16.67,Number of Individual Organisms,,4/16/2024,,,8,Count,,,,,,,,,,,ID-COUNT-LEVEL2,,09NEW2076_23,,"Rhithron Associates Inc, Missoula MT",,Ephemerella excrucians Group,101276,,Larva,,,,
Warning,Ambient Monitoring,09NEW2076,09NEW2076,Sample,GovLocal,8/16/2023,,,,,8,ft2,,,,,,09NEW2076_23,,N,,Y,,Solid/Sediment,Freshwater Taxonomy,,SURBER,,,,,,16.67,Number of Individual Organisms,,4/16/2024,,,25,Count,,,,,,,,,,,ID-COUNT-LEVEL2,,09NEW2076_23,,"Rhithron Associates Inc, Missoula MT",,Baetis tricaudatus complex,100817,,Larva,,,,
Warning,Ambient Monitoring,09NEW2076,09NEW2076,Sample,GovLocal,8/8/2022,,,,,8,ft2,,,,,,09NEW2076_22,,N,,Y,,Solid/Sediment,Freshwater Taxonomy,,SURBER,,,,,,16.67,Number of Individual Organisms,,5/19/2023,,,4,Count,,,,,,,,,,,ID-COUNT-LEVEL2,,09NEW2076_22,,"Rhithron Associates Inc, Missoula MT",,Tvetenia bavarica Group,129197,,Larva,,,,
Warning,Ambient Monitoring,09NEW2076,09NEW2076,Sample,GovLocal,8/8/2022,,,,,8,ft2,,,,,,09NEW2076_22,,N,,Y,,Solid/Sediment,Freshwater Taxonomy,,SURBER,,,,,,16.67,Number of Individual Organisms,,5/19/2023,,,3,Count,,,,,,,,,,,ID-COUNT-LEVEL2,,09NEW2076_22,,"Rhithron Associates Inc, Missoula MT",,Thienemannimyia Group,128078,,Larva,,,,
Warning,Ambient Monitoring,09NEW2076,09NEW2076,Sample,GovLocal,8/8/2022,,,,,8,ft2,,,,,,09NEW2076_22,,N,,Y,,Solid/Sediment,Freshwater Taxonomy,,SURBER,,,,,,16.67,Number of Individual Organisms,,5/19/2023,,,6,Count,,,,,,,,,,,ID-COUNT-LEVEL2,,09NEW2076_22,,"Rhithron Associates Inc, Missoula MT",,Rhyacophila brunnea/vemna Group,115097,,Larva,,,,
Warning,Ambient Monitoring,09NEW2076,09NEW2076,Sample,GovLocal,8/8/2022,,,,,8,ft2,,,,,,09NEW2076_22,,N,,Y,,Solid/Sediment,Freshwater Taxonomy,,SURBER,,,,,,16.67,Number of Individual Organisms,,5/19/2023,,,38,Count,,,,,,,,,,,ID-COUNT-LEVEL2,,09NEW2076_22,,"Rhithron Associates Inc, Missoula MT",,Baetis tricaudatus complex,100817,,Larva,,,,
Warning,Ambient Monitoring,09NEW2076,09NEW2076,Sample,GovLocal,9/21/2021,,,,,8,ft2,,,,,,09NEW2076_21,,N,,Y,,Solid/Sediment,Freshwater Taxonomy,,SURBER,,,,,,20,Number of Individual Organisms,,12/17/2021,,,1,Count,,,,,,,,,,,ID-COUNT-LEVEL2,,09NEW2076_21,,"Rhithron Associates Inc, Missoula MT",,Chamaedrilus,68510,,unknown,,,,
Warning,Ambient Monitoring,09NEW2076,09NEW2076,Sample,GovLocal,9/21/2021,,,,,8,ft2,,,,,,09NEW2076_21,,N,,Y,,Solid/Sediment,Freshwater Taxonomy,,SURBER,,,,,,20,Number of Individual Organisms,,12/17/2021,,,2,Count,,,,,,,,,,,ID-COUNT-LEVEL2,,09NEW2076_21,,"Rhithron Associates Inc, Missoula MT",,Monatractides,83249,,Adult,,,,
Warning,Ambient Monitoring,09NEW2076,09NEW2076,Sample,GovLocal,8/25/2016,,,,,8,ft2,,,,,,09NEW2076_16,,N,,Y,,Solid/Sediment,Freshwater Taxonomy,,SURBER,,,,,,43.33,Number of Individual Organisms,,4/4/2017,,,1,Count,,,,,,,,,,,ID-COUNT-LEVEL2,,09NEW2076_16,,"Rhithron Associates Inc, Missoula MT",,Rhyacophila betteni Group,115097,,Larva,,,,
Warning,Ambient Monitoring,09NEW2076,09NEW2076,Sample,GovLocal,8/31/2015,,,,,8,ft2,,,,,,09NEW2076_15,,N,,Y,,Solid/Sediment,Freshwater Taxonomy,,SURBER,,,,,,16.67,Number of Individual Organisms,,4/22/2016,,,1,Count,,,,,,,,,,,ID-COUNT-LEVEL2,,09NEW2076_15,,"Rhithron Associates Inc, Missoula MT",,Tvetenia bavarica Group,129197,,Larva,,,,
Warning,Ambient Monitoring,09NEW2076,09NEW2076,Sample,GovLocal,8/31/2015,,,,,8,ft2,,,,,,09NEW2076_15,,N,,Y,,Solid/Sediment,Freshwater Taxonomy,,SURBER,,,,,,16.67,Number of Individual Organisms,,4/22/2016,,,1,Count,,,,,,,,,,,ID-COUNT-LEVEL2,,09NEW2076_15,,"Rhithron Associates Inc, Missoula MT",,Rhyacophila betteni Group,115097,,Larva,,,,
Warning,Ambient Monitoring,09NEW2076,09NEW2076,Sample,GovLocal,8/31/2015,,,,,8,ft2,,,,,,09NEW2076_15,,N,,Y,,Solid/Sediment,Freshwater Taxonomy,,SURBER,,,,,,16.67,Number of Individual Organisms,,4/22/2016,,,1,Count,,,,,,,,,,,ID-COUNT-LEVEL2,,09NEW2076_15,,"Rhithron Associates Inc, Missoula MT",,Rhyacophila brunnea/vemna Group,115097,,Larva,,,,
Warning,Ambient Monitoring,09NEW2076,09NEW2076,Sample,GovLocal,8/31/2015,,,,,8,ft2,,,,,,09NEW2076_15,,N,,Y,,Solid/Sediment,Freshwater Taxonomy,,SURBER,,,,,,16.67,Number of Individual Organisms,,4/22/2016,,,15,Count,,,,,,,,,,,ID-COUNT-LEVEL2,,09NEW2076_15,,"Rhithron Associates Inc, Missoula MT",,Baetis tricaudatus complex,100817,,Larva,,,,
Warning,Ambient Monitoring,09NEW2128,09NEW2128,Sample,GovLocal,9/30/2020,,,,,8,ft2,,,,,,09NEW2128_20,,N,,Y,,Solid/Sediment,Freshwater Taxonomy,,SURBER,,,,,,23.33,Number of Individual Organisms,,4/30/2021,,,3,Count,,,,,,,,,,,ID-COUNT-LEVEL2,,09NEW2128_20,,"Rhithron Associates Inc, Missoula MT",,Tvetenia bavarica Group,129197,,Larva,,,,
Warning,Ambient Monitoring,09NEW2128,09NEW2128,Sample,GovLocal,9/30/2020,,,,,8,ft2,,,,,,09NEW2128_20,,N,,Y,,Solid/Sediment,Freshwater Taxonomy,,SURBER,,,,,,23.33,Number of Individual Organisms,,4/30/2021,,,22,Count,,,,,,,,,,,ID-COUNT-LEVEL2,,09NEW2128_20,,"Rhithron Associates Inc, Missoula MT",,Pericomaini,125391,,Larva,,,,
Warning,Ambient Monitoring,09NEW2128,09NEW2128,Sample,GovLocal,9/30/2020,,,,,8,ft2,,,,,,09NEW2128_20,,N,,Y,,Solid/Sediment,Freshwater Taxonomy,,SURBER,,,,,,23.33,Number of Individual Organisms,,4/30/2021,,,4,Count,,,,,,,,,,,ID-COUNT-LEVEL2,,09NEW2128_20,,"Rhithron Associates Inc, Missoula MT",,Rhyacophila brunnea/vemna Group,115097,,Larva,,,,
Warning,Ambient Monitoring,09NEW2128,09NEW2128,Sample,GovLocal,9/30/2020,,,,,8,ft2,,,,,,09NEW2128_20,,N,,Y,,Solid/Sediment,Freshwater Taxonomy,,SURBER,,,,,,23.33,Number of Individual Organisms,,4/30/2021,,,3,Count,,,,,,,,,,,ID-COUNT-LEVEL2,,09NEW2128_20,,"Rhithron Associates Inc, Missoula MT",,Ephemerella excrucians Group,101276,,Larva,,,,
Warning,Ambient Monitoring,09NEW2128,09NEW2128,Sample,GovLocal,9/30/2020,,,,,8,ft2,,,,,,09NEW2128_20,,N,,Y,,Solid/Sediment,Freshwater Taxonomy,,SURBER,,,,,,23.33,Number of Individual Organisms,,4/30/2021,,,51,Count,,,,,,,,,,,ID-COUNT-LEVEL2,,09NEW2128_20,,"Rhithron Associates Inc, Missoula MT",,Baetis tricaudatus complex,100817,,Larva,,,,
Warning,Ambient Monitoring,09NEW2128,09NEW2128,Sample,GovLocal,9/10/2019,,,,,8,ft2,,,,,,09NEW2128_19,,N,,Y,,Solid/Sediment,Freshwater Taxonomy,,SURBER,,,,,,23.33,Number of Individual Organisms,,2/7/2020,,,2,Count,,,,,,,,,,,ID-COUNT-LEVEL2,,09NEW2128_19,,"Rhithron Associates Inc, Missoula MT",,Tvetenia bavarica Group,129197,,Larva,,,,
Warning,Ambient Monitoring,09NEW2128,09NEW2128,Sample,GovLocal,9/10/2019,,,,,8,ft2,,,,,,09NEW2128_19,,N,,Y,,Solid/Sediment,Freshwater Taxonomy,,SURBER,,,,,,23.33,Number of Individual Organisms,,2/7/2020,,,3,Count,,,,,,,,,,,ID-COUNT-LEVEL2,,09NEW2128_19,,"Rhithron Associates Inc, Missoula MT",,Thienemannimyia Group,128078,,Larva,,,,
Warning,Ambient Monitoring,09NEW2128,09NEW2128,Sample,GovLocal,9/10/2019,,,,,8,ft2,,,,,,09NEW2128_19,,N,,Y,,Solid/Sediment,Freshwater Taxonomy,,SURBER,,,,,,23.33,Number of Individual Organisms,,2/7/2020,,,35,Count,,,,,,,,,,,ID-COUNT-LEVEL2,,09NEW2128_19,,"Rhithron Associates Inc, Missoula MT",,Pericomaini,125391,,Larva,,,,
Warning,Ambient Monitoring,09NEW2128,09NEW2128,Sample,GovLocal,9/10/2019,,,,,8,ft2,,,,,,09NEW2128_19,,N,,Y,,Solid/Sediment,Freshwater Taxonomy,,SURBER,,,,,,23.33,Number of Individual Organisms,,2/7/2020,,,1,Count,,,,,,,,,,,ID-COUNT-LEVEL2,,09NEW2128_19,,"Rhithron Associates Inc, Missoula MT",,Thremmatidae,598162,,Pupa,,,,
Warning,Ambient Monitoring,09NEW2128,09NEW2128,Sample,GovLocal,9/10/2019,,,,,8,ft2,,,,,,09NEW2128_19,,N,,Y,,Solid/Sediment,Freshwater Taxonomy,,SURBER,,,,,,23.33,Number of Individual Organisms,,2/7/2020,,,5,Count,,,,,,,,,,,ID-COUNT-LEVEL2,,09NEW2128_19,,"Rhithron Associates Inc, Missoula MT",,Rhyacophila brunnea/vemna Group,115097,,Larva,,,,
Warning,Ambient Monitoring,09NEW2128,09NEW2128,Sample,GovLocal,9/10/2019,,,,,8,ft2,,,,,,09NEW2128_19,,N,,Y,,Solid/Sediment,Freshwater Taxonomy,,SURBER,,,,,,23.33,Number of Individual Organisms,,2/7/2020,,,12,Count,,,,,,,,,,,ID-COUNT-LEVEL2,,09NEW2128_19,,"Rhithron Associates Inc, Missoula MT",,Neoleptophlebia,101095,,Larva,,,,
Warning,Ambient Monitoring,09NEW2128,09NEW2128,Sample,GovLocal,9/10/2019,,,,,8,ft2,,,,,,09NEW2128_19,,N,,Y,,Solid/Sediment,Freshwater Taxonomy,,SURBER,,,,,,23.33,Number of Individual Organisms,,2/7/2020,,,24,Count,,,,,,,,,,,ID-COUNT-LEVEL2,,09NEW2128_19,,"Rhithron Associates Inc, Missoula MT",,Baetis tricaudatus complex,100817,,Larva,,,,
Warning,Ambient Monitoring,09NEW2128,09NEW2128,Sample,GovLocal,9/27/2018,,,,,8,ft2,,,,,,09NEW2128_18,,N,,Y,,Solid/Sediment,Freshwater Taxonomy,,SURBER,,,,,,30,Number of Individual Organisms,,11/19/2018,,,4,Count,,,,,,,,,,,ID-COUNT-LEVEL2,,09NEW2128_18,,"Rhithron Associates Inc, Missoula MT",,Monatractides,83249,,Adult,,,,
Warning,Ambient Monitoring,09NEW2128,09NEW2128,Sample,GovLocal,8/31/2015,,,,,8,ft2,,,,,,09NEW2128_15,,N,,Y,,Solid/Sediment,Freshwater Taxonomy,,SURBER,,,,,,23.33,Number of Individual Organisms,,4/22/2016,,,1,Count,,,,,,,,,,,ID-COUNT-LEVEL2,,09NEW2128_15,,"Rhithron Associates Inc, Missoula MT",,Thienemannimyia Group,128078,,Larva,,,,
Warning,Ambient Monitoring,09NEW2128,09NEW2128,Sample,GovLocal,8/31/2015,,,,,8,ft2,,,,,,09NEW2128_15,,N,,Y,,Solid/Sediment,Freshwater Taxonomy,,SURBER,,,,,,23.33,Number of Individual Organisms,,4/22/2016,,,7,Count,,,,,,,,,,,ID-COUNT-LEVEL2,,09NEW2128_15,,"Rhithron Associates Inc, Missoula MT",,Rhyacophila brunnea/vemna Group,115097,,Larva,,,,
Warning,Ambient Monitoring,09NEW2128,09NEW2128,Sample,GovLocal,8/31/2015,,,,,8,ft2,,,,,,09NEW2128_15,,N,,Y,,Solid/Sediment,Freshwater Taxonomy,,SURBER,,,,,,23.33,Number of Individual Organisms,,4/22/2016,,,15,Count,,,,,,,,,,,ID-COUNT-LEVEL2,,09NEW2128_15,,"Rhithron Associates Inc, Missoula MT",,Baetis tricaudatus complex,100817,,Larva,,,,
Warning,Ambient Monitoring,09NEW2128,09NEW2128,Sample,GovLocal,8/31/2015,,,,,8,ft2,,,,,,09NEW2128_15_R,,Y,,Y,,Solid/Sediment,Freshwater Taxonomy,,SURBER,,,,,,26.67,Number of Individual Organisms,,4/22/2016,,,3,Count,,,,,,,,,,,ID-COUNT-LEVEL2,,09NEW2128_15_R,,"Rhithron Associates Inc, Missoula MT",,Monatractides,83249,,Adult,,,,
Warning,Ambient Monitoring,09NEW2128,09NEW2128,Sample,GovLocal,8/31/2015,,,,,8,ft2,,,,,,09NEW2128_15_R,,Y,,Y,,Solid/Sediment,Freshwater Taxonomy,,SURBER,,,,,,26.67,Number of Individual Organisms,,4/22/2016,,,1,Count,,,,,,,,,,,ID-COUNT-LEVEL2,,09NEW2128_15_R,,"Rhithron Associates Inc, Missoula MT",,Tvetenia bavarica Group,129197,,Larva,,,,
Warning,Ambient Monitoring,09NEW2128,09NEW2128,Sample,GovLocal,8/31/2015,,,,,8,ft2,,,,,,09NEW2128_15_R,,Y,,Y,,Solid/Sediment,Freshwater Taxonomy,,SURBER,,,,,,26.67,Number of Individual Organisms,,4/22/2016,,,3,Count,,,,,,,,,,,ID-COUNT-LEVEL2,,09NEW2128_15_R,,"Rhithron Associates Inc, Missoula MT",,Thienemannimyia Group,128078,,Larva,,,,
Warning,Ambient Monitoring,09NEW2128,09NEW2128,Sample,GovLocal,8/31/2015,,,,,8,ft2,,,,,,09NEW2128_15_R,,Y,,Y,,Solid/Sediment,Freshwater Taxonomy,,SURBER,,,,,,26.67,Number of Individual Organisms,,4/22/2016,,,4,Count,,,,,,,,,,,ID-COUNT-LEVEL2,,09NEW2128_15_R,,"Rhithron Associates Inc, Missoula MT",,Rhyacophila brunnea/vemna Group,115097,,Larva,,,,
Warning,Ambient Monitoring,09NEW2128,09NEW2128,Sample,GovLocal,8/31/2015,,,,,8,ft2,,,,,,09NEW2128_15_R,,Y,,Y,,Solid/Sediment,Freshwater Taxonomy,,SURBER,,,,,,26.67,Number of Individual Organisms,,4/22/2016,,,16,Count,,,,,,,,,,,ID-COUNT-LEVEL2,,09NEW2128_15_R,,"Rhithron Associates Inc, Missoula MT",,Baetis tricaudatus complex,100817,,Larva,,,,
Warning,Ambient Monitoring,09SOO0943,09SOO0943,Sample,GovLocal,9/25/2018,,,,,8,ft2,,,,,,09SOO0943_18,,N,,Y,,Solid/Sediment,Freshwater Taxonomy,,SURBER,,,,,,16.67,Number of Individual Organisms,,11/19/2018,,,1,Count,,,,,,,,,,,ID-COUNT-LEVEL2,,09SOO0943_18,,"Rhithron Associates Inc, Missoula MT",,Baetis flavistriga complex,100800,,Larva,,,,
Warning,Ambient Monitoring,09SOO0943,09SOO0943,Sample,GovLocal,9/25/2018,,,,,8,ft2,,,,,,09SOO0943_18,,N,,Y,,Solid/Sediment,Freshwater Taxonomy,,SURBER,,,,,,16.67,Number of Individual Organisms,,11/19/2018,,,113,Count,,,,,,,,,,,ID-COUNT-LEVEL2,,09SOO0943_18,,"Rhithron Associates Inc, Missoula MT",,Baetis tricaudatus complex,100817,,Larva,,,,
Warning,Ambient Monitoring,09SOO0943,09SOO0943,Sample,GovLocal,8/8/2017,,,,,8,ft2,,,,,,09SOO0943_17,,N,,Y,,Solid/Sediment,Freshwater Taxonomy,,SURBER,,,,,,100,Number of Individual Organisms,,3/16/2018,,,1,Count,,,,,,,,,,,ID-COUNT-LEVEL2,,09SOO0943_17,,"Rhithron Associates Inc, Missoula MT",,Cystobranchus salmositicus,69339,,unknown,,,,
Warning,Ambient Monitoring,09SOO0943,09SOO0943,Sample,GovLocal,8/8/2017,,,,,8,ft2,,,,,,09SOO0943_17,,N,,Y,,Solid/Sediment,Freshwater Taxonomy,,SURBER,,,,,,100,Number of Individual Organisms,,3/16/2018,,,5,Count,,,,,,,,,,,ID-COUNT-LEVEL2,,09SOO0943_17,,"Rhithron Associates Inc, Missoula MT",,Tvetenia bavarica Group,129197,,Larva,,,,
Warning,Ambient Monitoring,09SOO0943,09SOO0943,Sample,GovLocal,8/8/2017,,,,,8,ft2,,,,,,09SOO0943_17,,N,,Y,,Solid/Sediment,Freshwater Taxonomy,,SURBER,,,,,,100,Number of Individual Organisms,,3/16/2018,,,4,Count,,,,,,,,,,,ID-COUNT-LEVEL2,,09SOO0943_17,,"Rhithron Associates Inc, Missoula MT",,Thienemannimyia Group,128078,,Larva,,,,
Warning,Ambient Monitoring,09SOO0943,09SOO0943,Sample,GovLocal,8/8/2017,,,,,8,ft2,,,,,,09SOO0943_17,,N,,Y,,Solid/Sediment,Freshwater Taxonomy,,SURBER,,,,,,100,Number of Individual Organisms,,3/16/2018,,,1,Count,,,,,,,,,,,ID-COUNT-LEVEL2,,09SOO0943_17,,"Rhithron Associates Inc, Missoula MT",,Rhyacophila betteni Group,115097,,Larva,,,,
Warning,Ambient Monitoring,09SOO0943,09SOO0943,Sample,GovLocal,8/8/2017,,,,,8,ft2,,,,,,09SOO0943_17,,N,,Y,,Solid/Sediment,Freshwater Taxonomy,,SURBER,,,,,,100,Number of Individual Organisms,,3/16/2018,,,1,Count,,,,,,,,,,,ID-COUNT-LEVEL2,,09SOO0943_17,,"Rhithron Associates Inc, Missoula MT",,Rhyacophila brunnea/vemna Group,115097,,Larva,,,,
Warning,Ambient Monitoring,09SOO0943,09SOO0943,Sample,GovLocal,8/8/2017,,,,,8,ft2,,,,,,09SOO0943_17,,N,,Y,,Solid/Sediment,Freshwater Taxonomy,,SURBER,,,,,,100,Number of Individual Organisms,,3/16/2018,,,81,Count,,,,,,,,,,,ID-COUNT-LEVEL2,,09SOO0943_17,,"Rhithron Associates Inc, Missoula MT",,Baetis tricaudatus complex,100817,,Larva,,,,
Warning,Ambient Monitoring,09SOO0943,09SOO0943,Sample,GovLocal,8/18/2016,,,,,8,ft2,,,,,,09SOO0943_16,,N,,Y,,Solid/Sediment,Freshwater Taxonomy,,SURBER,,,,,,63.33,Number of Individual Organisms,,4/4/2017,,,1,Count,,,,,,,,,,,ID-COUNT-LEVEL2,,09SOO0943_16,,"Rhithron Associates Inc, Missoula MT",,Cystobranchus salmositicus,69339,,unknown,,,,
Warning,Ambient Monitoring,09SOO1209,09SOO1209,Sample,GovLocal,9/20/2022,,,,,8,ft2,,,,,,09SOO1209_22,,N,,Y,,Solid/Sediment,Freshwater Taxonomy,,SURBER,,,,,,40,Number of Individual Organisms,,5/19/2023,,,1,Count,,,,,,,,,,,ID-COUNT-LEVEL2,,09SOO1209_22,,"Rhithron Associates Inc, Missoula MT",,Rhyacophila brunnea/vemna Group,115097,,Larva,,,,
Warning,Ambient Monitoring,09SOO1209,09SOO1209,Sample,GovLocal,9/20/2022,,,,,8,ft2,,,,,,09SOO1209_22,,N,,Y,,Solid/Sediment,Freshwater Taxonomy,,SURBER,,,,,,40,Number of Individual Organisms,,5/19/2023,,,14,Count,,,,,,,,,,,ID-COUNT-LEVEL2,,09SOO1209_22,,"Rhithron Associates Inc, Missoula MT",,Baetis tricaudatus complex,100817,,Larva,,,,
Warning,Ambient Monitoring,09SOO1209,09SOO1209,Sample,GovLocal,10/7/2021,,,,,8,ft2,,,,,,09SOO1209_21,,N,,Y,,Solid/Sediment,Freshwater Taxonomy,,SURBER,,,,,,26.67,Number of Individual Organisms,,12/17/2021,,,1,Count,,,,,,,,,,,ID-COUNT-LEVEL2,,09SOO1209_21,,"Rhithron Associates Inc, Missoula MT",,Chamaedrilus,68510,,unknown,,,,
Warning,Ambient Monitoring,09SOO1209,09SOO1209,Sample,GovLocal,10/7/2021,,,,,8,ft2,,,,,,09SOO1209_21,,N,,Y,,Solid/Sediment,Freshwater Taxonomy,,SURBER,,,,,,26.67,Number of Individual Organisms,,12/17/2021,,,2,Count,,,,,,,,,,,ID-COUNT-LEVEL2,,09SOO1209_21,,"Rhithron Associates Inc, Missoula MT",,Thienemannimyia Group,128078,,Larva,,,,
Warning,Ambient Monitoring,09SOO1209,09SOO1209,Sample,GovLocal,10/7/2021,,,,,8,ft2,,,,,,09SOO1209_21,,N,,Y,,Solid/Sediment,Freshwater Taxonomy,,SURBER,,,,,,26.67,Number of Individual Organisms,,12/17/2021,,,19,Count,,,,,,,,,,,ID-COUNT-LEVEL2,,09SOO1209_21,,"Rhithron Associates Inc, Missoula MT",,Baetis tricaudatus complex,100817,,Larva,,,,
Warning,Ambient Monitoring,09SOO1209,09SOO1209,Sample,GovLocal,10/1/2020,,,,,8,ft2,,,,,,09SOO1209_20,,N,,Y,,Solid/Sediment,Freshwater Taxonomy,,SURBER,,,,,,46.67,Number of Individual Organisms,,4/30/2021,,,11,Count,,,,,,,,,,,ID-COUNT-LEVEL2,,09SOO1209_20,,"Rhithron Associates Inc, Missoula MT",,Baetis tricaudatus complex,100817,,Larva,,,,
Warning,Ambient Monitoring,09SOO1283,09SOO1283,Sample,GovLocal,8/19/2024,,,,,8,ft2,,,,,,09SOO1283_24,,N,,Y,,Solid/Sediment,Freshwater Taxonomy,,SURBER,,,,,,36.67,Number of Individual Organisms,,4/14/2025,,,2,Count,,,,,,,,,,,ID-COUNT-LEVEL2,,09SOO1283_24,,"Rhithron Associates Inc, Missoula MT",,Tvetenia bavarica Group,129197,,Larva,,,,
Warning,Ambient Monitoring,09SOO1283,09SOO1283,Sample,GovLocal,8/19/2024,,,,,8,ft2,,,,,,09SOO1283_24,,N,,Y,,Solid/Sediment,Freshwater Taxonomy,,SURBER,,,,,,36.67,Number of Individual Organisms,,4/14/2025,,,1,Count,,,,,,,,,,,ID-COUNT-LEVEL2,,09SOO1283_24,,"Rhithron Associates Inc, Missoula MT",,Thienemannimyia Group,128078,,Larva,,,,
Warning,Ambient Monitoring,09SOO1283,09SOO1283,Sample,GovLocal,8/19/2024,,,,,8,ft2,,,,,,09SOO1283_24,,N,,Y,,Solid/Sediment,Freshwater Taxonomy,,SURBER,,,,,,36.67,Number of Individual Organisms,,4/14/2025,,,1,Count,,,,,,,,,,,ID-COUNT-LEVEL2,,09SOO1283_24,,"Rhithron Associates Inc, Missoula MT",,Zapada oregonensis Group,102591,,Larva,,,,
Warning,Ambient Monitoring,09SOO1283,09SOO1283,Sample,GovLocal,8/19/2024,,,,,8,ft2,,,,,,09SOO1283_24,,N,,Y,,Solid/Sediment,Freshwater Taxonomy,,SURBER,,,,,,36.67,Number of Individual Organisms,,4/14/2025,,,4,Count,,,,,,,,,,,ID-COUNT-LEVEL2,,09SOO1283_24,,"Rhithron Associates Inc, Missoula MT",,Kogotus/Rickera,609866,,Larva,,,,
Warning,Ambient Monitoring,09SOO1283,09SOO1283,Sample,GovLocal,8/19/2024,,,,,8,ft2,,,,,,09SOO1283_24,,N,,Y,,Solid/Sediment,Freshwater Taxonomy,,SURBER,,,,,,36.67,Number of Individual Organisms,,4/14/2025,,,4,Count,,,,,,,,,,,ID-COUNT-LEVEL2,,09SOO1283_24,,"Rhithron Associates Inc, Missoula MT",,Rhyacophila brunnea/vemna Group,115097,,Larva,,,,
Warning,Ambient Monitoring,09SOO1283,09SOO1283,Sample,GovLocal,8/19/2024,,,,,8,ft2,,,,,,09SOO1283_24,,N,,Y,,Solid/Sediment,Freshwater Taxonomy,,SURBER,,,,,,36.67,Number of Individual Organisms,,4/14/2025,,,7,Count,,,,,,,,,,,ID-COUNT-LEVEL2,,09SOO1283_24,,"Rhithron Associates Inc, Missoula MT",,Baetis tricaudatus complex,100817,,Larva,,,,
Warning,Ambient Monitoring,09SOO1283,09SOO1283,Sample,GovLocal,8/29/2023,,,,,8,ft2,,,,,,09SOO1283_23,,N,,Y,,Solid/Sediment,Freshwater Taxonomy,,SURBER,,,,,,30,Number of Individual Organisms,,5/17/2024,,,4,Count,,,,,,,,,,,ID-COUNT-LEVEL2,,09SOO1283_23,,"Rhithron Associates Inc, Missoula MT",,Baetis tricaudatus complex,100817,,Larva,,,,
Warning,Ambient Monitoring,09SOO1283,09SOO1283,Sample,GovLocal,9/28/2022,,,,,8,ft2,,,,,,09SOO1283_22,,N,,Y,,Solid/Sediment,Freshwater Taxonomy,,SURBER,,,,,,36.67,Number of Individual Organisms,,5/23/2023,,,1,Count,,,,,,,,,,,ID-COUNT-LEVEL2,,09SOO1283_22,,"Rhithron Associates Inc, Missoula MT",,Chamaedrilus,68510,,unknown,,,,
Warning,Ambient Monitoring,09SOO1283,09SOO1283,Sample,GovLocal,9/28/2022,,,,,8,ft2,,,,,,09SOO1283_22,,N,,Y,,Solid/Sediment,Freshwater Taxonomy,,SURBER,,,,,,36.67,Number of Individual Organisms,,5/23/2023,,,1,Count,,,,,,,,,,,ID-COUNT-LEVEL2,,09SOO1283_22,,"Rhithron Associates Inc, Missoula MT",,Tvetenia bavarica Group,129197,,Larva,,,,
Warning,Ambient Monitoring,09SOO1283,09SOO1283,Sample,GovLocal,8/2/2017,,,,,8,ft2,,,,,,09SOO1283_17,,N,,Y,,Solid/Sediment,Freshwater Taxonomy,,SURBER,,,,,,20,Number of Individual Organisms,,3/16/2018,,,4,Count,,,,,,,,,,,ID-COUNT-LEVEL2,,09SOO1283_17,,"Rhithron Associates Inc, Missoula MT",,Tvetenia bavarica Group,129197,,Larva,,,,
Warning,Ambient Monitoring,09SOO1283,09SOO1283,Sample,GovLocal,8/2/2017,,,,,8,ft2,,,,,,09SOO1283_17,,N,,Y,,Solid/Sediment,Freshwater Taxonomy,,SURBER,,,,,,20,Number of Individual Organisms,,3/16/2018,,,1,Count,,,,,,,,,,,ID-COUNT-LEVEL2,,09SOO1283_17,,"Rhithron Associates Inc, Missoula MT",,Thienemannimyia Group,128078,,Larva,,,,
Warning,Ambient Monitoring,09SOO1283,09SOO1283,Sample,GovLocal,8/2/2017,,,,,8,ft2,,,,,,09SOO1283_17,,N,,Y,,Solid/Sediment,Freshwater Taxonomy,,SURBER,,,,,,20,Number of Individual Organisms,,3/16/2018,,,5,Count,,,,,,,,,,,ID-COUNT-LEVEL2,,09SOO1283_17,,"Rhithron Associates Inc, Missoula MT",,Rhyacophila betteni Group,115097,,Larva,,,,
Warning,Ambient Monitoring,09SOO1283,09SOO1283,Sample,GovLocal,8/2/2017,,,,,8,ft2,,,,,,09SOO1283_17,,N,,Y,,Solid/Sediment,Freshwater Taxonomy,,SURBER,,,,,,20,Number of Individual Organisms,,3/16/2018,,,2,Count,,,,,,,,,,,ID-COUNT-LEVEL2,,09SOO1283_17,,"Rhithron Associates Inc, Missoula MT",,Rhyacophila brunnea/vemna Group,115097,,Larva,,,,
Warning,Ambient Monitoring,09SOO1283,09SOO1283,Sample,GovLocal,8/2/2017,,,,,8,ft2,,,,,,09SOO1283_17,,N,,Y,,Solid/Sediment,Freshwater Taxonomy,,SURBER,,,,,,20,Number of Individual Organisms,,3/16/2018,,,5,Count,,,,,,,,,,,ID-COUNT-LEVEL2,,09SOO1283_17,,"Rhithron Associates Inc, Missoula MT",,Baetis tricaudatus complex,100817,,Larva,,,,
Warning,Ambient Monitoring,09SOO1283,09SOO1283,Sample,GovLocal,8/10/2016,,,,,8,ft2,,,,,,09SOO1283_16,,N,,Y,,Solid/Sediment,Freshwater Taxonomy,,SURBER,,,,,,30,Number of Individual Organisms,,11/21/2016,,,7,Count,,,,,,,,,,,ID-COUNT-LEVEL2,,09SOO1283_16,,"Rhithron Associates Inc, Missoula MT",,Baetis tricaudatus complex,100817,,Larva,,,,
Warning,Ambient Monitoring,09SOO1130,09SOO1130,Sample,GovLocal,9/22/2022,,,,,8,ft2,,,,,,09SOO1130_22,,N,,Y,,Solid/Sediment,Freshwater Taxonomy,,SURBER,,,,,,16.67,Number of Individual Organisms,,1/26/2023,,,6,Count,,,,,,,,,,,ID-COUNT-LEVEL2,,09SOO1130_22,,"Rhithron Associates Inc, Missoula MT",,Rhyacophila brunnea/vemna Group,115097,,Larva,,,,
Warning,Ambient Monitoring,09SOO1130,09SOO1130,Sample,GovLocal,9/22/2022,,,,,8,ft2,,,,,,09SOO1130_22,,N,,Y,,Solid/Sediment,Freshwater Taxonomy,,SURBER,,,,,,16.67,Number of Individual Organisms,,1/26/2023,,,41,Count,,,,,,,,,,,ID-COUNT-LEVEL2,,09SOO1130_22,,"Rhithron Associates Inc, Missoula MT",,Baetis tricaudatus complex,100817,,Larva,,,,
Warning,Ambient Monitoring,09SOO1130,09SOO1130,Sample,GovLocal,10/6/2021,,,,,8,ft2,,,,,,09SOO1130_21,,N,,Y,,Solid/Sediment,Freshwater Taxonomy,,SURBER,,,,,,13.33,Number of Individual Organisms,,12/17/2021,,,2,Count,,,,,,,,,,,ID-COUNT-LEVEL2,,09SOO1130_21,,"Rhithron Associates Inc, Missoula MT",,Chamaedrilus,68510,,unknown,,,,
Warning,Ambient Monitoring,09SOO1130,09SOO1130,Sample,GovLocal,10/6/2021,,,,,8,ft2,,,,,,09SOO1130_21,,N,,Y,,Solid/Sediment,Freshwater Taxonomy,,SURBER,,,,,,13.33,Number of Individual Organisms,,12/17/2021,,,1,Count,,,,,,,,,,,ID-COUNT-LEVEL2,,09SOO1130_21,,"Rhithron Associates Inc, Missoula MT",,Tvetenia bavarica Group,129197,,Larva,,,,
Warning,Ambient Monitoring,09SOO1130,09SOO1130,Sample,GovLocal,10/6/2021,,,,,8,ft2,,,,,,09SOO1130_21,,N,,Y,,Solid/Sediment,Freshwater Taxonomy,,SURBER,,,,,,13.33,Number of Individual Organisms,,12/17/2021,,,3,Count,,,,,,,,,,,ID-COUNT-LEVEL2,,09SOO1130_21,,"Rhithron Associates Inc, Missoula MT",,Pericomaini,125391,,Larva,,,,
Warning,Ambient Monitoring,09SOO1130,09SOO1130,Sample,GovLocal,10/6/2021,,,,,8,ft2,,,,,,09SOO1130_21,,N,,Y,,Solid/Sediment,Freshwater Taxonomy,,SURBER,,,,,,13.33,Number of Individual Organisms,,12/17/2021,,,3,Count,,,,,,,,,,,ID-COUNT-LEVEL2,,09SOO1130_21,,"Rhithron Associates Inc, Missoula MT",,Zapada oregonensis Group,102591,,Larva,,,,
Warning,Ambient Monitoring,09SOO1130,09SOO1130,Sample,GovLocal,10/6/2021,,,,,8,ft2,,,,,,09SOO1130_21,,N,,Y,,Solid/Sediment,Freshwater Taxonomy,,SURBER,,,,,,13.33,Number of Individual Organisms,,12/17/2021,,,6,Count,,,,,,,,,,,ID-COUNT-LEVEL2,,09SOO1130_21,,"Rhithron Associates Inc, Missoula MT",,Rhyacophila brunnea/vemna Group,115097,,Larva,,,,
Warning,Ambient Monitoring,09SOO1130,09SOO1130,Sample,GovLocal,10/6/2021,,,,,8,ft2,,,,,,09SOO1130_21,,N,,Y,,Solid/Sediment,Freshwater Taxonomy,,SURBER,,,,,,13.33,Number of Individual Organisms,,12/17/2021,,,7,Count,,,,,,,,,,,ID-COUNT-LEVEL2,,09SOO1130_21,,"Rhithron Associates Inc, Missoula MT",,Ephemerella excrucians Group,101276,,Larva,,,,
Warning,Ambient Monitoring,09SOO1130,09SOO1130,Sample,GovLocal,10/6/2021,,,,,8,ft2,,,,,,09SOO1130_21,,N,,Y,,Solid/Sediment,Freshwater Taxonomy,,SURBER,,,,,,13.33,Number of Individual Organisms,,12/17/2021,,,66,Count,,,,,,,,,,,ID-COUNT-LEVEL2,,09SOO1130_21,,"Rhithron Associates Inc, Missoula MT",,Baetis tricaudatus complex,100817,,Larva,,,,
Warning,Ambient Monitoring,09SOO1130,09SOO1130,Sample,GovLocal,9/2/2020,,,,,8,ft2,,,,,,09SOO1130_20,,N,,Y,,Solid/Sediment,Freshwater Taxonomy,,SURBER,,,,,,13.33,Number of Individual Organisms,,4/30/2021,,,1,Count,,,,,,,,,,,ID-COUNT-LEVEL2,,09SOO1130_20,,"Rhithron Associates Inc, Missoula MT",,Thienemannimyia Group,128078,,Larva,,,,
Warning,Ambient Monitoring,09SOO1130,09SOO1130,Sample,GovLocal,9/2/2020,,,,,8,ft2,,,,,,09SOO1130_20,,N,,Y,,Solid/Sediment,Freshwater Taxonomy,,SURBER,,,,,,13.33,Number of Individual Organisms,,4/30/2021,,,3,Count,,,,,,,,,,,ID-COUNT-LEVEL2,,09SOO1130_20,,"Rhithron Associates Inc, Missoula MT",,Pericomaini,125391,,Larva,,,,
Warning,Ambient Monitoring,09SOO1130,09SOO1130,Sample,GovLocal,9/2/2020,,,,,8,ft2,,,,,,09SOO1130_20,,N,,Y,,Solid/Sediment,Freshwater Taxonomy,,SURBER,,,,,,13.33,Number of Individual Organisms,,4/30/2021,,,56,Count,,,,,,,,,,,ID-COUNT-LEVEL2,,09SOO1130_20,,"Rhithron Associates Inc, Missoula MT",,Baetis tricaudatus complex,100817,,Larva,,,,
Warning,Ambient Monitoring,09SOO1130,09SOO1130,Sample,GovLocal,8/10/2015,,,,,8,ft2,,,,,,09SOO1130_15,,N,,Y,,Solid/Sediment,Freshwater Taxonomy,,SURBER,,,,,,20,Number of Individual Organisms,,4/22/2016,,,1,Count,,,,,,,,,,,ID-COUNT-LEVEL2,,09SOO1130_15,,"Rhithron Associates Inc, Missoula MT",,Thienemannimyia Group,128078,,Larva,,,,
Warning,Ambient Monitoring,09SOO1130,09SOO1130,Sample,GovLocal,8/10/2015,,,,,8,ft2,,,,,,09SOO1130_15,,N,,Y,,Solid/Sediment,Freshwater Taxonomy,,SURBER,,,,,,20,Number of Individual Organisms,,4/22/2016,,,1,Count,,,,,,,,,,,ID-COUNT-LEVEL2,,09SOO1130_15,,"Rhithron Associates Inc, Missoula MT",,Zapada oregonensis Group,102591,,Larva,,,,
Warning,Ambient Monitoring,09SOO1130,09SOO1130,Sample,GovLocal,8/10/2015,,,,,8,ft2,,,,,,09SOO1130_15,,N,,Y,,Solid/Sediment,Freshwater Taxonomy,,SURBER,,,,,,20,Number of Individual Organisms,,4/22/2016,,,2,Count,,,,,,,,,,,ID-COUNT-LEVEL2,,09SOO1130_15,,"Rhithron Associates Inc, Missoula MT",,Rhyacophila betteni Group,115097,,Larva,,,,
Warning,Ambient Monitoring,09SOO1130,09SOO1130,Sample,GovLocal,8/10/2015,,,,,8,ft2,,,,,,09SOO1130_15,,N,,Y,,Solid/Sediment,Freshwater Taxonomy,,SURBER,,,,,,20,Number of Individual Organisms,,4/22/2016,,,1,Count,,,,,,,,,,,ID-COUNT-LEVEL2,,09SOO1130_15,,"Rhithron Associates Inc, Missoula MT",,Rhyacophila brunnea/vemna Group,115097,,Larva,,,,
Warning,Ambient Monitoring,09MIL0390,09MIL0390,Sample,GovLocal,8/8/2022,,,,,8,ft2,,,,,,09MIL0390_22,,N,,Y,,Solid/Sediment,Freshwater Taxonomy,,SURBER,,,,,,70,Number of Individual Organisms,,5/19/2023,,,1,Count,,,,,,,,,,,ID-COUNT-LEVEL2,,09MIL0390_22,,"Rhithron Associates Inc, Missoula MT",,Zapada oregonensis Group,102591,,Larva,,,,
Warning,Ambient Monitoring,09MIL0390,09MIL0390,Sample,GovLocal,8/8/2022,,,,,8,ft2,,,,,,09MIL0390_22,,N,,Y,,Solid/Sediment,Freshwater Taxonomy,,SURBER,,,,,,70,Number of Individual Organisms,,5/19/2023,,,69,Count,,,,,,,,,,,ID-COUNT-LEVEL2,,09MIL0390_22,,"Rhithron Associates Inc, Missoula MT",,Baetis tricaudatus complex,100817,,Larva,,,,
Warning,Ambient Monitoring,09MIL0390,09MIL0390,Sample,GovLocal,8/8/2022,,,,,8,ft2,,,,,,09MIL0390_22,,N,,Y,,Solid/Sediment,Freshwater Taxonomy,,SURBER,,,,,,70,Number of Individual Organisms,,5/19/2023,,,2,Count,,,,,,,,,,,ID-COUNT-LEVEL2,,09MIL0390_22,,"Rhithron Associates Inc, Missoula MT",,Truncatelloidea,69459,,unknown,,,,
Warning,Ambient Monitoring,09MIL0390,09MIL0390,Sample,GovLocal,7/19/2021,,,,,8,ft2,,,,,,09MIL0390_21,,N,,Y,,Solid/Sediment,Freshwater Taxonomy,,SURBER,,,,,,100,Number of Individual Organisms,,10/20/2021,,,1,Count,,,,,,,,,,,ID-COUNT-LEVEL2,,09MIL0390_21,,"Rhithron Associates Inc, Missoula MT",,Chamaedrilus,68510,,unknown,,,,
Warning,Ambient Monitoring,09MIL0390,09MIL0390,Sample,GovLocal,7/19/2021,,,,,8,ft2,,,,,,09MIL0390_21,,N,,Y,,Solid/Sediment,Freshwater Taxonomy,,SURBER,,,,,,100,Number of Individual Organisms,,10/20/2021,,,2,Count,,,,,,,,,,,ID-COUNT-LEVEL2,,09MIL0390_21,,"Rhithron Associates Inc, Missoula MT",,Tvetenia bavarica Group,129197,,Larva,,,,
Warning,Ambient Monitoring,09MIL0390,09MIL0390,Sample,GovLocal,7/19/2021,,,,,8,ft2,,,,,,09MIL0390_21,,N,,Y,,Solid/Sediment,Freshwater Taxonomy,,SURBER,,,,,,100,Number of Individual Organisms,,10/20/2021,,,1,Count,,,,,,,,,,,ID-COUNT-LEVEL2,,09MIL0390_21,,"Rhithron Associates Inc, Missoula MT",,Rhyacophila betteni Group,115097,,Larva,,,,
Warning,Ambient Monitoring,09MIL0390,09MIL0390,Sample,GovLocal,7/19/2021,,,,,8,ft2,,,,,,09MIL0390_21,,N,,Y,,Solid/Sediment,Freshwater Taxonomy,,SURBER,,,,,,100,Number of Individual Organisms,,10/20/2021,,,1,Count,,,,,,,,,,,ID-COUNT-LEVEL2,,09MIL0390_21,,"Rhithron Associates Inc, Missoula MT",,Rhyacophila brunnea/vemna Group,115097,,Larva,,,,
Warning,Ambient Monitoring,09MIL0390,09MIL0390,Sample,GovLocal,7/19/2021,,,,,8,ft2,,,,,,09MIL0390_21,,N,,Y,,Solid/Sediment,Freshwater Taxonomy,,SURBER,,,,,,100,Number of Individual Organisms,,10/20/2021,,,18,Count,,,,,,,,,,,ID-COUNT-LEVEL2,,09MIL0390_21,,"Rhithron Associates Inc, Missoula MT",,Baetis tricaudatus complex,100817,,Larva,,,,
Warning,Ambient Monitoring,09MIL0390,09MIL0390,Sample,GovLocal,7/22/2020,,,,,8,ft2,,,,,,09MIL0390_20,,N,,Y,,Solid/Sediment,Freshwater Taxonomy,,SURBER,,,,,,13.33,Number of Individual Organisms,,4/30/2021,,,1,Count,,,,,,,,,,,ID-COUNT-LEVEL2,,09MIL0390_20,,"Rhithron Associates Inc, Missoula MT",,Chamaedrilus,68510,,unknown,,,,
Warning,Ambient Monitoring,09MIL0390,09MIL0390,Sample,GovLocal,7/22/2020,,,,,8,ft2,,,,,,09MIL0390_20,,N,,Y,,Solid/Sediment,Freshwater Taxonomy,,SURBER,,,,,,13.33,Number of Individual Organisms,,4/30/2021,,,2,Count,,,,,,,,,,,ID-COUNT-LEVEL2,,09MIL0390_20,,"Rhithron Associates Inc, Missoula MT",,Tvetenia bavarica Group,129197,,Larva,,,,
Warning,Ambient Monitoring,09MIL0390,09MIL0390,Sample,GovLocal,7/22/2020,,,,,8,ft2,,,,,,09MIL0390_20,,N,,Y,,Solid/Sediment,Freshwater Taxonomy,,SURBER,,,,,,13.33,Number of Individual Organisms,,4/30/2021,,,1,Count,,,,,,,,,,,ID-COUNT-LEVEL2,,09MIL0390_20,,"Rhithron Associates Inc, Missoula MT",,Rhyacophila betteni Group,115097,,Larva,,,,
Warning,Ambient Monitoring,09MIL0390,09MIL0390,Sample,GovLocal,7/22/2020,,,,,8,ft2,,,,,,09MIL0390_20,,N,,Y,,Solid/Sediment,Freshwater Taxonomy,,SURBER,,,,,,13.33,Number of Individual Organisms,,4/30/2021,,,1,Count,,,,,,,,,,,ID-COUNT-LEVEL2,,09MIL0390_20,,"Rhithron Associates Inc, Missoula MT",,Rhyacophila brunnea/vemna Group,115097,,Larva,,,,
Warning,Ambient Monitoring,09MIL0390,09MIL0390,Sample,GovLocal,7/22/2020,,,,,8,ft2,,,,,,09MIL0390_20,,N,,Y,,Solid/Sediment,Freshwater Taxonomy,,SURBER,,,,,,13.33,Number of Individual Organisms,,4/30/2021,,,96,Count,,,,,,,,,,,ID-COUNT-LEVEL2,,09MIL0390_20,,"Rhithron Associates Inc, Missoula MT",,Baetis tricaudatus complex,100817,,Larva,,,,
Warning,Ambient Monitoring,09MIL0390,09MIL0390,Sample,GovLocal,9/24/2019,,,,,8,ft2,,,,,,09MIL0390_19,,N,,Y,,Solid/Sediment,Freshwater Taxonomy,,SURBER,,,,,,40,Number of Individual Organisms,,12/18/2019,,,3,Count,,,,,,,,,,,ID-COUNT-LEVEL2,,09MIL0390_19,,"Rhithron Associates Inc, Missoula MT",,Chamaedrilus,68510,,unknown,,,,
Warning,Ambient Monitoring,09MIL0390,09MIL0390,Sample,GovLocal,8/20/2015,,,,,8,ft2,,,,,,09MIL0390_15,,N,,Y,,Solid/Sediment,Freshwater Taxonomy,,SURBER,,,,,,26.67,Number of Individual Organisms,,4/22/2016,,,5,Count,,,,,,,,,,,ID-COUNT-LEVEL2,,09MIL0390_15,,"Rhithron Associates Inc, Missoula MT",,Zapada oregonensis Group,102591,,Larva,,,,
Warning,Ambient Monitoring,09MIL0390,09MIL0390,Sample,GovLocal,8/20/2015,,,,,8,ft2,,,,,,09MIL0390_15,,N,,Y,,Solid/Sediment,Freshwater Taxonomy,,SURBER,,,,,,26.67,Number of Individual Organisms,,4/22/2016,,,1,Count,,,,,,,,,,,ID-COUNT-LEVEL2,,09MIL0390_15,,"Rhithron Associates Inc, Missoula MT",,Rhyacophila betteni Group,115097,,Larva,,,,
Warning,Ambient Monitoring,09MIL0390,09MIL0390,Sample,GovLocal,8/20/2015,,,,,8,ft2,,,,,,09MIL0390_15,,N,,Y,,Solid/Sediment,Freshwater Taxonomy,,SURBER,,,,,,26.67,Number of Individual Organisms,,4/22/2016,,,1,Count,,,,,,,,,,,ID-COUNT-LEVEL2,,09MIL0390_15,,"Rhithron Associates Inc, Missoula MT",,Rhyacophila brunnea/vemna Group,115097,,Larva,,,,
Warning,Ambient Monitoring,09MIL0390,09MIL0390,Sample,GovLocal,8/20/2015,,,,,8,ft2,,,,,,09MIL0390_15,,N,,Y,,Solid/Sediment,Freshwater Taxonomy,,SURBER,,,,,,26.67,Number of Individual Organisms,,4/22/2016,,,57,Count,,,,,,,,,,,ID-COUNT-LEVEL2,,09MIL0390_15,,"Rhithron Associates Inc, Missoula MT",,Baetis tricaudatus complex,100817,,Larva,,,,
Warning,Ambient Monitoring,09NEW1657,09NEW1657,Sample,GovLocal,9/3/2024,,,,,8,ft2,,,,,,09NEW1657_24,,N,,Y,,Solid/Sediment,Freshwater Taxonomy,,SURBER,,,,,,16.67,Number of Individual Organisms,,2/5/2025,,,7,Count,,,,,,,,,,,ID-COUNT-LEVEL2,,09NEW1657_24,,"Rhithron Associates Inc, Missoula MT",,Tvetenia bavarica Group,129197,,Larva,,,,
Warning,Ambient Monitoring,09NEW1657,09NEW1657,Sample,GovLocal,9/3/2024,,,,,8,ft2,,,,,,09NEW1657_24,,N,,Y,,Solid/Sediment,Freshwater Taxonomy,,SURBER,,,,,,16.67,Number of Individual Organisms,,2/5/2025,,,2,Count,,,,,,,,,,,ID-COUNT-LEVEL2,,09NEW1657_24,,"Rhithron Associates Inc, Missoula MT",,Pericomaini,125391,,Larva,,,,
Warning,Ambient Monitoring,09NEW1657,09NEW1657,Sample,GovLocal,9/3/2024,,,,,8,ft2,,,,,,09NEW1657_24,,N,,Y,,Solid/Sediment,Freshwater Taxonomy,,SURBER,,,,,,16.67,Number of Individual Organisms,,2/5/2025,,,1,Count,,,,,,,,,,,ID-COUNT-LEVEL2,,09NEW1657_24,,"Rhithron Associates Inc, Missoula MT",,Kogotus/Rickera,609866,,Larva,,,,
Warning,Ambient Monitoring,09NEW1657,09NEW1657,Sample,GovLocal,9/3/2024,,,,,8,ft2,,,,,,09NEW1657_24,,N,,Y,,Solid/Sediment,Freshwater Taxonomy,,SURBER,,,,,,16.67,Number of Individual Organisms,,2/5/2025,,,3,Count,,,,,,,,,,,ID-COUNT-LEVEL2,,09NEW1657_24,,"Rhithron Associates Inc, Missoula MT",,Rhyacophila betteni Group,115097,,Larva,,,,
Warning,Ambient Monitoring,09NEW1657,09NEW1657,Sample,GovLocal,9/3/2024,,,,,8,ft2,,,,,,09NEW1657_24,,N,,Y,,Solid/Sediment,Freshwater Taxonomy,,SURBER,,,,,,16.67,Number of Individual Organisms,,2/5/2025,,,3,Count,,,,,,,,,,,ID-COUNT-LEVEL2,,09NEW1657_24,,"Rhithron Associates Inc, Missoula MT",,Rhyacophila brunnea/vemna Group,115097,,Larva,,,,
Warning,Ambient Monitoring,09NEW1657,09NEW1657,Sample,GovLocal,9/3/2024,,,,,8,ft2,,,,,,09NEW1657_24,,N,,Y,,Solid/Sediment,Freshwater Taxonomy,,SURBER,,,,,,16.67,Number of Individual Organisms,,2/5/2025,,,8,Count,,,,,,,,,,,ID-COUNT-LEVEL2,,09NEW1657_24,,"Rhithron Associates Inc, Missoula MT",,Neoleptophlebia,101095,,Larva,,,,
Warning,Ambient Monitoring,09NEW1657,09NEW1657,Sample,GovLocal,9/3/2024,,,,,8,ft2,,,,,,09NEW1657_24,,N,,Y,,Solid/Sediment,Freshwater Taxonomy,,SURBER,,,,,,16.67,Number of Individual Organisms,,2/5/2025,,,3,Count,,,,,,,,,,,ID-COUNT-LEVEL2,,09NEW1657_24,,"Rhithron Associates Inc, Missoula MT",,Ephemerella excrucians Group,101276,,Larva,,,,
Warning,Ambient Monitoring,09NEW1657,09NEW1657,Sample,GovLocal,9/3/2024,,,,,8,ft2,,,,,,09NEW1657_24,,N,,Y,,Solid/Sediment,Freshwater Taxonomy,,SURBER,,,,,,16.67,Number of Individual Organisms,,2/5/2025,,,106,Count,,,,,,,,,,,ID-COUNT-LEVEL2,,09NEW1657_24,,"Rhithron Associates Inc, Missoula MT",,Baetis tricaudatus complex,100817,,Larva,,,,
Warning,Ambient Monitoring,09NEW1657,09NEW1657,Sample,GovLocal,9/15/2021,,,,,8,ft2,,,,,,09NEW1657_21_R,,Y,,Y,,Solid/Sediment,Freshwater Taxonomy,,SURBER,,,,,,13.33,Number of Individual Organisms,,12/17/2021,,,81,Count,,,,,,,,,,,ID-COUNT-LEVEL2,,09NEW1657_21_R,,"Rhithron Associates Inc, Missoula MT",,Baetis tricaudatus complex,100817,,Larva,,,,
Warning,Ambient Monitoring,09NEW1657,09NEW1657,Sample,GovLocal,10/1/2020,,,,,8,ft2,,,,,,09NEW1657_20,,N,,Y,,Solid/Sediment,Freshwater Taxonomy,,SURBER,,,,,,16.67,Number of Individual Organisms,,4/30/2021,,,3,Count,,,,,,,,,,,ID-COUNT-LEVEL2,,09NEW1657_20,,"Rhithron Associates Inc, Missoula MT",,Pericomaini,125391,,Larva,,,,
Warning,Ambient Monitoring,09NEW1657,09NEW1657,Sample,GovLocal,10/1/2020,,,,,8,ft2,,,,,,09NEW1657_20,,N,,Y,,Solid/Sediment,Freshwater Taxonomy,,SURBER,,,,,,16.67,Number of Individual Organisms,,4/30/2021,,,1,Count,,,,,,,,,,,ID-COUNT-LEVEL2,,09NEW1657_20,,"Rhithron Associates Inc, Missoula MT",,Zapada oregonensis Group,102591,,Larva,,,,
Warning,Ambient Monitoring,09NEW1657,09NEW1657,Sample,GovLocal,10/1/2020,,,,,8,ft2,,,,,,09NEW1657_20,,N,,Y,,Solid/Sediment,Freshwater Taxonomy,,SURBER,,,,,,16.67,Number of Individual Organisms,,4/30/2021,,,8,Count,,,,,,,,,,,ID-COUNT-LEVEL2,,09NEW1657_20,,"Rhithron Associates Inc, Missoula MT",,Rhyacophila betteni Group,115097,,Larva,,,,
Warning,Ambient Monitoring,09NEW1657,09NEW1657,Sample,GovLocal,10/1/2020,,,,,8,ft2,,,,,,09NEW1657_20,,N,,Y,,Solid/Sediment,Freshwater Taxonomy,,SURBER,,,,,,16.67,Number of Individual Organisms,,4/30/2021,,,5,Count,,,,,,,,,,,ID-COUNT-LEVEL2,,09NEW1657_20,,"Rhithron Associates Inc, Missoula MT",,Rhyacophila brunnea/vemna Group,115097,,Larva,,,,
Warning,Ambient Monitoring,09NEW1657,09NEW1657,Sample,GovLocal,10/1/2020,,,,,8,ft2,,,,,,09NEW1657_20,,N,,Y,,Solid/Sediment,Freshwater Taxonomy,,SURBER,,,,,,16.67,Number of Individual Organisms,,4/30/2021,,,15,Count,,,,,,,,,,,ID-COUNT-LEVEL2,,09NEW1657_20,,"Rhithron Associates Inc, Missoula MT",,Ephemerella excrucians Group,101276,,Larva,,,,
Warning,Ambient Monitoring,09NEW1657,09NEW1657,Sample,GovLocal,10/1/2020,,,,,8,ft2,,,,,,09NEW1657_20,,N,,Y,,Solid/Sediment,Freshwater Taxonomy,,SURBER,,,,,,16.67,Number of Individual Organisms,,4/30/2021,,,154,Count,,,,,,,,,,,ID-COUNT-LEVEL2,,09NEW1657_20,,"Rhithron Associates Inc, Missoula MT",,Baetis tricaudatus complex,100817,,Larva,,,,
Warning,Ambient Monitoring,09NEW1657,09NEW1657,Sample,GovLocal,8/7/2019,,,,,8,ft2,,,,,,09NEW1657_19,,N,,Y,,Solid/Sediment,Freshwater Taxonomy,,SURBER,,,,,,36.67,Number of Individual Organisms,,11/4/2019,,,9,Count,,,,,,,,,,,ID-COUNT-LEVEL2,,09NEW1657_19,,"Rhithron Associates Inc, Missoula MT",,Chamaedrilus,68510,,unknown,,,,
Warning,Ambient Monitoring,09NEW1657,09NEW1657,Sample,GovLocal,8/7/2019,,,,,8,ft2,,,,,,09NEW1657_19,,N,,Y,,Solid/Sediment,Freshwater Taxonomy,,SURBER,,,,,,36.67,Number of Individual Organisms,,11/4/2019,,,4,Count,,,,,,,,,,,ID-COUNT-LEVEL2,,09NEW1657_19,,"Rhithron Associates Inc, Missoula MT",,Thienemannimyia Group,128078,,Larva,,,,
Warning,Ambient Monitoring,09NEW1657,09NEW1657,Sample,GovLocal,8/7/2019,,,,,8,ft2,,,,,,09NEW1657_19,,N,,Y,,Solid/Sediment,Freshwater Taxonomy,,SURBER,,,,,,36.67,Number of Individual Organisms,,11/4/2019,,,10,Count,,,,,,,,,,,ID-COUNT-LEVEL2,,09NEW1657_19,,"Rhithron Associates Inc, Missoula MT",,Pericomaini,125391,,Larva,,,,
Warning,Ambient Monitoring,09NEW1657,09NEW1657,Sample,GovLocal,8/7/2019,,,,,8,ft2,,,,,,09NEW1657_19,,N,,Y,,Solid/Sediment,Freshwater Taxonomy,,SURBER,,,,,,36.67,Number of Individual Organisms,,11/4/2019,,,1,Count,,,,,,,,,,,ID-COUNT-LEVEL2,,09NEW1657_19,,"Rhithron Associates Inc, Missoula MT",,Rhyacophila betteni Group,115097,,Larva,,,,
Warning,Ambient Monitoring,09NEW1657,09NEW1657,Sample,GovLocal,8/7/2019,,,,,8,ft2,,,,,,09NEW1657_19,,N,,Y,,Solid/Sediment,Freshwater Taxonomy,,SURBER,,,,,,36.67,Number of Individual Organisms,,11/4/2019,,,3,Count,,,,,,,,,,,ID-COUNT-LEVEL2,,09NEW1657_19,,"Rhithron Associates Inc, Missoula MT",,Rhyacophila brunnea/vemna Group,115097,,Larva,,,,
Warning,Ambient Monitoring,09NEW1657,09NEW1657,Sample,GovLocal,8/7/2019,,,,,8,ft2,,,,,,09NEW1657_19,,N,,Y,,Solid/Sediment,Freshwater Taxonomy,,SURBER,,,,,,36.67,Number of Individual Organisms,,11/4/2019,,,3,Count,,,,,,,,,,,ID-COUNT-LEVEL2,,09NEW1657_19,,"Rhithron Associates Inc, Missoula MT",,Paraleptophlebia bicornuta Group,101206,,Larva,,,,
Warning,Ambient Monitoring,09NEW1657,09NEW1657,Sample,GovLocal,8/4/2015,,,,,8,ft2,,,,,,09NEW1657_15,,N,,Y,,Solid/Sediment,Freshwater Taxonomy,,SURBER,,,,,,13.33,Number of Individual Organisms,,4/22/2016,,,1,Count,,,,,,,,,,,ID-COUNT-LEVEL2,,09NEW1657_15,,"Rhithron Associates Inc, Missoula MT",,Tvetenia bavarica Group,129197,,Larva,,,,
Warning,Ambient Monitoring,09NEW1657,09NEW1657,Sample,GovLocal,8/4/2015,,,,,8,ft2,,,,,,09NEW1657_15,,N,,Y,,Solid/Sediment,Freshwater Taxonomy,,SURBER,,,,,,13.33,Number of Individual Organisms,,4/22/2016,,,7,Count,,,,,,,,,,,ID-COUNT-LEVEL2,,09NEW1657_15,,"Rhithron Associates Inc, Missoula MT",,Thienemannimyia Group,128078,,Larva,,,,
Warning,Ambient Monitoring,09NEW1657,09NEW1657,Sample,GovLocal,8/4/2015,,,,,8,ft2,,,,,,09NEW1657_15,,N,,Y,,Solid/Sediment,Freshwater Taxonomy,,SURBER,,,,,,13.33,Number of Individual Organisms,,4/22/2016,,,3,Count,,,,,,,,,,,ID-COUNT-LEVEL2,,09NEW1657_15,,"Rhithron Associates Inc, Missoula MT",,Rhyacophila betteni Group,115097,,Larva,,,,
Warning,Ambient Monitoring,09NEW1657,09NEW1657,Sample,GovLocal,8/4/2015,,,,,8,ft2,,,,,,09NEW1657_15,,N,,Y,,Solid/Sediment,Freshwater Taxonomy,,SURBER,,,,,,13.33,Number of Individual Organisms,,4/22/2016,,,17,Count,,,,,,,,,,,ID-COUNT-LEVEL2,,09NEW1657_15,,"Rhithron Associates Inc, Missoula MT",,Rhyacophila brunnea/vemna Group,115097,,Larva,,,,
Warning,Ambient Monitoring,09NEW1657,09NEW1657,Sample,GovLocal,8/4/2015,,,,,8,ft2,,,,,,09NEW1657_15,,N,,Y,,Solid/Sediment,Freshwater Taxonomy,,SURBER,,,,,,13.33,Number of Individual Organisms,,4/22/2016,,,1,Count,,,,,,,,,,,ID-COUNT-LEVEL2,,09NEW1657_15,,"Rhithron Associates Inc, Missoula MT",,Rhyacophila hyalinata Group,115097,,Larva,,,,
Warning,Ambient Monitoring,09NEW1657,09NEW1657,Sample,GovLocal,8/4/2015,,,,,8,ft2,,,,,,09NEW1657_15,,N,,Y,,Solid/Sediment,Freshwater Taxonomy,,SURBER,,,,,,13.33,Number of Individual Organisms,,4/22/2016,,,43,Count,,,,,,,,,,,ID-COUNT-LEVEL2,,09NEW1657_15,,"Rhithron Associates Inc, Missoula MT",,Baetis tricaudatus complex,100817,,Larva,,,,
Warning,Ambient Monitoring,09NEW2102,09NEW2102,Sample,GovLocal,8/21/2024,,,,,8,ft2,,,,,,09NEW2102_24,,N,,Y,,Solid/Sediment,Freshwater Taxonomy,,SURBER,,,,,,23.33,Number of Individual Organisms,,2/5/2025,,,1,Count,,,,,,,,,,,ID-COUNT-LEVEL2,,09NEW2102_24,,"Rhithron Associates Inc, Missoula MT",,Thienemannimyia Group,128078,,Larva,,,,
Warning,Ambient Monitoring,09NEW2102,09NEW2102,Sample,GovLocal,8/21/2024,,,,,8,ft2,,,,,,09NEW2102_24,,N,,Y,,Solid/Sediment,Freshwater Taxonomy,,SURBER,,,,,,23.33,Number of Individual Organisms,,2/5/2025,,,14,Count,,,,,,,,,,,ID-COUNT-LEVEL2,,09NEW2102_24,,"Rhithron Associates Inc, Missoula MT",,Pericomaini,125391,,Larva,,,,
Warning,Ambient Monitoring,09NEW2102,09NEW2102,Sample,GovLocal,8/21/2024,,,,,8,ft2,,,,,,09NEW2102_24,,N,,Y,,Solid/Sediment,Freshwater Taxonomy,,SURBER,,,,,,23.33,Number of Individual Organisms,,2/5/2025,,,3,Count,,,,,,,,,,,ID-COUNT-LEVEL2,,09NEW2102_24,,"Rhithron Associates Inc, Missoula MT",,Kogotus/Rickera,609866,,Larva,,,,
Warning,Ambient Monitoring,09NEW2102,09NEW2102,Sample,GovLocal,8/21/2024,,,,,8,ft2,,,,,,09NEW2102_24,,N,,Y,,Solid/Sediment,Freshwater Taxonomy,,SURBER,,,,,,23.33,Number of Individual Organisms,,2/5/2025,,,1,Count,,,,,,,,,,,ID-COUNT-LEVEL2,,09NEW2102_24,,"Rhithron Associates Inc, Missoula MT",,Rhyacophila angelita Group,115097,,Larva,,,,
Warning,Ambient Monitoring,09NEW2102,09NEW2102,Sample,GovLocal,8/21/2024,,,,,8,ft2,,,,,,09NEW2102_24,,N,,Y,,Solid/Sediment,Freshwater Taxonomy,,SURBER,,,,,,23.33,Number of Individual Organisms,,2/5/2025,,,7,Count,,,,,,,,,,,ID-COUNT-LEVEL2,,09NEW2102_24,,"Rhithron Associates Inc, Missoula MT",,Rhyacophila brunnea/vemna Group,115097,,Larva,,,,
Warning,Ambient Monitoring,09NEW2102,09NEW2102,Sample,GovLocal,8/21/2024,,,,,8,ft2,,,,,,09NEW2102_24,,N,,Y,,Solid/Sediment,Freshwater Taxonomy,,SURBER,,,,,,23.33,Number of Individual Organisms,,2/5/2025,,,136,Count,,,,,,,,,,,ID-COUNT-LEVEL2,,09NEW2102_24,,"Rhithron Associates Inc, Missoula MT",,Baetis tricaudatus complex,100817,,Larva,,,,
Warning,Ambient Monitoring,09NEW2102,09NEW2102,Sample,GovLocal,8/22/2023,,,,,8,ft2,,,,,,09NEW2102_23,,N,,Y,,Solid/Sediment,Freshwater Taxonomy,,SURBER,,,,,,33.33,Number of Individual Organisms,,4/16/2024,,,2,Count,,,,,,,,,,,ID-COUNT-LEVEL2,,09NEW2102_23,,"Rhithron Associates Inc, Missoula MT",,Monatractides,83249,,Adult,,,,
Warning,Ambient Monitoring,09NEW2102,09NEW2102,Sample,GovLocal,8/6/2020,,,,,8,ft2,,,,,,09NEW2102_20,,N,,Y,,Solid/Sediment,Freshwater Taxonomy,,SURBER,,,,,,20,Number of Individual Organisms,,4/30/2021,,,1,Count,,,,,,,,,,,ID-COUNT-LEVEL2,,09NEW2102_20,,"Rhithron Associates Inc, Missoula MT",,Rhyacophila brunnea/vemna Group,115097,,Larva,,,,
Warning,Ambient Monitoring,09NEW2102,09NEW2102,Sample,GovLocal,8/6/2020,,,,,8,ft2,,,,,,09NEW2102_20,,N,,Y,,Solid/Sediment,Freshwater Taxonomy,,SURBER,,,,,,20,Number of Individual Organisms,,4/30/2021,,,151,Count,,,,,,,,,,,ID-COUNT-LEVEL2,,09NEW2102_20,,"Rhithron Associates Inc, Missoula MT",,Baetis tricaudatus complex,100817,,Larva,,,,
Warning,Ambient Monitoring,09NEW2102,09NEW2102,Sample,GovLocal,10/3/2019,,,,,8,ft2,,,,,,09NEW2102_19,,N,,Y,,Solid/Sediment,Freshwater Taxonomy,,SURBER,,,,,,16.67,Number of Individual Organisms,,2/7/2020,,,1,Count,,,,,,,,,,,ID-COUNT-LEVEL2,,09NEW2102_19,,"Rhithron Associates Inc, Missoula MT",,Monatractides,83249,,Adult,,,,
Warning,Ambient Monitoring,09NEW2102,09NEW2102,Sample,GovLocal,10/3/2019,,,,,8,ft2,,,,,,09NEW2102_19,,N,,Y,,Solid/Sediment,Freshwater Taxonomy,,SURBER,,,,,,16.67,Number of Individual Organisms,,2/7/2020,,,3,Count,,,,,,,,,,,ID-COUNT-LEVEL2,,09NEW2102_19,,"Rhithron Associates Inc, Missoula MT",,Tvetenia bavarica Group,129197,,Larva,,,,
Warning,Ambient Monitoring,09NEW2102,09NEW2102,Sample,GovLocal,10/3/2019,,,,,8,ft2,,,,,,09NEW2102_19,,N,,Y,,Solid/Sediment,Freshwater Taxonomy,,SURBER,,,,,,16.67,Number of Individual Organisms,,2/7/2020,,,3,Count,,,,,,,,,,,ID-COUNT-LEVEL2,,09NEW2102_19,,"Rhithron Associates Inc, Missoula MT",,Thienemannimyia Group,128078,,Larva,,,,
Warning,Ambient Monitoring,09NEW2102,09NEW2102,Sample,GovLocal,10/3/2019,,,,,8,ft2,,,,,,09NEW2102_19,,N,,Y,,Solid/Sediment,Freshwater Taxonomy,,SURBER,,,,,,16.67,Number of Individual Organisms,,2/7/2020,,,21,Count,,,,,,,,,,,ID-COUNT-LEVEL2,,09NEW2102_19,,"Rhithron Associates Inc, Missoula MT",,Pericomaini,125391,,Larva,,,,
Warning,Ambient Monitoring,09NEW2102,09NEW2102,Sample,GovLocal,10/3/2019,,,,,8,ft2,,,,,,09NEW2102_19,,N,,Y,,Solid/Sediment,Freshwater Taxonomy,,SURBER,,,,,,16.67,Number of Individual Organisms,,2/7/2020,,,2,Count,,,,,,,,,,,ID-COUNT-LEVEL2,,09NEW2102_19,,"Rhithron Associates Inc, Missoula MT",,Rhyacophila betteni Group,115097,,Larva,,,,
Warning,Ambient Monitoring,09NEW2102,09NEW2102,Sample,GovLocal,10/3/2019,,,,,8,ft2,,,,,,09NEW2102_19,,N,,Y,,Solid/Sediment,Freshwater Taxonomy,,SURBER,,,,,,16.67,Number of Individual Organisms,,2/7/2020,,,1,Count,,,,,,,,,,,ID-COUNT-LEVEL2,,09NEW2102_19,,"Rhithron Associates Inc, Missoula MT",,Rhyacophila brunnea/vemna Group,115097,,Larva,,,,
Warning,Ambient Monitoring,09NEW2102,09NEW2102,Sample,GovLocal,10/3/2019,,,,,8,ft2,,,,,,09NEW2102_19,,N,,Y,,Solid/Sediment,Freshwater Taxonomy,,SURBER,,,,,,16.67,Number of Individual Organisms,,2/7/2020,,,11,Count,,,,,,,,,,,ID-COUNT-LEVEL2,,09NEW2102_19,,"Rhithron Associates Inc, Missoula MT",,Neoleptophlebia,101095,,Larva,,,,
Warning,Ambient Monitoring,09NEW2102,09NEW2102,Sample,GovLocal,10/3/2019,,,,,8,ft2,,,,,,09NEW2102_19,,N,,Y,,Solid/Sediment,Freshwater Taxonomy,,SURBER,,,,,,16.67,Number of Individual Organisms,,2/7/2020,,,8,Count,,,,,,,,,,,ID-COUNT-LEVEL2,,09NEW2102_19,,"Rhithron Associates Inc, Missoula MT",,Ephemerella excrucians Group,101276,,Larva,,,,
Warning,Ambient Monitoring,09NEW2102,09NEW2102,Sample,GovLocal,10/3/2019,,,,,8,ft2,,,,,,09NEW2102_19,,N,,Y,,Solid/Sediment,Freshwater Taxonomy,,SURBER,,,,,,16.67,Number of Individual Organisms,,2/7/2020,,,47,Count,,,,,,,,,,,ID-COUNT-LEVEL2,,09NEW2102_19,,"Rhithron Associates Inc, Missoula MT",,Baetis tricaudatus complex,100817,,Larva,,,,
Warning,Ambient Monitoring,09NEW2102,09NEW2102,Sample,GovLocal,10/3/2019,,,,,8,ft2,,,,,,09NEW2102_19_R,,Y,,Y,,Solid/Sediment,Freshwater Taxonomy,,SURBER,,,,,,33.33,Number of Individual Organisms,,2/7/2020,,,1,Count,,,,,,,,,,,ID-COUNT-LEVEL2,,09NEW2102_19_R,,"Rhithron Associates Inc, Missoula MT",,Cystobranchus salmositicus,69339,,unknown,,,,
Warning,Ambient Monitoring,09NEW2102,09NEW2102,Sample,GovLocal,10/3/2019,,,,,8,ft2,,,,,,09NEW2102_19_R,,Y,,Y,,Solid/Sediment,Freshwater Taxonomy,,SURBER,,,,,,33.33,Number of Individual Organisms,,2/7/2020,,,2,Count,,,,,,,,,,,ID-COUNT-LEVEL2,,09NEW2102_19_R,,"Rhithron Associates Inc, Missoula MT",,Chamaedrilus,68510,,unknown,,,,
Warning,Ambient Monitoring,09NEW2102,09NEW2102,Sample,GovLocal,10/3/2019,,,,,8,ft2,,,,,,09NEW2102_19_R,,Y,,Y,,Solid/Sediment,Freshwater Taxonomy,,SURBER,,,,,,33.33,Number of Individual Organisms,,2/7/2020,,,2,Count,,,,,,,,,,,ID-COUNT-LEVEL2,,09NEW2102_19_R,,"Rhithron Associates Inc, Missoula MT",,Monatractides,83249,,Adult,,,,
Warning,Ambient Monitoring,09NEW2102,09NEW2102,Sample,GovLocal,10/3/2019,,,,,8,ft2,,,,,,09NEW2102_19_R,,Y,,Y,,Solid/Sediment,Freshwater Taxonomy,,SURBER,,,,,,33.33,Number of Individual Organisms,,2/7/2020,,,2,Count,,,,,,,,,,,ID-COUNT-LEVEL2,,09NEW2102_19_R,,"Rhithron Associates Inc, Missoula MT",,Empididae Genus B,0,,Larva,,,,
Warning,Ambient Monitoring,09NEW2102,09NEW2102,Sample,GovLocal,10/3/2019,,,,,8,ft2,,,,,,09NEW2102_19_R,,Y,,Y,,Solid/Sediment,Freshwater Taxonomy,,SURBER,,,,,,33.33,Number of Individual Organisms,,2/7/2020,,,1,Count,,,,,,,,,,,ID-COUNT-LEVEL2,,09NEW2102_19_R,,"Rhithron Associates Inc, Missoula MT",,Tvetenia bavarica Group,129197,,Larva,,,,
Warning,Ambient Monitoring,09NEW2102,09NEW2102,Sample,GovLocal,10/3/2019,,,,,8,ft2,,,,,,09NEW2102_19_R,,Y,,Y,,Solid/Sediment,Freshwater Taxonomy,,SURBER,,,,,,33.33,Number of Individual Organisms,,2/7/2020,,,19,Count,,,,,,,,,,,ID-COUNT-LEVEL2,,09NEW2102_19_R,,"Rhithron Associates Inc, Missoula MT",,Pericomaini,125391,,Larva,,,,
Warning,Ambient Monitoring,09NEW2102,09NEW2102,Sample,GovLocal,10/3/2019,,,,,8,ft2,,,,,,09NEW2102_19_R,,Y,,Y,,Solid/Sediment,Freshwater Taxonomy,,SURBER,,,,,,33.33,Number of Individual Organisms,,2/7/2020,,,1,Count,,,,,,,,,,,ID-COUNT-LEVEL2,,09NEW2102_19_R,,"Rhithron Associates Inc, Missoula MT",,Rhyacophila betteni Group,115097,,Larva,,,,
Warning,Ambient Monitoring,09NEW2102,09NEW2102,Sample,GovLocal,10/3/2019,,,,,8,ft2,,,,,,09NEW2102_19_R,,Y,,Y,,Solid/Sediment,Freshwater Taxonomy,,SURBER,,,,,,33.33,Number of Individual Organisms,,2/7/2020,,,1,Count,,,,,,,,,,,ID-COUNT-LEVEL2,,09NEW2102_19_R,,"Rhithron Associates Inc, Missoula MT",,Ephemerella excrucians Group,101276,,Larva,,,,
Warning,Ambient Monitoring,09NEW2102,09NEW2102,Sample,GovLocal,10/3/2019,,,,,8,ft2,,,,,,09NEW2102_19_R,,Y,,Y,,Solid/Sediment,Freshwater Taxonomy,,SURBER,,,,,,33.33,Number of Individual Organisms,,2/7/2020,,,16,Count,,,,,,,,,,,ID-COUNT-LEVEL2,,09NEW2102_19_R,,"Rhithron Associates Inc, Missoula MT",,Baetis tricaudatus complex,100817,,Larva,,,,
Warning,Ambient Monitoring,09NEW2102,09NEW2102,Sample,GovLocal,8/31/2015,,,,,8,ft2,,,,,,09NEW2102_15,,N,,Y,,Solid/Sediment,Freshwater Taxonomy,,SURBER,,,,,,36.67,Number of Individual Organisms,,4/22/2016,,,2,Count,,,,,,,,,,,ID-COUNT-LEVEL2,,09NEW2102_15,,"Rhithron Associates Inc, Missoula MT",,Rhyacophila betteni Group,115097,,Larva,,,,
Warning,Ambient Monitoring,09NEW2102,09NEW2102,Sample,GovLocal,8/31/2015,,,,,8,ft2,,,,,,09NEW2102_15,,N,,Y,,Solid/Sediment,Freshwater Taxonomy,,SURBER,,,,,,36.67,Number of Individual Organisms,,4/22/2016,,,7,Count,,,,,,,,,,,ID-COUNT-LEVEL2,,09NEW2102_15,,"Rhithron Associates Inc, Missoula MT",,Rhyacophila brunnea/vemna Group,115097,,Larva,,,,
Warning,Ambient Monitoring,09NEW2102,09NEW2102,Sample,GovLocal,8/31/2015,,,,,8,ft2,,,,,,09NEW2102_15,,N,,Y,,Solid/Sediment,Freshwater Taxonomy,,SURBER,,,,,,36.67,Number of Individual Organisms,,4/22/2016,,,38,Count,,,,,,,,,,,ID-COUNT-LEVEL2,,09NEW2102_15,,"Rhithron Associates Inc, Missoula MT",,Baetis tricaudatus complex,100817,,Larva,,,,
Warning,Ambient Monitoring,09NEW2151,09NEW2151,Sample,GovLocal,8/23/2018,,,,,8,ft2,,,,,,09NEW2151_18,,N,,Y,,Solid/Sediment,Freshwater Taxonomy,,SURBER,,,,,,33.33,Number of Individual Organisms,,10/8/2018,,,8,Count,,,,,,,,,,,ID-COUNT-LEVEL2,,09NEW2151_18,,"Rhithron Associates Inc, Missoula MT",,Empididae Genus B,0,,Larva,,,,
Warning,Ambient Monitoring,09NEW2151,09NEW2151,Sample,GovLocal,8/23/2018,,,,,8,ft2,,,,,,09NEW2151_18,,N,,Y,,Solid/Sediment,Freshwater Taxonomy,,SURBER,,,,,,33.33,Number of Individual Organisms,,10/8/2018,,,18,Count,,,,,,,,,,,ID-COUNT-LEVEL2,,09NEW2151_18,,"Rhithron Associates Inc, Missoula MT",,Tvetenia bavarica Group,129197,,Larva,,,,
Warning,Ambient Monitoring,09NEW2151,09NEW2151,Sample,GovLocal,8/23/2018,,,,,8,ft2,,,,,,09NEW2151_18,,N,,Y,,Solid/Sediment,Freshwater Taxonomy,,SURBER,,,,,,33.33,Number of Individual Organisms,,10/8/2018,,,6,Count,,,,,,,,,,,ID-COUNT-LEVEL2,,09NEW2151_18,,"Rhithron Associates Inc, Missoula MT",,Zapada oregonensis Group,102591,,Larva,,,,
Warning,Ambient Monitoring,09NEW2151,09NEW2151,Sample,GovLocal,8/23/2018,,,,,8,ft2,,,,,,09NEW2151_18,,N,,Y,,Solid/Sediment,Freshwater Taxonomy,,SURBER,,,,,,33.33,Number of Individual Organisms,,10/8/2018,,,1,Count,,,,,,,,,,,ID-COUNT-LEVEL2,,09NEW2151_18,,"Rhithron Associates Inc, Missoula MT",,Rhyacophila angelita Group,115097,,Larva,,,,
Warning,Ambient Monitoring,09NEW2151,09NEW2151,Sample,GovLocal,8/23/2018,,,,,8,ft2,,,,,,09NEW2151_18,,N,,Y,,Solid/Sediment,Freshwater Taxonomy,,SURBER,,,,,,33.33,Number of Individual Organisms,,10/8/2018,,,4,Count,,,,,,,,,,,ID-COUNT-LEVEL2,,09NEW2151_18,,"Rhithron Associates Inc, Missoula MT",,Rhyacophila betteni Group,115097,,Larva,,,,
Warning,Ambient Monitoring,09NEW2151,09NEW2151,Sample,GovLocal,8/23/2018,,,,,8,ft2,,,,,,09NEW2151_18,,N,,Y,,Solid/Sediment,Freshwater Taxonomy,,SURBER,,,,,,33.33,Number of Individual Organisms,,10/8/2018,,,6,Count,,,,,,,,,,,ID-COUNT-LEVEL2,,09NEW2151_18,,"Rhithron Associates Inc, Missoula MT",,Rhyacophila brunnea/vemna Group,115097,,Larva,,,,
Warning,Ambient Monitoring,09NEW2151,09NEW2151,Sample,GovLocal,8/23/2018,,,,,8,ft2,,,,,,09NEW2151_18,,N,,Y,,Solid/Sediment,Freshwater Taxonomy,,SURBER,,,,,,33.33,Number of Individual Organisms,,10/8/2018,,,68,Count,,,,,,,,,,,ID-COUNT-LEVEL2,,09NEW2151_18,,"Rhithron Associates Inc, Missoula MT",,Baetis tricaudatus complex,100817,,Larva,,,,
Warning,Ambient Monitoring,09NEW2076,09NEW2076,Sample,GovLocal,9/21/2021,,,,,8,ft2,,,,,,09NEW2076_21,,N,,Y,,Solid/Sediment,Freshwater Taxonomy,,SURBER,,,,,,20,Number of Individual Organisms,,12/17/2021,,,1,Count,,,,,,,,,,,ID-COUNT-LEVEL2,,09NEW2076_21,,"Rhithron Associates Inc, Missoula MT",,Tvetenia bavarica Group,129197,,Larva,,,,
Warning,Ambient Monitoring,09NEW2076,09NEW2076,Sample,GovLocal,9/21/2021,,,,,8,ft2,,,,,,09NEW2076_21,,N,,Y,,Solid/Sediment,Freshwater Taxonomy,,SURBER,,,,,,20,Number of Individual Organisms,,12/17/2021,,,9,Count,,,,,,,,,,,ID-COUNT-LEVEL2,,09NEW2076_21,,"Rhithron Associates Inc, Missoula MT",,Pericomaini,125391,,Larva,,,,
Warning,Ambient Monitoring,09NEW2076,09NEW2076,Sample,GovLocal,9/21/2021,,,,,8,ft2,,,,,,09NEW2076_21,,N,,Y,,Solid/Sediment,Freshwater Taxonomy,,SURBER,,,,,,20,Number of Individual Organisms,,12/17/2021,,,1,Count,,,,,,,,,,,ID-COUNT-LEVEL2,,09NEW2076_21,,"Rhithron Associates Inc, Missoula MT",,Rhyacophila betteni Group,115097,,Larva,,,,
Warning,Ambient Monitoring,09NEW2076,09NEW2076,Sample,GovLocal,9/21/2021,,,,,8,ft2,,,,,,09NEW2076_21,,N,,Y,,Solid/Sediment,Freshwater Taxonomy,,SURBER,,,,,,20,Number of Individual Organisms,,12/17/2021,,,2,Count,,,,,,,,,,,ID-COUNT-LEVEL2,,09NEW2076_21,,"Rhithron Associates Inc, Missoula MT",,Rhyacophila brunnea/vemna Group,115097,,Larva,,,,
Warning,Ambient Monitoring,09NEW2076,09NEW2076,Sample,GovLocal,9/21/2021,,,,,8,ft2,,,,,,09NEW2076_21,,N,,Y,,Solid/Sediment,Freshwater Taxonomy,,SURBER,,,,,,20,Number of Individual Organisms,,12/17/2021,,,1,Count,,,,,,,,,,,ID-COUNT-LEVEL2,,09NEW2076_21,,"Rhithron Associates Inc, Missoula MT",,Ephemerella excrucians Group,101276,,Larva,,,,
Warning,Ambient Monitoring,09NEW2076,09NEW2076,Sample,GovLocal,9/21/2021,,,,,8,ft2,,,,,,09NEW2076_21,,N,,Y,,Solid/Sediment,Freshwater Taxonomy,,SURBER,,,,,,20,Number of Individual Organisms,,12/17/2021,,,30,Count,,,,,,,,,,,ID-COUNT-LEVEL2,,09NEW2076_21,,"Rhithron Associates Inc, Missoula MT",,Baetis tricaudatus complex,100817,,Larva,,,,
Warning,Ambient Monitoring,09NEW2076,09NEW2076,Sample,GovLocal,10/1/2020,,,,,8,ft2,,,,,,09NEW2076_20,,N,,Y,,Solid/Sediment,Freshwater Taxonomy,,SURBER,,,,,,26.67,Number of Individual Organisms,,4/30/2021,,,8,Count,,,,,,,,,,,ID-COUNT-LEVEL2,,09NEW2076_20,,"Rhithron Associates Inc, Missoula MT",,Monatractides,83249,,Adult,,,,
Warning,Ambient Monitoring,09NEW2076,09NEW2076,Sample,GovLocal,10/1/2020,,,,,8,ft2,,,,,,09NEW2076_20,,N,,Y,,Solid/Sediment,Freshwater Taxonomy,,SURBER,,,,,,26.67,Number of Individual Organisms,,4/30/2021,,,2,Count,,,,,,,,,,,ID-COUNT-LEVEL2,,09NEW2076_20,,"Rhithron Associates Inc, Missoula MT",,Tvetenia bavarica Group,129197,,Larva,,,,
Warning,Ambient Monitoring,09NEW2076,09NEW2076,Sample,GovLocal,10/1/2020,,,,,8,ft2,,,,,,09NEW2076_20,,N,,Y,,Solid/Sediment,Freshwater Taxonomy,,SURBER,,,,,,26.67,Number of Individual Organisms,,4/30/2021,,,13,Count,,,,,,,,,,,ID-COUNT-LEVEL2,,09NEW2076_20,,"Rhithron Associates Inc, Missoula MT",,Pericomaini,125391,,Larva,,,,
Warning,Ambient Monitoring,09NEW2076,09NEW2076,Sample,GovLocal,10/1/2020,,,,,8,ft2,,,,,,09NEW2076_20,,N,,Y,,Solid/Sediment,Freshwater Taxonomy,,SURBER,,,,,,26.67,Number of Individual Organisms,,4/30/2021,,,7,Count,,,,,,,,,,,ID-COUNT-LEVEL2,,09NEW2076_20,,"Rhithron Associates Inc, Missoula MT",,Rhyacophila betteni Group,115097,,Larva,,,,
Warning,Ambient Monitoring,09NEW2076,09NEW2076,Sample,GovLocal,10/1/2020,,,,,8,ft2,,,,,,09NEW2076_20,,N,,Y,,Solid/Sediment,Freshwater Taxonomy,,SURBER,,,,,,26.67,Number of Individual Organisms,,4/30/2021,,,1,Count,,,,,,,,,,,ID-COUNT-LEVEL2,,09NEW2076_20,,"Rhithron Associates Inc, Missoula MT",,Rhyacophila brunnea/vemna Group,115097,,Larva,,,,
Warning,Ambient Monitoring,09NEW2076,09NEW2076,Sample,GovLocal,10/1/2020,,,,,8,ft2,,,,,,09NEW2076_20,,N,,Y,,Solid/Sediment,Freshwater Taxonomy,,SURBER,,,,,,26.67,Number of Individual Organisms,,4/30/2021,,,4,Count,,,,,,,,,,,ID-COUNT-LEVEL2,,09NEW2076_20,,"Rhithron Associates Inc, Missoula MT",,Ephemerella excrucians Group,101276,,Larva,,,,
Warning,Ambient Monitoring,09NEW2076,09NEW2076,Sample,GovLocal,10/1/2020,,,,,8,ft2,,,,,,09NEW2076_20,,N,,Y,,Solid/Sediment,Freshwater Taxonomy,,SURBER,,,,,,26.67,Number of Individual Organisms,,4/30/2021,,,63,Count,,,,,,,,,,,ID-COUNT-LEVEL2,,09NEW2076_20,,"Rhithron Associates Inc, Missoula MT",,Baetis tricaudatus complex,100817,,Larva,,,,
Warning,Ambient Monitoring,09NEW2076,09NEW2076,Sample,GovLocal,10/7/2019,,,,,8,ft2,,,,,,09NEW2076_19,,N,,Y,,Solid/Sediment,Freshwater Taxonomy,,SURBER,,,,,,17.5,Number of Individual Organisms,,2/7/2020,,,1,Count,,,,,,,,,,,ID-COUNT-LEVEL2,,09NEW2076_19,,"Rhithron Associates Inc, Missoula MT",,Cystobranchus salmositicus,69339,,unknown,,,,
Warning,Ambient Monitoring,09NEW2076,09NEW2076,Sample,GovLocal,10/7/2019,,,,,8,ft2,,,,,,09NEW2076_19,,N,,Y,,Solid/Sediment,Freshwater Taxonomy,,SURBER,,,,,,17.5,Number of Individual Organisms,,2/7/2020,,,5,Count,,,,,,,,,,,ID-COUNT-LEVEL2,,09NEW2076_19,,"Rhithron Associates Inc, Missoula MT",,Chamaedrilus,68510,,unknown,,,,
Warning,Ambient Monitoring,09NEW2076,09NEW2076,Sample,GovLocal,10/7/2019,,,,,8,ft2,,,,,,09NEW2076_19,,N,,Y,,Solid/Sediment,Freshwater Taxonomy,,SURBER,,,,,,17.5,Number of Individual Organisms,,2/7/2020,,,1,Count,,,,,,,,,,,ID-COUNT-LEVEL2,,09NEW2076_19,,"Rhithron Associates Inc, Missoula MT",,Monatractides,83249,,Adult,,,,
Warning,Ambient Monitoring,09NEW2128,09NEW2128,Sample,GovLocal,9/12/2024,,,,,8,ft2,,,,,,09NEW2128_24,,N,,Y,,Solid/Sediment,Freshwater Taxonomy,,SURBER,,,,,,5.83,Number of Individual Organisms,,4/14/2025,,,10,Count,,,,,,,,,,,ID-COUNT-LEVEL2,,09NEW2128_24,,"Rhithron Associates Inc, Missoula MT",,Tvetenia bavarica Group,129197,,Larva,,,,
Warning,Ambient Monitoring,09NEW2128,09NEW2128,Sample,GovLocal,9/12/2024,,,,,8,ft2,,,,,,09NEW2128_24,,N,,Y,,Solid/Sediment,Freshwater Taxonomy,,SURBER,,,,,,5.83,Number of Individual Organisms,,4/14/2025,,,2,Count,,,,,,,,,,,ID-COUNT-LEVEL2,,09NEW2128_24,,"Rhithron Associates Inc, Missoula MT",,Thienemannimyia Group,128078,,Larva,,,,
Warning,Ambient Monitoring,09NEW2128,09NEW2128,Sample,GovLocal,9/12/2024,,,,,8,ft2,,,,,,09NEW2128_24,,N,,Y,,Solid/Sediment,Freshwater Taxonomy,,SURBER,,,,,,5.83,Number of Individual Organisms,,4/14/2025,,,23,Count,,,,,,,,,,,ID-COUNT-LEVEL2,,09NEW2128_24,,"Rhithron Associates Inc, Missoula MT",,Pericomaini,125391,,Larva,,,,
Warning,Ambient Monitoring,09NEW2128,09NEW2128,Sample,GovLocal,9/12/2024,,,,,8,ft2,,,,,,09NEW2128_24,,N,,Y,,Solid/Sediment,Freshwater Taxonomy,,SURBER,,,,,,5.83,Number of Individual Organisms,,4/14/2025,,,2,Count,,,,,,,,,,,ID-COUNT-LEVEL2,,09NEW2128_24,,"Rhithron Associates Inc, Missoula MT",,Zapada oregonensis Group,102591,,Larva,,,,
Warning,Ambient Monitoring,09NEW2128,09NEW2128,Sample,GovLocal,9/12/2024,,,,,8,ft2,,,,,,09NEW2128_24,,N,,Y,,Solid/Sediment,Freshwater Taxonomy,,SURBER,,,,,,5.83,Number of Individual Organisms,,4/14/2025,,,4,Count,,,,,,,,,,,ID-COUNT-LEVEL2,,09NEW2128_24,,"Rhithron Associates Inc, Missoula MT",,Rhyacophila betteni Group,115097,,Larva,,,,
Warning,Ambient Monitoring,09NEW2128,09NEW2128,Sample,GovLocal,9/12/2024,,,,,8,ft2,,,,,,09NEW2128_24,,N,,Y,,Solid/Sediment,Freshwater Taxonomy,,SURBER,,,,,,5.83,Number of Individual Organisms,,4/14/2025,,,6,Count,,,,,,,,,,,ID-COUNT-LEVEL2,,09NEW2128_24,,"Rhithron Associates Inc, Missoula MT",,Rhyacophila brunnea/vemna Group,115097,,Larva,,,,
Warning,Ambient Monitoring,09NEW2128,09NEW2128,Sample,GovLocal,9/12/2024,,,,,8,ft2,,,,,,09NEW2128_24,,N,,Y,,Solid/Sediment,Freshwater Taxonomy,,SURBER,,,,,,5.83,Number of Individual Organisms,,4/14/2025,,,38,Count,,,,,,,,,,,ID-COUNT-LEVEL2,,09NEW2128_24,,"Rhithron Associates Inc, Missoula MT",,Neoleptophlebia,101095,,Larva,,,,
Warning,Ambient Monitoring,09NEW2128,09NEW2128,Sample,GovLocal,9/12/2024,,,,,8,ft2,,,,,,09NEW2128_24,,N,,Y,,Solid/Sediment,Freshwater Taxonomy,,SURBER,,,,,,5.83,Number of Individual Organisms,,4/14/2025,,,65,Count,,,,,,,,,,,ID-COUNT-LEVEL2,,09NEW2128_24,,"Rhithron Associates Inc, Missoula MT",,Baetis tricaudatus complex,100817,,Larva,,,,
Warning,Ambient Monitoring,09NEW2128,09NEW2128,Sample,GovLocal,9/14/2023,,,,,8,ft2,,,,,,09NEW2128_23,,N,,Y,,Solid/Sediment,Freshwater Taxonomy,,SURBER,,,,,,10,Number of Individual Organisms,,4/16/2024,,,2,Count,,,,,,,,,,,ID-COUNT-LEVEL2,,09NEW2128_23,,"Rhithron Associates Inc, Missoula MT",,Monatractides,83249,,Adult,,,,
Warning,Ambient Monitoring,09NEW2128,09NEW2128,Sample,GovLocal,9/14/2023,,,,,8,ft2,,,,,,09NEW2128_23,,N,,Y,,Solid/Sediment,Freshwater Taxonomy,,SURBER,,,,,,10,Number of Individual Organisms,,4/16/2024,,,3,Count,,,,,,,,,,,ID-COUNT-LEVEL2,,09NEW2128_23,,"Rhithron Associates Inc, Missoula MT",,Tvetenia bavarica Group,129197,,Larva,,,,
Warning,Ambient Monitoring,09NEW2128,09NEW2128,Sample,GovLocal,9/14/2023,,,,,8,ft2,,,,,,09NEW2128_23,,N,,Y,,Solid/Sediment,Freshwater Taxonomy,,SURBER,,,,,,10,Number of Individual Organisms,,4/16/2024,,,6,Count,,,,,,,,,,,ID-COUNT-LEVEL2,,09NEW2128_23,,"Rhithron Associates Inc, Missoula MT",,Thienemannimyia Group,128078,,Larva,,,,
Warning,Ambient Monitoring,09NEW2128,09NEW2128,Sample,GovLocal,9/14/2023,,,,,8,ft2,,,,,,09NEW2128_23,,N,,Y,,Solid/Sediment,Freshwater Taxonomy,,SURBER,,,,,,10,Number of Individual Organisms,,4/16/2024,,,30,Count,,,,,,,,,,,ID-COUNT-LEVEL2,,09NEW2128_23,,"Rhithron Associates Inc, Missoula MT",,Pericomaini,125391,,Larva,,,,
Warning,Ambient Monitoring,09NEW2128,09NEW2128,Sample,GovLocal,9/14/2023,,,,,8,ft2,,,,,,09NEW2128_23,,N,,Y,,Solid/Sediment,Freshwater Taxonomy,,SURBER,,,,,,10,Number of Individual Organisms,,4/16/2024,,,1,Count,,,,,,,,,,,ID-COUNT-LEVEL2,,09NEW2128_23,,"Rhithron Associates Inc, Missoula MT",,Zapada oregonensis Group,102591,,Larva,,,,
Warning,Ambient Monitoring,09NEW2128,09NEW2128,Sample,GovLocal,9/14/2023,,,,,8,ft2,,,,,,09NEW2128_23,,N,,Y,,Solid/Sediment,Freshwater Taxonomy,,SURBER,,,,,,10,Number of Individual Organisms,,4/16/2024,,,1,Count,,,,,,,,,,,ID-COUNT-LEVEL2,,09NEW2128_23,,"Rhithron Associates Inc, Missoula MT",,Rhyacophila betteni Group,115097,,Larva,,,,
Warning,Ambient Monitoring,09NEW2128,09NEW2128,Sample,GovLocal,9/14/2023,,,,,8,ft2,,,,,,09NEW2128_23,,N,,Y,,Solid/Sediment,Freshwater Taxonomy,,SURBER,,,,,,10,Number of Individual Organisms,,4/16/2024,,,2,Count,,,,,,,,,,,ID-COUNT-LEVEL2,,09NEW2128_23,,"Rhithron Associates Inc, Missoula MT",,Rhyacophila brunnea/vemna Group,115097,,Larva,,,,
Warning,Ambient Monitoring,09NEW2128,09NEW2128,Sample,GovLocal,9/14/2023,,,,,8,ft2,,,,,,09NEW2128_23,,N,,Y,,Solid/Sediment,Freshwater Taxonomy,,SURBER,,,,,,10,Number of Individual Organisms,,4/16/2024,,,3,Count,,,,,,,,,,,ID-COUNT-LEVEL2,,09NEW2128_23,,"Rhithron Associates Inc, Missoula MT",,Ephemerella excrucians Group,101276,,Larva,,,,
Warning,Ambient Monitoring,09NEW2128,09NEW2128,Sample,GovLocal,9/14/2023,,,,,8,ft2,,,,,,09NEW2128_23,,N,,Y,,Solid/Sediment,Freshwater Taxonomy,,SURBER,,,,,,10,Number of Individual Organisms,,4/16/2024,,,104,Count,,,,,,,,,,,ID-COUNT-LEVEL2,,09NEW2128_23,,"Rhithron Associates Inc, Missoula MT",,Baetis tricaudatus complex,100817,,Larva,,,,
Warning,Ambient Monitoring,09NEW2128,09NEW2128,Sample,GovLocal,9/9/2022,,,,,8,ft2,,,,,,09NEW2128_22,,N,,Y,,Solid/Sediment,Freshwater Taxonomy,,SURBER,,,,,,20,Number of Individual Organisms,,2/1/2023,,,1,Count,,,,,,,,,,,ID-COUNT-LEVEL2,,09NEW2128_22,,"Rhithron Associates Inc, Missoula MT",,Monatractides,83249,,Adult,,,,
Warning,Ambient Monitoring,09NEW2128,09NEW2128,Sample,GovLocal,9/27/2018,,,,,8,ft2,,,,,,09NEW2128_18,,N,,Y,,Solid/Sediment,Freshwater Taxonomy,,SURBER,,,,,,30,Number of Individual Organisms,,11/19/2018,,,4,Count,,,,,,,,,,,ID-COUNT-LEVEL2,,09NEW2128_18,,"Rhithron Associates Inc, Missoula MT",,Tvetenia bavarica Group,129197,,Larva,,,,
Warning,Ambient Monitoring,09NEW2128,09NEW2128,Sample,GovLocal,9/27/2018,,,,,8,ft2,,,,,,09NEW2128_18,,N,,Y,,Solid/Sediment,Freshwater Taxonomy,,SURBER,,,,,,30,Number of Individual Organisms,,11/19/2018,,,2,Count,,,,,,,,,,,ID-COUNT-LEVEL2,,09NEW2128_18,,"Rhithron Associates Inc, Missoula MT",,Holorusia hespera,118890,,Larva,,,,
Warning,Ambient Monitoring,09NEW2128,09NEW2128,Sample,GovLocal,9/27/2018,,,,,8,ft2,,,,,,09NEW2128_18,,N,,Y,,Solid/Sediment,Freshwater Taxonomy,,SURBER,,,,,,30,Number of Individual Organisms,,11/19/2018,,,16,Count,,,,,,,,,,,ID-COUNT-LEVEL2,,09NEW2128_18,,"Rhithron Associates Inc, Missoula MT",,Rhyacophila brunnea/vemna Group,115097,,Larva,,,,
Warning,Ambient Monitoring,09NEW2128,09NEW2128,Sample,GovLocal,9/27/2018,,,,,8,ft2,,,,,,09NEW2128_18,,N,,Y,,Solid/Sediment,Freshwater Taxonomy,,SURBER,,,,,,30,Number of Individual Organisms,,11/19/2018,,,46,Count,,,,,,,,,,,ID-COUNT-LEVEL2,,09NEW2128_18,,"Rhithron Associates Inc, Missoula MT",,Baetis tricaudatus complex,100817,,Larva,,,,
Warning,Ambient Monitoring,09NEW2128,09NEW2128,Sample,GovLocal,9/27/2018,,,,,8,ft2,,,,,,09NEW2128_18_R,,Y,,Y,,Solid/Sediment,Freshwater Taxonomy,,SURBER,,,,,,20,Number of Individual Organisms,,11/19/2018,,,8,Count,,,,,,,,,,,ID-COUNT-LEVEL2,,09NEW2128_18_R,,"Rhithron Associates Inc, Missoula MT",,Monatractides,83249,,Adult,,,,
Warning,Ambient Monitoring,09NEW2128,09NEW2128,Sample,GovLocal,9/27/2018,,,,,8,ft2,,,,,,09NEW2128_18_R,,Y,,Y,,Solid/Sediment,Freshwater Taxonomy,,SURBER,,,,,,20,Number of Individual Organisms,,11/19/2018,,,2,Count,,,,,,,,,,,ID-COUNT-LEVEL2,,09NEW2128_18_R,,"Rhithron Associates Inc, Missoula MT",,Empididae Genus B,0,,Larva,,,,
Warning,Ambient Monitoring,09NEW2128,09NEW2128,Sample,GovLocal,9/27/2018,,,,,8,ft2,,,,,,09NEW2128_18_R,,Y,,Y,,Solid/Sediment,Freshwater Taxonomy,,SURBER,,,,,,20,Number of Individual Organisms,,11/19/2018,,,5,Count,,,,,,,,,,,ID-COUNT-LEVEL2,,09NEW2128_18_R,,"Rhithron Associates Inc, Missoula MT",,Tvetenia bavarica Group,129197,,Larva,,,,
Warning,Ambient Monitoring,09NEW2128,09NEW2128,Sample,GovLocal,9/27/2018,,,,,8,ft2,,,,,,09NEW2128_18_R,,Y,,Y,,Solid/Sediment,Freshwater Taxonomy,,SURBER,,,,,,20,Number of Individual Organisms,,11/19/2018,,,1,Count,,,,,,,,,,,ID-COUNT-LEVEL2,,09NEW2128_18_R,,"Rhithron Associates Inc, Missoula MT",,Thienemannimyia Group,128078,,Larva,,,,
Warning,Ambient Monitoring,09NEW2128,09NEW2128,Sample,GovLocal,9/27/2018,,,,,8,ft2,,,,,,09NEW2128_18_R,,Y,,Y,,Solid/Sediment,Freshwater Taxonomy,,SURBER,,,,,,20,Number of Individual Organisms,,11/19/2018,,,1,Count,,,,,,,,,,,ID-COUNT-LEVEL2,,09NEW2128_18_R,,"Rhithron Associates Inc, Missoula MT",,Holorusia hespera,118890,,Larva,,,,
Warning,Ambient Monitoring,09NEW2128,09NEW2128,Sample,GovLocal,9/27/2018,,,,,8,ft2,,,,,,09NEW2128_18_R,,Y,,Y,,Solid/Sediment,Freshwater Taxonomy,,SURBER,,,,,,20,Number of Individual Organisms,,11/19/2018,,,1,Count,,,,,,,,,,,ID-COUNT-LEVEL2,,09NEW2128_18_R,,"Rhithron Associates Inc, Missoula MT",,Zapada oregonensis Group,102591,,Larva,,,,
Warning,Ambient Monitoring,09NEW2128,09NEW2128,Sample,GovLocal,9/27/2018,,,,,8,ft2,,,,,,09NEW2128_18_R,,Y,,Y,,Solid/Sediment,Freshwater Taxonomy,,SURBER,,,,,,20,Number of Individual Organisms,,11/19/2018,,,1,Count,,,,,,,,,,,ID-COUNT-LEVEL2,,09NEW2128_18_R,,"Rhithron Associates Inc, Missoula MT",,Rhyacophila betteni Group,115097,,Larva,,,,
Warning,Ambient Monitoring,09NEW2128,09NEW2128,Sample,GovLocal,9/27/2018,,,,,8,ft2,,,,,,09NEW2128_18_R,,Y,,Y,,Solid/Sediment,Freshwater Taxonomy,,SURBER,,,,,,20,Number of Individual Organisms,,11/19/2018,,,20,Count,,,,,,,,,,,ID-COUNT-LEVEL2,,09NEW2128_18_R,,"Rhithron Associates Inc, Missoula MT",,Rhyacophila brunnea/vemna Group,115097,,Larva,,,,
Warning,Ambient Monitoring,09NEW2128,09NEW2128,Sample,GovLocal,9/27/2018,,,,,8,ft2,,,,,,09NEW2128_18_R,,Y,,Y,,Solid/Sediment,Freshwater Taxonomy,,SURBER,,,,,,20,Number of Individual Organisms,,11/19/2018,,,29,Count,,,,,,,,,,,ID-COUNT-LEVEL2,,09NEW2128_18_R,,"Rhithron Associates Inc, Missoula MT",,Baetis tricaudatus complex,100817,,Larva,,,,
Warning,Ambient Monitoring,09NEW2128,09NEW2128,Sample,GovLocal,7/26/2017,,,,,8,ft2,,,,,,09NEW2128_17,,N,,Y,,Solid/Sediment,Freshwater Taxonomy,,SURBER,,,,,,20,Number of Individual Organisms,,3/16/2018,,,2,Count,,,,,,,,,,,ID-COUNT-LEVEL2,,09NEW2128_17,,"Rhithron Associates Inc, Missoula MT",,Empididae Genus B,0,,Larva,,,,
Warning,Ambient Monitoring,09SOO0943,09SOO0943,Sample,GovLocal,8/27/2024,,,,,8,ft2,,,,,,09SOO0943_24,,N,,Y,,Solid/Sediment,Freshwater Taxonomy,,SURBER,,,,,,26.67,Number of Individual Organisms,,2/5/2025,,,1,Count,,,,,,,,,,,ID-COUNT-LEVEL2,,09SOO0943_24,,"Rhithron Associates Inc, Missoula MT",,Orthocladiinae Genus 5 (Coffman and Ferrington),128457,,Pupa,,,,
Warning,Ambient Monitoring,09SOO0943,09SOO0943,Sample,GovLocal,8/27/2024,,,,,8,ft2,,,,,,09SOO0943_24,,N,,Y,,Solid/Sediment,Freshwater Taxonomy,,SURBER,,,,,,26.67,Number of Individual Organisms,,2/5/2025,,,1,Count,,,,,,,,,,,ID-COUNT-LEVEL2,,09SOO0943_24,,"Rhithron Associates Inc, Missoula MT",,Rhyacophila brunnea/vemna Group,115097,,Larva,,,,
Warning,Ambient Monitoring,09SOO0943,09SOO0943,Sample,GovLocal,8/27/2024,,,,,8,ft2,,,,,,09SOO0943_24,,N,,Y,,Solid/Sediment,Freshwater Taxonomy,,SURBER,,,,,,26.67,Number of Individual Organisms,,2/5/2025,,,64,Count,,,,,,,,,,,ID-COUNT-LEVEL2,,09SOO0943_24,,"Rhithron Associates Inc, Missoula MT",,Baetis tricaudatus complex,100817,,Larva,,,,
Warning,Ambient Monitoring,09SOO0943,09SOO0943,Sample,GovLocal,8/27/2024,,,,,8,ft2,,,,,,09SOO0943_24,,N,,Y,,Solid/Sediment,Freshwater Taxonomy,,SURBER,,,,,,26.67,Number of Individual Organisms,,2/5/2025,,,1,Count,,,,,,,,,,,ID-COUNT-LEVEL2,,09SOO0943_24,,"Rhithron Associates Inc, Missoula MT",,Truncatelloidea,69459,,unknown,,,,
Warning,Ambient Monitoring,09SOO0943,09SOO0943,Sample,GovLocal,8/23/2023,,,,,8,ft2,,,,,,09SOO0943_23,,N,,Y,,Solid/Sediment,Freshwater Taxonomy,,SURBER,,,,,,43.33,Number of Individual Organisms,,4/18/2024,,,1,Count,,,,,,,,,,,ID-COUNT-LEVEL2,,09SOO0943_23,,"Rhithron Associates Inc, Missoula MT",,Cystobranchus salmositicus,69339,,unknown,,,,
Warning,Ambient Monitoring,09SOO0943,09SOO0943,Sample,GovLocal,8/23/2023,,,,,8,ft2,,,,,,09SOO0943_23,,N,,Y,,Solid/Sediment,Freshwater Taxonomy,,SURBER,,,,,,43.33,Number of Individual Organisms,,4/18/2024,,,1,Count,,,,,,,,,,,ID-COUNT-LEVEL2,,09SOO0943_23,,"Rhithron Associates Inc, Missoula MT",,Monatractides,83249,,Adult,,,,
Warning,Ambient Monitoring,09SOO0943,09SOO0943,Sample,GovLocal,8/23/2023,,,,,8,ft2,,,,,,09SOO0943_23,,N,,Y,,Solid/Sediment,Freshwater Taxonomy,,SURBER,,,,,,43.33,Number of Individual Organisms,,4/18/2024,,,2,Count,,,,,,,,,,,ID-COUNT-LEVEL2,,09SOO0943_23,,"Rhithron Associates Inc, Missoula MT",,Tvetenia bavarica Group,129197,,Larva,,,,
Warning,Ambient Monitoring,09SOO0943,09SOO0943,Sample,GovLocal,8/23/2023,,,,,8,ft2,,,,,,09SOO0943_23,,N,,Y,,Solid/Sediment,Freshwater Taxonomy,,SURBER,,,,,,43.33,Number of Individual Organisms,,4/18/2024,,,1,Count,,,,,,,,,,,ID-COUNT-LEVEL2,,09SOO0943_23,,"Rhithron Associates Inc, Missoula MT",,Eloeophila,120030,,Larva,,,,
Warning,Ambient Monitoring,09SOO0943,09SOO0943,Sample,GovLocal,8/23/2023,,,,,8,ft2,,,,,,09SOO0943_23,,N,,Y,,Solid/Sediment,Freshwater Taxonomy,,SURBER,,,,,,43.33,Number of Individual Organisms,,4/18/2024,,,1,Count,,,,,,,,,,,ID-COUNT-LEVEL2,,09SOO0943_23,,"Rhithron Associates Inc, Missoula MT",,Rhyacophila brunnea/vemna Group,115097,,Larva,,,,
Warning,Ambient Monitoring,09SOO0943,09SOO0943,Sample,GovLocal,8/23/2023,,,,,8,ft2,,,,,,09SOO0943_23,,N,,Y,,Solid/Sediment,Freshwater Taxonomy,,SURBER,,,,,,43.33,Number of Individual Organisms,,4/18/2024,,,1,Count,,,,,,,,,,,ID-COUNT-LEVEL2,,09SOO0943_23,,"Rhithron Associates Inc, Missoula MT",,Ephemerella excrucians Group,101276,,Larva,,,,
Warning,Ambient Monitoring,09SOO0943,09SOO0943,Sample,GovLocal,8/23/2023,,,,,8,ft2,,,,,,09SOO0943_23,,N,,Y,,Solid/Sediment,Freshwater Taxonomy,,SURBER,,,,,,43.33,Number of Individual Organisms,,4/18/2024,,,69,Count,,,,,,,,,,,ID-COUNT-LEVEL2,,09SOO0943_23,,"Rhithron Associates Inc, Missoula MT",,Baetis tricaudatus complex,100817,,Larva,,,,
Warning,Ambient Monitoring,09SOO0943,09SOO0943,Sample,GovLocal,8/23/2023,,,,,8,ft2,,,,,,09SOO0943_23,,N,,Y,,Solid/Sediment,Freshwater Taxonomy,,SURBER,,,,,,43.33,Number of Individual Organisms,,4/18/2024,,,6,Count,,,,,,,,,,,ID-COUNT-LEVEL2,,09SOO0943_23,,"Rhithron Associates Inc, Missoula MT",,Afghanurus,100504,,Larva,,,,
Warning,Ambient Monitoring,09SOO0943,09SOO0943,Sample,GovLocal,7/27/2022,,,,,8,ft2,,,,,,09SOO0943_22,,N,,Y,,Solid/Sediment,Freshwater Taxonomy,,SURBER,,,,,,100,Number of Individual Organisms,,1/26/2023,,,1,Count,,,,,,,,,,,ID-COUNT-LEVEL2,,09SOO0943_22,,"Rhithron Associates Inc, Missoula MT",,Chamaedrilus,68510,,unknown,,,,
Warning,Ambient Monitoring,09SOO0943,09SOO0943,Sample,GovLocal,8/18/2016,,,,,8,ft2,,,,,,09SOO0943_16,,N,,Y,,Solid/Sediment,Freshwater Taxonomy,,SURBER,,,,,,63.33,Number of Individual Organisms,,4/4/2017,,,46,Count,,,,,,,,,,,ID-COUNT-LEVEL2,,09SOO0943_16,,"Rhithron Associates Inc, Missoula MT",,Baetis tricaudatus complex,100817,,Larva,,,,
Warning,Ambient Monitoring,09SOO0943,09SOO0943,Sample,GovLocal,8/18/2016,,,,,8,ft2,,,,,,09SOO0943_16_R,,Y,,Y,,Solid/Sediment,Freshwater Taxonomy,,SURBER,,,,,,30,Number of Individual Organisms,,4/4/2017,,,1,Count,,,,,,,,,,,ID-COUNT-LEVEL2,,09SOO0943_16_R,,"Rhithron Associates Inc, Missoula MT",,Rhyacophila brunnea/vemna Group,115097,,Larva,,,,
Warning,Ambient Monitoring,09SOO0943,09SOO0943,Sample,GovLocal,8/18/2016,,,,,8,ft2,,,,,,09SOO0943_16_R,,Y,,Y,,Solid/Sediment,Freshwater Taxonomy,,SURBER,,,,,,30,Number of Individual Organisms,,4/4/2017,,,69,Count,,,,,,,,,,,ID-COUNT-LEVEL2,,09SOO0943_16_R,,"Rhithron Associates Inc, Missoula MT",,Baetis tricaudatus complex,100817,,Larva,,,,
Warning,Ambient Monitoring,09SOO0943,09SOO0943,Sample,GovLocal,8/10/2015,,,,,8,ft2,,,,,,09SOO0943_15,,N,,Y,,Solid/Sediment,Freshwater Taxonomy,,SURBER,,,,,,10,Number of Individual Organisms,,4/22/2016,,,1,Count,,,,,,,,,,,ID-COUNT-LEVEL2,,09SOO0943_15,,"Rhithron Associates Inc, Missoula MT",,Tvetenia bavarica Group,129197,,Larva,,,,
Warning,Ambient Monitoring,09SOO1209,09SOO1209,Sample,GovLocal,9/26/2019,,,,,8,ft2,,,,,,09SOO1209_19,,N,,Y,,Solid/Sediment,Freshwater Taxonomy,,SURBER,,,,,,33.33,Number of Individual Organisms,,12/18/2019,,,1,Count,,,,,,,,,,,ID-COUNT-LEVEL2,,09SOO1209_19,,"Rhithron Associates Inc, Missoula MT",,Tvetenia bavarica Group,129197,,Larva,,,,
Warning,Ambient Monitoring,09SOO1209,09SOO1209,Sample,GovLocal,9/26/2019,,,,,8,ft2,,,,,,09SOO1209_19,,N,,Y,,Solid/Sediment,Freshwater Taxonomy,,SURBER,,,,,,33.33,Number of Individual Organisms,,12/18/2019,,,1,Count,,,,,,,,,,,ID-COUNT-LEVEL2,,09SOO1209_19,,"Rhithron Associates Inc, Missoula MT",,Thremmatidae,598162,,Pupa,,,,
Warning,Ambient Monitoring,09SOO1209,09SOO1209,Sample,GovLocal,9/26/2019,,,,,8,ft2,,,,,,09SOO1209_19,,N,,Y,,Solid/Sediment,Freshwater Taxonomy,,SURBER,,,,,,33.33,Number of Individual Organisms,,12/18/2019,,,1,Count,,,,,,,,,,,ID-COUNT-LEVEL2,,09SOO1209_19,,"Rhithron Associates Inc, Missoula MT",,Rhyacophila brunnea/vemna Group,115097,,Larva,,,,
Warning,Ambient Monitoring,09SOO1209,09SOO1209,Sample,GovLocal,9/26/2019,,,,,8,ft2,,,,,,09SOO1209_19,,N,,Y,,Solid/Sediment,Freshwater Taxonomy,,SURBER,,,,,,33.33,Number of Individual Organisms,,12/18/2019,,,26,Count,,,,,,,,,,,ID-COUNT-LEVEL2,,09SOO1209_19,,"Rhithron Associates Inc, Missoula MT",,Baetis tricaudatus complex,100817,,Larva,,,,
Warning,Ambient Monitoring,09SOO1209,09SOO1209,Sample,GovLocal,8/21/2018,,,,,8,ft2,,,,,,09SOO1209_18,,N,,Y,,Solid/Sediment,Freshwater Taxonomy,,SURBER,,,,,,23.33,Number of Individual Organisms,,1/3/2019,,,1,Count,,,,,,,,,,,ID-COUNT-LEVEL2,,09SOO1209_18,,"Rhithron Associates Inc, Missoula MT",,Chamaedrilus,68510,,unknown,,,,
Warning,Ambient Monitoring,09SOO1209,09SOO1209,Sample,GovLocal,8/21/2018,,,,,8,ft2,,,,,,09SOO1209_18,,N,,Y,,Solid/Sediment,Freshwater Taxonomy,,SURBER,,,,,,23.33,Number of Individual Organisms,,1/3/2019,,,3,Count,,,,,,,,,,,ID-COUNT-LEVEL2,,09SOO1209_18,,"Rhithron Associates Inc, Missoula MT",,Rhyacophila betteni Group,115097,,Larva,,,,
Warning,Ambient Monitoring,09SOO1209,09SOO1209,Sample,GovLocal,8/1/2017,,,,,8,ft2,,,,,,09SOO1209_17,,N,,Y,,Solid/Sediment,Freshwater Taxonomy,,SURBER,,,,,,53.33,Number of Individual Organisms,,3/16/2018,,,3,Count,,,,,,,,,,,ID-COUNT-LEVEL2,,09SOO1209_17,,"Rhithron Associates Inc, Missoula MT",,Tvetenia bavarica Group,129197,,Larva,,,,
Warning,Ambient Monitoring,09SOO1209,09SOO1209,Sample,GovLocal,8/1/2017,,,,,8,ft2,,,,,,09SOO1209_17,,N,,Y,,Solid/Sediment,Freshwater Taxonomy,,SURBER,,,,,,53.33,Number of Individual Organisms,,3/16/2018,,,1,Count,,,,,,,,,,,ID-COUNT-LEVEL2,,09SOO1209_17,,"Rhithron Associates Inc, Missoula MT",,Zapada oregonensis Group,102591,,Larva,,,,
Warning,Ambient Monitoring,09SOO1283,09SOO1283,Sample,GovLocal,9/28/2022,,,,,8,ft2,,,,,,09SOO1283_22,,N,,Y,,Solid/Sediment,Freshwater Taxonomy,,SURBER,,,,,,36.67,Number of Individual Organisms,,5/23/2023,,,2,Count,,,,,,,,,,,ID-COUNT-LEVEL2,,09SOO1283_22,,"Rhithron Associates Inc, Missoula MT",,Ephemerella excrucians Group,101276,,Larva,,,,
Warning,Ambient Monitoring,09SOO1283,09SOO1283,Sample,GovLocal,9/28/2022,,,,,8,ft2,,,,,,09SOO1283_22,,N,,Y,,Solid/Sediment,Freshwater Taxonomy,,SURBER,,,,,,36.67,Number of Individual Organisms,,5/23/2023,,,15,Count,,,,,,,,,,,ID-COUNT-LEVEL2,,09SOO1283_22,,"Rhithron Associates Inc, Missoula MT",,Baetis tricaudatus complex,100817,,Larva,,,,
Warning,Ambient Monitoring,09SOO1283,09SOO1283,Sample,GovLocal,10/7/2021,,,,,8,ft2,,,,,,09SOO1283_21,,N,,Y,,Solid/Sediment,Freshwater Taxonomy,,SURBER,,,,,,23.33,Number of Individual Organisms,,12/17/2021,,,1,Count,,,,,,,,,,,ID-COUNT-LEVEL2,,09SOO1283_21,,"Rhithron Associates Inc, Missoula MT",,Chamaedrilus,68510,,unknown,,,,
Warning,Ambient Monitoring,09SOO1283,09SOO1283,Sample,GovLocal,10/7/2021,,,,,8,ft2,,,,,,09SOO1283_21,,N,,Y,,Solid/Sediment,Freshwater Taxonomy,,SURBER,,,,,,23.33,Number of Individual Organisms,,12/17/2021,,,11,Count,,,,,,,,,,,ID-COUNT-LEVEL2,,09SOO1283_21,,"Rhithron Associates Inc, Missoula MT",,Baetis tricaudatus complex,100817,,Larva,,,,
Warning,Ambient Monitoring,09SOO1283,09SOO1283,Sample,GovLocal,10/7/2021,,,,,8,ft2,,,,,,09SOO1283_21_R,,Y,,Y,,Solid/Sediment,Freshwater Taxonomy,,SURBER,,,,,,40,Number of Individual Organisms,,12/17/2021,,,8,Count,,,,,,,,,,,ID-COUNT-LEVEL2,,09SOO1283_21_R,,"Rhithron Associates Inc, Missoula MT",,Baetis tricaudatus complex,100817,,Larva,,,,
Warning,Ambient Monitoring,09SOO1283,09SOO1283,Sample,GovLocal,10/6/2020,,,,,8,ft2,,,,,,09SOO1283_20,,N,,Y,,Solid/Sediment,Freshwater Taxonomy,,SURBER,,,,,,40,Number of Individual Organisms,,4/30/2021,,,1,Count,,,,,,,,,,,ID-COUNT-LEVEL2,,09SOO1283_20,,"Rhithron Associates Inc, Missoula MT",,Chamaedrilus,68510,,unknown,,,,
Warning,Ambient Monitoring,09SOO1283,09SOO1283,Sample,GovLocal,8/4/2015,,,,,8,ft2,,,,,,09SOO1283_15_R,,Y,,Y,,Solid/Sediment,Freshwater Taxonomy,,SURBER,,,,,,30,Number of Individual Organisms,,4/22/2016,,,1,Count,,,,,,,,,,,ID-COUNT-LEVEL2,,09SOO1283_15_R,,"Rhithron Associates Inc, Missoula MT",,Thienemannimyia Group,128078,,Larva,,,,
Warning,Ambient Monitoring,09SOO1283,09SOO1283,Sample,GovLocal,8/4/2015,,,,,8,ft2,,,,,,09SOO1283_15_R,,Y,,Y,,Solid/Sediment,Freshwater Taxonomy,,SURBER,,,,,,30,Number of Individual Organisms,,4/22/2016,,,3,Count,,,,,,,,,,,ID-COUNT-LEVEL2,,09SOO1283_15_R,,"Rhithron Associates Inc, Missoula MT",,Zapada oregonensis Group,102591,,Larva,,,,
Warning,Ambient Monitoring,09SOO1283,09SOO1283,Sample,GovLocal,8/4/2015,,,,,8,ft2,,,,,,09SOO1283_15_R,,Y,,Y,,Solid/Sediment,Freshwater Taxonomy,,SURBER,,,,,,30,Number of Individual Organisms,,4/22/2016,,,1,Count,,,,,,,,,,,ID-COUNT-LEVEL2,,09SOO1283_15_R,,"Rhithron Associates Inc, Missoula MT",,Rhyacophila betteni Group,115097,,Larva,,,,
Warning,Ambient Monitoring,09SOO1130,09SOO1130,Sample,GovLocal,8/20/2024,,,,,8,ft2,,,,,,09SOO1130_24,,N,,Y,,Solid/Sediment,Freshwater Taxonomy,,SURBER,,,,,,16.67,Number of Individual Organisms,,2/5/2025,,,3,Count,,,,,,,,,,,ID-COUNT-LEVEL2,,09SOO1130_24,,"Rhithron Associates Inc, Missoula MT",,Tvetenia bavarica Group,129197,,Larva,,,,
Warning,Ambient Monitoring,09SOO1130,09SOO1130,Sample,GovLocal,8/20/2024,,,,,8,ft2,,,,,,09SOO1130_24,,N,,Y,,Solid/Sediment,Freshwater Taxonomy,,SURBER,,,,,,16.67,Number of Individual Organisms,,2/5/2025,,,2,Count,,,,,,,,,,,ID-COUNT-LEVEL2,,09SOO1130_24,,"Rhithron Associates Inc, Missoula MT",,Pericomaini,125391,,Larva,,,,
Warning,Ambient Monitoring,09SOO1130,09SOO1130,Sample,GovLocal,8/20/2024,,,,,8,ft2,,,,,,09SOO1130_24,,N,,Y,,Solid/Sediment,Freshwater Taxonomy,,SURBER,,,,,,16.67,Number of Individual Organisms,,2/5/2025,,,8,Count,,,,,,,,,,,ID-COUNT-LEVEL2,,09SOO1130_24,,"Rhithron Associates Inc, Missoula MT",,Rhyacophila brunnea/vemna Group,115097,,Larva,,,,
Warning,Ambient Monitoring,09SOO1130,09SOO1130,Sample,GovLocal,8/20/2024,,,,,8,ft2,,,,,,09SOO1130_24,,N,,Y,,Solid/Sediment,Freshwater Taxonomy,,SURBER,,,,,,16.67,Number of Individual Organisms,,2/5/2025,,,71,Count,,,,,,,,,,,ID-COUNT-LEVEL2,,09SOO1130_24,,"Rhithron Associates Inc, Missoula MT",,Baetis tricaudatus complex,100817,,Larva,,,,
Warning,Ambient Monitoring,09SOO1130,09SOO1130,Sample,GovLocal,10/5/2023,,,,,8,ft2,,,,,,09SOO1130_23,,N,,Y,,Solid/Sediment,Freshwater Taxonomy,,SURBER,,,,,,10,Number of Individual Organisms,,4/18/2024,,,1,Count,,,,,,,,,,,ID-COUNT-LEVEL2,,09SOO1130_23,,"Rhithron Associates Inc, Missoula MT",,Monatractides,83249,,Adult,,,,
Warning,Ambient Monitoring,09SOO1130,09SOO1130,Sample,GovLocal,8/15/2019,,,,,8,ft2,,,,,,09SOO1130_19,,N,,Y,,Solid/Sediment,Freshwater Taxonomy,,SURBER,,,,,,13.33,Number of Individual Organisms,,11/4/2019,,,1,Count,,,,,,,,,,,ID-COUNT-LEVEL2,,09SOO1130_19,,"Rhithron Associates Inc, Missoula MT",,Tvetenia bavarica Group,129197,,Larva,,,,
Warning,Ambient Monitoring,09SOO1130,09SOO1130,Sample,GovLocal,8/15/2019,,,,,8,ft2,,,,,,09SOO1130_19,,N,,Y,,Solid/Sediment,Freshwater Taxonomy,,SURBER,,,,,,13.33,Number of Individual Organisms,,11/4/2019,,,4,Count,,,,,,,,,,,ID-COUNT-LEVEL2,,09SOO1130_19,,"Rhithron Associates Inc, Missoula MT",,Pericomaini,125391,,Larva,,,,
Warning,Ambient Monitoring,09SOO1130,09SOO1130,Sample,GovLocal,8/15/2019,,,,,8,ft2,,,,,,09SOO1130_19,,N,,Y,,Solid/Sediment,Freshwater Taxonomy,,SURBER,,,,,,13.33,Number of Individual Organisms,,11/4/2019,,,3,Count,,,,,,,,,,,ID-COUNT-LEVEL2,,09SOO1130_19,,"Rhithron Associates Inc, Missoula MT",,Suwalliini,609854,,Larva,,,,
Warning,Ambient Monitoring,09SOO1130,09SOO1130,Sample,GovLocal,8/15/2019,,,,,8,ft2,,,,,,09SOO1130_19,,N,,Y,,Solid/Sediment,Freshwater Taxonomy,,SURBER,,,,,,13.33,Number of Individual Organisms,,11/4/2019,,,1,Count,,,,,,,,,,,ID-COUNT-LEVEL2,,09SOO1130_19,,"Rhithron Associates Inc, Missoula MT",,Rhyacophila brunnea/vemna Group,115097,,Larva,,,,
Warning,Ambient Monitoring,09SOO1130,09SOO1130,Sample,GovLocal,8/15/2019,,,,,8,ft2,,,,,,09SOO1130_19,,N,,Y,,Solid/Sediment,Freshwater Taxonomy,,SURBER,,,,,,13.33,Number of Individual Organisms,,11/4/2019,,,3,Count,,,,,,,,,,,ID-COUNT-LEVEL2,,09SOO1130_19,,"Rhithron Associates Inc, Missoula MT",,Baetis flavistriga complex,100800,,Larva,,,,
Warning,Ambient Monitoring,09SOO1130,09SOO1130,Sample,GovLocal,8/15/2019,,,,,8,ft2,,,,,,09SOO1130_19,,N,,Y,,Solid/Sediment,Freshwater Taxonomy,,SURBER,,,,,,13.33,Number of Individual Organisms,,11/4/2019,,,76,Count,,,,,,,,,,,ID-COUNT-LEVEL2,,09SOO1130_19,,"Rhithron Associates Inc, Missoula MT",,Baetis tricaudatus complex,100817,,Larva,,,,
Warning,Ambient Monitoring,09SOO1130,09SOO1130,Sample,GovLocal,8/23/2018,,,,,8,ft2,,,,,,09SOO1130_18,,N,,Y,,Solid/Sediment,Freshwater Taxonomy,,SURBER,,,,,,10,Number of Individual Organisms,,1/3/2019,,,3,Count,,,,,,,,,,,ID-COUNT-LEVEL2,,09SOO1130_18,,"Rhithron Associates Inc, Missoula MT",,Tvetenia bavarica Group,129197,,Larva,,,,
Warning,Ambient Monitoring,09SOO1130,09SOO1130,Sample,GovLocal,8/23/2018,,,,,8,ft2,,,,,,09SOO1130_18,,N,,Y,,Solid/Sediment,Freshwater Taxonomy,,SURBER,,,,,,10,Number of Individual Organisms,,1/3/2019,,,7,Count,,,,,,,,,,,ID-COUNT-LEVEL2,,09SOO1130_18,,"Rhithron Associates Inc, Missoula MT",,Pericoma/Telmatoscopus,125391,,Larva,,,,
Warning,Ambient Monitoring,09SOO1130,09SOO1130,Sample,GovLocal,8/23/2018,,,,,8,ft2,,,,,,09SOO1130_18,,N,,Y,,Solid/Sediment,Freshwater Taxonomy,,SURBER,,,,,,10,Number of Individual Organisms,,1/3/2019,,,5,Count,,,,,,,,,,,ID-COUNT-LEVEL2,,09SOO1130_18,,"Rhithron Associates Inc, Missoula MT",,Suwalliini,609854,,Larva,,,,
Warning,Ambient Monitoring,09SOO1130,09SOO1130,Sample,GovLocal,8/23/2018,,,,,8,ft2,,,,,,09SOO1130_18,,N,,Y,,Solid/Sediment,Freshwater Taxonomy,,SURBER,,,,,,10,Number of Individual Organisms,,1/3/2019,,,78,Count,,,,,,,,,,,ID-COUNT-LEVEL2,,09SOO1130_18,,"Rhithron Associates Inc, Missoula MT",,Baetis tricaudatus complex,100817,,Larva,,,,
Warning,Ambient Monitoring,09MIL0390,09MIL0390,Sample,GovLocal,9/24/2019,,,,,8,ft2,,,,,,09MIL0390_19,,N,,Y,,Solid/Sediment,Freshwater Taxonomy,,SURBER,,,,,,40,Number of Individual Organisms,,12/18/2019,,,1,Count,,,,,,,,,,,ID-COUNT-LEVEL2,,09MIL0390_19,,"Rhithron Associates Inc, Missoula MT",,Thienemannimyia Group,128078,,Larva,,,,
Warning,Ambient Monitoring,09MIL0390,09MIL0390,Sample,GovLocal,9/24/2019,,,,,8,ft2,,,,,,09MIL0390_19,,N,,Y,,Solid/Sediment,Freshwater Taxonomy,,SURBER,,,,,,40,Number of Individual Organisms,,12/18/2019,,,3,Count,,,,,,,,,,,ID-COUNT-LEVEL2,,09MIL0390_19,,"Rhithron Associates Inc, Missoula MT",,Zapada oregonensis Group,102591,,Larva,,,,
Warning,Ambient Monitoring,09MIL0390,09MIL0390,Sample,GovLocal,9/24/2019,,,,,8,ft2,,,,,,09MIL0390_19,,N,,Y,,Solid/Sediment,Freshwater Taxonomy,,SURBER,,,,,,40,Number of Individual Organisms,,12/18/2019,,,1,Count,,,,,,,,,,,ID-COUNT-LEVEL2,,09MIL0390_19,,"Rhithron Associates Inc, Missoula MT",,Rhyacophila betteni Group,115097,,Larva,,,,
Warning,Ambient Monitoring,09MIL0390,09MIL0390,Sample,GovLocal,9/24/2019,,,,,8,ft2,,,,,,09MIL0390_19,,N,,Y,,Solid/Sediment,Freshwater Taxonomy,,SURBER,,,,,,40,Number of Individual Organisms,,12/18/2019,,,1,Count,,,,,,,,,,,ID-COUNT-LEVEL2,,09MIL0390_19,,"Rhithron Associates Inc, Missoula MT",,Rhyacophila brunnea/vemna Group,115097,,Larva,,,,
Warning,Ambient Monitoring,09MIL0390,09MIL0390,Sample,GovLocal,9/24/2019,,,,,8,ft2,,,,,,09MIL0390_19,,N,,Y,,Solid/Sediment,Freshwater Taxonomy,,SURBER,,,,,,40,Number of Individual Organisms,,12/18/2019,,,28,Count,,,,,,,,,,,ID-COUNT-LEVEL2,,09MIL0390_19,,"Rhithron Associates Inc, Missoula MT",,Baetis tricaudatus complex,100817,,Larva,,,,
Warning,Ambient Monitoring,09MIL0390,09MIL0390,Sample,GovLocal,9/24/2019,,,,,8,ft2,,,,,,09MIL0390_19_R,,Y,,Y,,Solid/Sediment,Freshwater Taxonomy,,SURBER,,,,,,43.33,Number of Individual Organisms,,12/18/2019,,,1,Count,,,,,,,,,,,ID-COUNT-LEVEL2,,09MIL0390_19_R,,"Rhithron Associates Inc, Missoula MT",,Tvetenia bavarica Group,129197,,Larva,,,,
Warning,Ambient Monitoring,09MIL0390,09MIL0390,Sample,GovLocal,9/24/2019,,,,,8,ft2,,,,,,09MIL0390_19_R,,Y,,Y,,Solid/Sediment,Freshwater Taxonomy,,SURBER,,,,,,43.33,Number of Individual Organisms,,12/18/2019,,,1,Count,,,,,,,,,,,ID-COUNT-LEVEL2,,09MIL0390_19_R,,"Rhithron Associates Inc, Missoula MT",,Dicranophragma,118831,,Larva,,,,
Warning,Ambient Monitoring,09MIL0390,09MIL0390,Sample,GovLocal,9/24/2019,,,,,8,ft2,,,,,,09MIL0390_19_R,,Y,,Y,,Solid/Sediment,Freshwater Taxonomy,,SURBER,,,,,,43.33,Number of Individual Organisms,,12/18/2019,,,1,Count,,,,,,,,,,,ID-COUNT-LEVEL2,,09MIL0390_19_R,,"Rhithron Associates Inc, Missoula MT",,Zapada oregonensis Group,102591,,Larva,,,,
Warning,Ambient Monitoring,09MIL0390,09MIL0390,Sample,GovLocal,9/24/2019,,,,,8,ft2,,,,,,09MIL0390_19_R,,Y,,Y,,Solid/Sediment,Freshwater Taxonomy,,SURBER,,,,,,43.33,Number of Individual Organisms,,12/18/2019,,,1,Count,,,,,,,,,,,ID-COUNT-LEVEL2,,09MIL0390_19_R,,"Rhithron Associates Inc, Missoula MT",,Rhyacophila betteni Group,115097,,Larva,,,,
Warning,Ambient Monitoring,09MIL0390,09MIL0390,Sample,GovLocal,9/24/2019,,,,,8,ft2,,,,,,09MIL0390_19_R,,Y,,Y,,Solid/Sediment,Freshwater Taxonomy,,SURBER,,,,,,43.33,Number of Individual Organisms,,12/18/2019,,,2,Count,,,,,,,,,,,ID-COUNT-LEVEL2,,09MIL0390_19_R,,"Rhithron Associates Inc, Missoula MT",,Rhyacophila brunnea/vemna Group,115097,,Larva,,,,
Warning,Ambient Monitoring,09MIL0390,09MIL0390,Sample,GovLocal,9/24/2019,,,,,8,ft2,,,,,,09MIL0390_19_R,,Y,,Y,,Solid/Sediment,Freshwater Taxonomy,,SURBER,,,,,,43.33,Number of Individual Organisms,,12/18/2019,,,60,Count,,,,,,,,,,,ID-COUNT-LEVEL2,,09MIL0390_19_R,,"Rhithron Associates Inc, Missoula MT",,Baetis tricaudatus complex,100817,,Larva,,,,
Warning,Ambient Monitoring,09MIL0390,09MIL0390,Sample,GovLocal,8/24/2018,,,,,8,ft2,,,,,,09MIL0390_18,,N,,Y,,Solid/Sediment,Freshwater Taxonomy,,SURBER,,,,,,23.33,Number of Individual Organisms,,10/8/2018,,,5,Count,,,,,,,,,,,ID-COUNT-LEVEL2,,09MIL0390_18,,"Rhithron Associates Inc, Missoula MT",,Tvetenia bavarica Group,129197,,Larva,,,,
Warning,Ambient Monitoring,09NEW1657,09NEW1657,Sample,GovLocal,9/13/2023,,,,,8,ft2,,,,,,09NEW1657_23,,N,,Y,,Solid/Sediment,Freshwater Taxonomy,,SURBER,,,,,,16.67,Number of Individual Organisms,,4/16/2024,,,1,Count,,,,,,,,,,,ID-COUNT-LEVEL2,,09NEW1657_23,,"Rhithron Associates Inc, Missoula MT",,Pericomaini,125391,,Larva,,,,
Warning,Ambient Monitoring,09NEW1657,09NEW1657,Sample,GovLocal,9/13/2023,,,,,8,ft2,,,,,,09NEW1657_23,,N,,Y,,Solid/Sediment,Freshwater Taxonomy,,SURBER,,,,,,16.67,Number of Individual Organisms,,4/16/2024,,,1,Count,,,,,,,,,,,ID-COUNT-LEVEL2,,09NEW1657_23,,"Rhithron Associates Inc, Missoula MT",,Psychodini,125391,,Larva,,,,
Warning,Ambient Monitoring,09NEW1657,09NEW1657,Sample,GovLocal,9/13/2023,,,,,8,ft2,,,,,,09NEW1657_23,,N,,Y,,Solid/Sediment,Freshwater Taxonomy,,SURBER,,,,,,16.67,Number of Individual Organisms,,4/16/2024,,,1,Count,,,,,,,,,,,ID-COUNT-LEVEL2,,09NEW1657_23,,"Rhithron Associates Inc, Missoula MT",,Zapada oregonensis Group,102591,,Larva,,,,
Warning,Ambient Monitoring,09NEW1657,09NEW1657,Sample,GovLocal,9/13/2023,,,,,8,ft2,,,,,,09NEW1657_23,,N,,Y,,Solid/Sediment,Freshwater Taxonomy,,SURBER,,,,,,16.67,Number of Individual Organisms,,4/16/2024,,,11,Count,,,,,,,,,,,ID-COUNT-LEVEL2,,09NEW1657_23,,"Rhithron Associates Inc, Missoula MT",,Rhyacophila brunnea/vemna Group,115097,,Larva,,,,
Warning,Ambient Monitoring,09NEW1657,09NEW1657,Sample,GovLocal,9/13/2023,,,,,8,ft2,,,,,,09NEW1657_23,,N,,Y,,Solid/Sediment,Freshwater Taxonomy,,SURBER,,,,,,16.67,Number of Individual Organisms,,4/16/2024,,,116,Count,,,,,,,,,,,ID-COUNT-LEVEL2,,09NEW1657_23,,"Rhithron Associates Inc, Missoula MT",,Baetis tricaudatus complex,100817,,Larva,,,,
Warning,Ambient Monitoring,09NEW1657,09NEW1657,Sample,GovLocal,9/7/2022,,,,,8,ft2,,,,,,09NEW1657_22,,N,,Y,,Solid/Sediment,Freshwater Taxonomy,,SURBER,,,,,,33.33,Number of Individual Organisms,,5/19/2023,,,1,Count,,,,,,,,,,,ID-COUNT-LEVEL2,,09NEW1657_22,,"Rhithron Associates Inc, Missoula MT",,Tvetenia bavarica Group,129197,,Larva,,,,
Warning,Ambient Monitoring,09NEW1657,09NEW1657,Sample,GovLocal,9/7/2022,,,,,8,ft2,,,,,,09NEW1657_22,,N,,Y,,Solid/Sediment,Freshwater Taxonomy,,SURBER,,,,,,33.33,Number of Individual Organisms,,5/19/2023,,,1,Count,,,,,,,,,,,ID-COUNT-LEVEL2,,09NEW1657_22,,"Rhithron Associates Inc, Missoula MT",,Thienemannimyia Group,128078,,Larva,,,,
Warning,Ambient Monitoring,09NEW1657,09NEW1657,Sample,GovLocal,9/7/2022,,,,,8,ft2,,,,,,09NEW1657_22,,N,,Y,,Solid/Sediment,Freshwater Taxonomy,,SURBER,,,,,,33.33,Number of Individual Organisms,,5/19/2023,,,6,Count,,,,,,,,,,,ID-COUNT-LEVEL2,,09NEW1657_22,,"Rhithron Associates Inc, Missoula MT",,Pericomaini,125391,,Larva,,,,
Warning,Ambient Monitoring,09NEW1657,09NEW1657,Sample,GovLocal,9/7/2022,,,,,8,ft2,,,,,,09NEW1657_22,,N,,Y,,Solid/Sediment,Freshwater Taxonomy,,SURBER,,,,,,33.33,Number of Individual Organisms,,5/19/2023,,,5,Count,,,,,,,,,,,ID-COUNT-LEVEL2,,09NEW1657_22,,"Rhithron Associates Inc, Missoula MT",,Rhyacophila betteni Group,115097,,Larva,,,,
Warning,Ambient Monitoring,09NEW1657,09NEW1657,Sample,GovLocal,9/7/2022,,,,,8,ft2,,,,,,09NEW1657_22,,N,,Y,,Solid/Sediment,Freshwater Taxonomy,,SURBER,,,,,,33.33,Number of Individual Organisms,,5/19/2023,,,29,Count,,,,,,,,,,,ID-COUNT-LEVEL2,,09NEW1657_22,,"Rhithron Associates Inc, Missoula MT",,Rhyacophila brunnea/vemna Group,115097,,Larva,,,,
Warning,Ambient Monitoring,09NEW1657,09NEW1657,Sample,GovLocal,9/7/2022,,,,,8,ft2,,,,,,09NEW1657_22,,N,,Y,,Solid/Sediment,Freshwater Taxonomy,,SURBER,,,,,,33.33,Number of Individual Organisms,,5/19/2023,,,2,Count,,,,,,,,,,,ID-COUNT-LEVEL2,,09NEW1657_22,,"Rhithron Associates Inc, Missoula MT",,Rhyacophila coloradensis Group,115097,,Larva,,,,
Warning,Ambient Monitoring,09NEW1657,09NEW1657,Sample,GovLocal,9/7/2022,,,,,8,ft2,,,,,,09NEW1657_22,,N,,Y,,Solid/Sediment,Freshwater Taxonomy,,SURBER,,,,,,33.33,Number of Individual Organisms,,5/19/2023,,,1,Count,,,,,,,,,,,ID-COUNT-LEVEL2,,09NEW1657_22,,"Rhithron Associates Inc, Missoula MT",,Paraleptophlebia bicornuta Group,101206,,Larva,,,,
Warning,Ambient Monitoring,09NEW1657,09NEW1657,Sample,GovLocal,9/7/2022,,,,,8,ft2,,,,,,09NEW1657_22,,N,,Y,,Solid/Sediment,Freshwater Taxonomy,,SURBER,,,,,,33.33,Number of Individual Organisms,,5/19/2023,,,71,Count,,,,,,,,,,,ID-COUNT-LEVEL2,,09NEW1657_22,,"Rhithron Associates Inc, Missoula MT",,Baetis tricaudatus complex,100817,,Larva,,,,
Warning,Ambient Monitoring,09NEW1657,09NEW1657,Sample,GovLocal,8/7/2019,,,,,8,ft2,,,,,,09NEW1657_19,,N,,Y,,Solid/Sediment,Freshwater Taxonomy,,SURBER,,,,,,36.67,Number of Individual Organisms,,11/4/2019,,,87,Count,,,,,,,,,,,ID-COUNT-LEVEL2,,09NEW1657_19,,"Rhithron Associates Inc, Missoula MT",,Baetis tricaudatus complex,100817,,Larva,,,,
Warning,Ambient Monitoring,09NEW1657,09NEW1657,Sample,GovLocal,8/23/2018,,,,,8,ft2,,,,,,09NEW1657_18,,N,,Y,,Solid/Sediment,Freshwater Taxonomy,,SURBER,,,,,,36.67,Number of Individual Organisms,,10/8/2018,,,8,Count,,,,,,,,,,,ID-COUNT-LEVEL2,,09NEW1657_18,,"Rhithron Associates Inc, Missoula MT",,Chamaedrilus,68510,,unknown,,,,
Warning,Ambient Monitoring,09NEW1657,09NEW1657,Sample,GovLocal,8/23/2018,,,,,8,ft2,,,,,,09NEW1657_18,,N,,Y,,Solid/Sediment,Freshwater Taxonomy,,SURBER,,,,,,36.67,Number of Individual Organisms,,10/8/2018,,,3,Count,,,,,,,,,,,ID-COUNT-LEVEL2,,09NEW1657_18,,"Rhithron Associates Inc, Missoula MT",,Thienemannimyia Group,128078,,Larva,,,,
Warning,Ambient Monitoring,09NEW1657,09NEW1657,Sample,GovLocal,8/23/2018,,,,,8,ft2,,,,,,09NEW1657_18,,N,,Y,,Solid/Sediment,Freshwater Taxonomy,,SURBER,,,,,,36.67,Number of Individual Organisms,,10/8/2018,,,3,Count,,,,,,,,,,,ID-COUNT-LEVEL2,,09NEW1657_18,,"Rhithron Associates Inc, Missoula MT",,Rhyacophila betteni Group,115097,,Larva,,,,
Warning,Ambient Monitoring,09NEW1657,09NEW1657,Sample,GovLocal,8/23/2018,,,,,8,ft2,,,,,,09NEW1657_18,,N,,Y,,Solid/Sediment,Freshwater Taxonomy,,SURBER,,,,,,36.67,Number of Individual Organisms,,10/8/2018,,,19,Count,,,,,,,,,,,ID-COUNT-LEVEL2,,09NEW1657_18,,"Rhithron Associates Inc, Missoula MT",,Rhyacophila brunnea/vemna Group,115097,,Larva,,,,
Warning,Ambient Monitoring,09NEW1657,09NEW1657,Sample,GovLocal,8/23/2018,,,,,8,ft2,,,,,,09NEW1657_18,,N,,Y,,Solid/Sediment,Freshwater Taxonomy,,SURBER,,,,,,36.67,Number of Individual Organisms,,10/8/2018,,,83,Count,,,,,,,,,,,ID-COUNT-LEVEL2,,09NEW1657_18,,"Rhithron Associates Inc, Missoula MT",,Baetis tricaudatus complex,100817,,Larva,,,,
Warning,Ambient Monitoring,09NEW1657,09NEW1657,Sample,GovLocal,8/7/2017,,,,,8,ft2,,,,,,09NEW1657_17,,N,,Y,,Solid/Sediment,Freshwater Taxonomy,,SURBER,,,,,,40,Number of Individual Organisms,,3/16/2018,,,10,Count,,,,,,,,,,,ID-COUNT-LEVEL2,,09NEW1657_17,,"Rhithron Associates Inc, Missoula MT",,Chamaedrilus,68510,,unknown,,,,
Warning,Ambient Monitoring,09NEW1657,09NEW1657,Sample,GovLocal,8/7/2017,,,,,8,ft2,,,,,,09NEW1657_17,,N,,Y,,Solid/Sediment,Freshwater Taxonomy,,SURBER,,,,,,40,Number of Individual Organisms,,3/16/2018,,,15,Count,,,,,,,,,,,ID-COUNT-LEVEL2,,09NEW1657_17,,"Rhithron Associates Inc, Missoula MT",,Thienemannimyia Group,128078,,Larva,,,,
Warning,Ambient Monitoring,09NEW2102,09NEW2102,Sample,GovLocal,8/22/2023,,,,,8,ft2,,,,,,09NEW2102_23,,N,,Y,,Solid/Sediment,Freshwater Taxonomy,,SURBER,,,,,,33.33,Number of Individual Organisms,,4/16/2024,,,2,Count,,,,,,,,,,,ID-COUNT-LEVEL2,,09NEW2102_23,,"Rhithron Associates Inc, Missoula MT",,Thienemannimyia Group,128078,,Larva,,,,
Warning,Ambient Monitoring,09NEW2102,09NEW2102,Sample,GovLocal,8/22/2023,,,,,8,ft2,,,,,,09NEW2102_23,,N,,Y,,Solid/Sediment,Freshwater Taxonomy,,SURBER,,,,,,33.33,Number of Individual Organisms,,4/16/2024,,,14,Count,,,,,,,,,,,ID-COUNT-LEVEL2,,09NEW2102_23,,"Rhithron Associates Inc, Missoula MT",,Pericomaini,125391,,Larva,,,,
Warning,Ambient Monitoring,09NEW2102,09NEW2102,Sample,GovLocal,8/22/2023,,,,,8,ft2,,,,,,09NEW2102_23,,N,,Y,,Solid/Sediment,Freshwater Taxonomy,,SURBER,,,,,,33.33,Number of Individual Organisms,,4/16/2024,,,6,Count,,,,,,,,,,,ID-COUNT-LEVEL2,,09NEW2102_23,,"Rhithron Associates Inc, Missoula MT",,Rhyacophila brunnea/vemna Group,115097,,Larva,,,,
Warning,Ambient Monitoring,09NEW2102,09NEW2102,Sample,GovLocal,8/22/2023,,,,,8,ft2,,,,,,09NEW2102_23,,N,,Y,,Solid/Sediment,Freshwater Taxonomy,,SURBER,,,,,,33.33,Number of Individual Organisms,,4/16/2024,,,53,Count,,,,,,,,,,,ID-COUNT-LEVEL2,,09NEW2102_23,,"Rhithron Associates Inc, Missoula MT",,Baetis tricaudatus complex,100817,,Larva,,,,
Warning,Ambient Monitoring,09NEW2102,09NEW2102,Sample,GovLocal,8/8/2022,,,,,8,ft2,,,,,,09NEW2102_22,,N,,Y,,Solid/Sediment,Freshwater Taxonomy,,SURBER,,,,,,16.67,Number of Individual Organisms,,2/1/2023,,,7,Count,,,,,,,,,,,ID-COUNT-LEVEL2,,09NEW2102_22,,"Rhithron Associates Inc, Missoula MT",,Tvetenia bavarica Group,129197,,Larva,,,,
Warning,Ambient Monitoring,09NEW2102,09NEW2102,Sample,GovLocal,8/8/2022,,,,,8,ft2,,,,,,09NEW2102_22,,N,,Y,,Solid/Sediment,Freshwater Taxonomy,,SURBER,,,,,,16.67,Number of Individual Organisms,,2/1/2023,,,3,Count,,,,,,,,,,,ID-COUNT-LEVEL2,,09NEW2102_22,,"Rhithron Associates Inc, Missoula MT",,Thienemannimyia Group,128078,,Larva,,,,
Warning,Ambient Monitoring,09NEW2102,09NEW2102,Sample,GovLocal,8/8/2022,,,,,8,ft2,,,,,,09NEW2102_22,,N,,Y,,Solid/Sediment,Freshwater Taxonomy,,SURBER,,,,,,16.67,Number of Individual Organisms,,2/1/2023,,,1,Count,,,,,,,,,,,ID-COUNT-LEVEL2,,09NEW2102_22,,"Rhithron Associates Inc, Missoula MT",,Pericomaini,125391,,Larva,,,,
Warning,Ambient Monitoring,09NEW2102,09NEW2102,Sample,GovLocal,8/8/2022,,,,,8,ft2,,,,,,09NEW2102_22,,N,,Y,,Solid/Sediment,Freshwater Taxonomy,,SURBER,,,,,,16.67,Number of Individual Organisms,,2/1/2023,,,1,Count,,,,,,,,,,,ID-COUNT-LEVEL2,,09NEW2102_22,,"Rhithron Associates Inc, Missoula MT",,Rhyacophila angelita Group,115097,,Larva,,,,
Warning,Ambient Monitoring,09NEW2102,09NEW2102,Sample,GovLocal,8/8/2022,,,,,8,ft2,,,,,,09NEW2102_22,,N,,Y,,Solid/Sediment,Freshwater Taxonomy,,SURBER,,,,,,16.67,Number of Individual Organisms,,2/1/2023,,,1,Count,,,,,,,,,,,ID-COUNT-LEVEL2,,09NEW2102_22,,"Rhithron Associates Inc, Missoula MT",,Rhyacophila betteni Group,115097,,Larva,,,,
Warning,Ambient Monitoring,09NEW2102,09NEW2102,Sample,GovLocal,8/8/2022,,,,,8,ft2,,,,,,09NEW2102_22,,N,,Y,,Solid/Sediment,Freshwater Taxonomy,,SURBER,,,,,,16.67,Number of Individual Organisms,,2/1/2023,,,1,Count,,,,,,,,,,,ID-COUNT-LEVEL2,,09NEW2102_22,,"Rhithron Associates Inc, Missoula MT",,Rhyacophila brunnea/vemna Group,115097,,Larva,,,,
Warning,Ambient Monitoring,09NEW2102,09NEW2102,Sample,GovLocal,8/8/2022,,,,,8,ft2,,,,,,09NEW2102_22,,N,,Y,,Solid/Sediment,Freshwater Taxonomy,,SURBER,,,,,,16.67,Number of Individual Organisms,,2/1/2023,,,152,Count,,,,,,,,,,,ID-COUNT-LEVEL2,,09NEW2102_22,,"Rhithron Associates Inc, Missoula MT",,Baetis tricaudatus complex,100817,,Larva,,,,
Warning,Ambient Monitoring,09NEW2102,09NEW2102,Sample,GovLocal,7/28/2021,,,,,8,ft2,,,,,,09NEW2102_21,,N,,Y,,Solid/Sediment,Freshwater Taxonomy,,SURBER,,,,,,26.67,Number of Individual Organisms,,10/20/2021,,,3,Count,,,,,,,,,,,ID-COUNT-LEVEL2,,09NEW2102_21,,"Rhithron Associates Inc, Missoula MT",,Chamaedrilus,68510,,unknown,,,,
Warning,Ambient Monitoring,09NEW2102,09NEW2102,Sample,GovLocal,8/15/2018,,,,,8,ft2,,,,,,09NEW2102_18,,N,,Y,,Solid/Sediment,Freshwater Taxonomy,,SURBER,,,,,,30,Number of Individual Organisms,,10/4/2018,,,1,Count,,,,,,,,,,,ID-COUNT-LEVEL2,,09NEW2102_18,,"Rhithron Associates Inc, Missoula MT",,Thienemannimyia Group,128078,,Larva,,,,
Warning,Ambient Monitoring,09NEW2102,09NEW2102,Sample,GovLocal,8/15/2018,,,,,8,ft2,,,,,,09NEW2102_18,,N,,Y,,Solid/Sediment,Freshwater Taxonomy,,SURBER,,,,,,30,Number of Individual Organisms,,10/4/2018,,,1,Count,,,,,,,,,,,ID-COUNT-LEVEL2,,09NEW2102_18,,"Rhithron Associates Inc, Missoula MT",,Rhyacophila angelita Group,115097,,Larva,,,,
Warning,Ambient Monitoring,09NEW2102,09NEW2102,Sample,GovLocal,8/15/2018,,,,,8,ft2,,,,,,09NEW2102_18,,N,,Y,,Solid/Sediment,Freshwater Taxonomy,,SURBER,,,,,,30,Number of Individual Organisms,,10/4/2018,,,2,Count,,,,,,,,,,,ID-COUNT-LEVEL2,,09NEW2102_18,,"Rhithron Associates Inc, Missoula MT",,Rhyacophila betteni Group,115097,,Larva,,,,
Warning,Ambient Monitoring,09NEW2102,09NEW2102,Sample,GovLocal,8/15/2018,,,,,8,ft2,,,,,,09NEW2102_18,,N,,Y,,Solid/Sediment,Freshwater Taxonomy,,SURBER,,,,,,30,Number of Individual Organisms,,10/4/2018,,,5,Count,,,,,,,,,,,ID-COUNT-LEVEL2,,09NEW2102_18,,"Rhithron Associates Inc, Missoula MT",,Rhyacophila brunnea/vemna Group,115097,,Larva,,,,
Warning,Ambient Monitoring,09NEW2102,09NEW2102,Sample,GovLocal,8/15/2018,,,,,8,ft2,,,,,,09NEW2102_18,,N,,Y,,Solid/Sediment,Freshwater Taxonomy,,SURBER,,,,,,30,Number of Individual Organisms,,10/4/2018,,,25,Count,,,,,,,,,,,ID-COUNT-LEVEL2,,09NEW2102_18,,"Rhithron Associates Inc, Missoula MT",,Baetis tricaudatus complex,100817,,Larva,,,,
Warning,Ambient Monitoring,09NEW2102,09NEW2102,Sample,GovLocal,7/26/2017,,,,,8,ft2,,,,,,09NEW2102_17,,N,,Y,,Solid/Sediment,Freshwater Taxonomy,,SURBER,,,,,,100,Number of Individual Organisms,,3/16/2018,,,1,Count,,,,,,,,,,,ID-COUNT-LEVEL2,,09NEW2102_17,,"Rhithron Associates Inc, Missoula MT",,Monatractides,83249,,Adult,,,,
Warning,Ambient Monitoring,09NEW2102,09NEW2102,Sample,GovLocal,7/26/2017,,,,,8,ft2,,,,,,09NEW2102_17,,N,,Y,,Solid/Sediment,Freshwater Taxonomy,,SURBER,,,,,,100,Number of Individual Organisms,,3/16/2018,,,7,Count,,,,,,,,,,,ID-COUNT-LEVEL2,,09NEW2102_17,,"Rhithron Associates Inc, Missoula MT",,Tvetenia bavarica Group,129197,,Larva,,,,
Warning,Ambient Monitoring,09NEW2102,09NEW2102,Sample,GovLocal,7/26/2017,,,,,8,ft2,,,,,,09NEW2102_17,,N,,Y,,Solid/Sediment,Freshwater Taxonomy,,SURBER,,,,,,100,Number of Individual Organisms,,3/16/2018,,,13,Count,,,,,,,,,,,ID-COUNT-LEVEL2,,09NEW2102_17,,"Rhithron Associates Inc, Missoula MT",,Thienemannimyia Group,128078,,Larva,,,,
Warning,Ambient Monitoring,09NEW2102,09NEW2102,Sample,GovLocal,7/26/2017,,,,,8,ft2,,,,,,09NEW2102_17,,N,,Y,,Solid/Sediment,Freshwater Taxonomy,,SURBER,,,,,,100,Number of Individual Organisms,,3/16/2018,,,4,Count,,,,,,,,,,,ID-COUNT-LEVEL2,,09NEW2102_17,,"Rhithron Associates Inc, Missoula MT",,Rhyacophila angelita Group,115097,,Larva,,,,
Warning,Ambient Monitoring,09NEW2102,09NEW2102,Sample,GovLocal,7/26/2017,,,,,8,ft2,,,,,,09NEW2102_17,,N,,Y,,Solid/Sediment,Freshwater Taxonomy,,SURBER,,,,,,100,Number of Individual Organisms,,3/16/2018,,,1,Count,,,,,,,,,,,ID-COUNT-LEVEL2,,09NEW2102_17,,"Rhithron Associates Inc, Missoula MT",,Rhyacophila betteni Group,115097,,Larva,,,,
Warning,Ambient Monitoring,09NEW2102,09NEW2102,Sample,GovLocal,7/26/2017,,,,,8,ft2,,,,,,09NEW2102_17,,N,,Y,,Solid/Sediment,Freshwater Taxonomy,,SURBER,,,,,,100,Number of Individual Organisms,,3/16/2018,,,2,Count,,,,,,,,,,,ID-COUNT-LEVEL2,,09NEW2102_17,,"Rhithron Associates Inc, Missoula MT",,Rhyacophila brunnea/vemna Group,115097,,Larva,,,,
Warning,Ambient Monitoring,09NEW2151,09NEW2151,Sample,GovLocal,8/25/2016,,,,,8,ft2,,,,,,09NEW2151_16,,N,,Y,,Solid/Sediment,Freshwater Taxonomy,,SURBER,,,,,,13.33,Number of Individual Organisms,,4/4/2017,,,3,Count,,,,,,,,,,,ID-COUNT-LEVEL2,,09NEW2151_16,,"Rhithron Associates Inc, Missoula MT",,Tvetenia bavarica Group,129197,,Larva,,,,
Warning,Ambient Monitoring,09NEW2151,09NEW2151,Sample,GovLocal,8/25/2016,,,,,8,ft2,,,,,,09NEW2151_16,,N,,Y,,Solid/Sediment,Freshwater Taxonomy,,SURBER,,,,,,13.33,Number of Individual Organisms,,4/4/2017,,,1,Count,,,,,,,,,,,ID-COUNT-LEVEL2,,09NEW2151_16,,"Rhithron Associates Inc, Missoula MT",,Rhabdomastix fascigera Group,120968,,Larva,,,,
Warning,Ambient Monitoring,09NEW2151,09NEW2151,Sample,GovLocal,8/25/2016,,,,,8,ft2,,,,,,09NEW2151_16,,N,,Y,,Solid/Sediment,Freshwater Taxonomy,,SURBER,,,,,,13.33,Number of Individual Organisms,,4/4/2017,,,3,Count,,,,,,,,,,,ID-COUNT-LEVEL2,,09NEW2151_16,,"Rhithron Associates Inc, Missoula MT",,Zapada oregonensis Group,102591,,Larva,,,,
Warning,Ambient Monitoring,09NEW2151,09NEW2151,Sample,GovLocal,8/25/2016,,,,,8,ft2,,,,,,09NEW2151_16,,N,,Y,,Solid/Sediment,Freshwater Taxonomy,,SURBER,,,,,,13.33,Number of Individual Organisms,,4/4/2017,,,1,Count,,,,,,,,,,,ID-COUNT-LEVEL2,,09NEW2151_16,,"Rhithron Associates Inc, Missoula MT",,Rhyacophila betteni Group,115097,,Larva,,,,
Warning,Ambient Monitoring,09NEW2151,09NEW2151,Sample,GovLocal,8/25/2016,,,,,8,ft2,,,,,,09NEW2151_16,,N,,Y,,Solid/Sediment,Freshwater Taxonomy,,SURBER,,,,,,13.33,Number of Individual Organisms,,4/4/2017,,,8,Count,,,,,,,,,,,ID-COUNT-LEVEL2,,09NEW2151_16,,"Rhithron Associates Inc, Missoula MT",,Rhyacophila brunnea/vemna Group,115097,,Larva,,,,
Warning,Ambient Monitoring,09NEW2151,09NEW2151,Sample,GovLocal,8/25/2016,,,,,8,ft2,,,,,,09NEW2151_16,,N,,Y,,Solid/Sediment,Freshwater Taxonomy,,SURBER,,,,,,13.33,Number of Individual Organisms,,4/4/2017,,,77,Count,,,,,,,,,,,ID-COUNT-LEVEL2,,09NEW2151_16,,"Rhithron Associates Inc, Missoula MT",,Baetis tricaudatus complex,100817,,Larva,,,,
Warning,Ambient Monitoring,09NEW2076,09NEW2076,Sample,GovLocal,9/3/2024,,,,,8,ft2,,,,,,09NEW2076_24,,N,,Y,,Solid/Sediment,Freshwater Taxonomy,,SURBER,,,,,,30,Number of Individual Organisms,,2/5/2025,,,1,Count,,,,,,,,,,,ID-COUNT-LEVEL2,,09NEW2076_24,,"Rhithron Associates Inc, Missoula MT",,Tvetenia bavarica Group,129197,,Larva,,,,
Warning,Ambient Monitoring,09NEW2076,09NEW2076,Sample,GovLocal,9/3/2024,,,,,8,ft2,,,,,,09NEW2076_24,,N,,Y,,Solid/Sediment,Freshwater Taxonomy,,SURBER,,,,,,30,Number of Individual Organisms,,2/5/2025,,,1,Count,,,,,,,,,,,ID-COUNT-LEVEL2,,09NEW2076_24,,"Rhithron Associates Inc, Missoula MT",,Thienemannimyia Group,128078,,Larva,,,,
Warning,Ambient Monitoring,09NEW2076,09NEW2076,Sample,GovLocal,9/3/2024,,,,,8,ft2,,,,,,09NEW2076_24,,N,,Y,,Solid/Sediment,Freshwater Taxonomy,,SURBER,,,,,,30,Number of Individual Organisms,,2/5/2025,,,1,Count,,,,,,,,,,,ID-COUNT-LEVEL2,,09NEW2076_24,,"Rhithron Associates Inc, Missoula MT",,Pericomaini,125391,,Larva,,,,
Warning,Ambient Monitoring,09NEW2076,09NEW2076,Sample,GovLocal,9/3/2024,,,,,8,ft2,,,,,,09NEW2076_24,,N,,Y,,Solid/Sediment,Freshwater Taxonomy,,SURBER,,,,,,30,Number of Individual Organisms,,2/5/2025,,,2,Count,,,,,,,,,,,ID-COUNT-LEVEL2,,09NEW2076_24,,"Rhithron Associates Inc, Missoula MT",,Rhyacophila betteni Group,115097,,Larva,,,,
Warning,Ambient Monitoring,09NEW2076,09NEW2076,Sample,GovLocal,9/3/2024,,,,,8,ft2,,,,,,09NEW2076_24,,N,,Y,,Solid/Sediment,Freshwater Taxonomy,,SURBER,,,,,,30,Number of Individual Organisms,,2/5/2025,,,6,Count,,,,,,,,,,,ID-COUNT-LEVEL2,,09NEW2076_24,,"Rhithron Associates Inc, Missoula MT",,Rhyacophila brunnea/vemna Group,115097,,Larva,,,,
Warning,Ambient Monitoring,09NEW2076,09NEW2076,Sample,GovLocal,9/3/2024,,,,,8,ft2,,,,,,09NEW2076_24,,N,,Y,,Solid/Sediment,Freshwater Taxonomy,,SURBER,,,,,,30,Number of Individual Organisms,,2/5/2025,,,3,Count,,,,,,,,,,,ID-COUNT-LEVEL2,,09NEW2076_24,,"Rhithron Associates Inc, Missoula MT",,Ephemerella excrucians Group,101276,,Larva,,,,
Warning,Ambient Monitoring,09NEW2076,09NEW2076,Sample,GovLocal,9/3/2024,,,,,8,ft2,,,,,,09NEW2076_24,,N,,Y,,Solid/Sediment,Freshwater Taxonomy,,SURBER,,,,,,30,Number of Individual Organisms,,2/5/2025,,,42,Count,,,,,,,,,,,ID-COUNT-LEVEL2,,09NEW2076_24,,"Rhithron Associates Inc, Missoula MT",,Baetis tricaudatus complex,100817,,Larva,,,,
Warning,Ambient Monitoring,09NEW2076,09NEW2076,Sample,GovLocal,8/16/2023,,,,,8,ft2,,,,,,09NEW2076_23,,N,,Y,,Solid/Sediment,Freshwater Taxonomy,,SURBER,,,,,,16.67,Number of Individual Organisms,,4/16/2024,,,2,Count,,,,,,,,,,,ID-COUNT-LEVEL2,,09NEW2076_23,,"Rhithron Associates Inc, Missoula MT",,Monatractides,83249,,Adult,,,,
Warning,Ambient Monitoring,09NEW2076,09NEW2076,Sample,GovLocal,10/7/2019,,,,,8,ft2,,,,,,09NEW2076_19,,N,,Y,,Solid/Sediment,Freshwater Taxonomy,,SURBER,,,,,,17.5,Number of Individual Organisms,,2/7/2020,,,3,Count,,,,,,,,,,,ID-COUNT-LEVEL2,,09NEW2076_19,,"Rhithron Associates Inc, Missoula MT",,Tvetenia bavarica Group,129197,,Larva,,,,
Warning,Ambient Monitoring,09NEW2076,09NEW2076,Sample,GovLocal,10/7/2019,,,,,8,ft2,,,,,,09NEW2076_19,,N,,Y,,Solid/Sediment,Freshwater Taxonomy,,SURBER,,,,,,17.5,Number of Individual Organisms,,2/7/2020,,,28,Count,,,,,,,,,,,ID-COUNT-LEVEL2,,09NEW2076_19,,"Rhithron Associates Inc, Missoula MT",,Pericomaini,125391,,Larva,,,,
Warning,Ambient Monitoring,09NEW2076,09NEW2076,Sample,GovLocal,10/7/2019,,,,,8,ft2,,,,,,09NEW2076_19,,N,,Y,,Solid/Sediment,Freshwater Taxonomy,,SURBER,,,,,,17.5,Number of Individual Organisms,,2/7/2020,,,4,Count,,,,,,,,,,,ID-COUNT-LEVEL2,,09NEW2076_19,,"Rhithron Associates Inc, Missoula MT",,Rhyacophila betteni Group,115097,,Larva,,,,
Warning,Ambient Monitoring,09NEW2076,09NEW2076,Sample,GovLocal,10/7/2019,,,,,8,ft2,,,,,,09NEW2076_19,,N,,Y,,Solid/Sediment,Freshwater Taxonomy,,SURBER,,,,,,17.5,Number of Individual Organisms,,2/7/2020,,,1,Count,,,,,,,,,,,ID-COUNT-LEVEL2,,09NEW2076_19,,"Rhithron Associates Inc, Missoula MT",,Rhyacophila brunnea/vemna Group,115097,,Larva,,,,
Warning,Ambient Monitoring,09NEW2076,09NEW2076,Sample,GovLocal,10/7/2019,,,,,8,ft2,,,,,,09NEW2076_19,,N,,Y,,Solid/Sediment,Freshwater Taxonomy,,SURBER,,,,,,17.5,Number of Individual Organisms,,2/7/2020,,,5,Count,,,,,,,,,,,ID-COUNT-LEVEL2,,09NEW2076_19,,"Rhithron Associates Inc, Missoula MT",,Ephemerella excrucians Group,101276,,Larva,,,,
Warning,Ambient Monitoring,09NEW2076,09NEW2076,Sample,GovLocal,10/7/2019,,,,,8,ft2,,,,,,09NEW2076_19,,N,,Y,,Solid/Sediment,Freshwater Taxonomy,,SURBER,,,,,,17.5,Number of Individual Organisms,,2/7/2020,,,20,Count,,,,,,,,,,,ID-COUNT-LEVEL2,,09NEW2076_19,,"Rhithron Associates Inc, Missoula MT",,Baetis tricaudatus complex,100817,,Larva,,,,
Warning,Ambient Monitoring,09NEW2076,09NEW2076,Sample,GovLocal,8/29/2017,,,,,8,ft2,,,,,,09NEW2076_17,,N,,Y,,Solid/Sediment,Freshwater Taxonomy,,SURBER,,,,,,26.67,Number of Individual Organisms,,3/16/2018,,,1,Count,,,,,,,,,,,ID-COUNT-LEVEL2,,09NEW2076_17,,"Rhithron Associates Inc, Missoula MT",,Monatractides,83249,,Adult,,,,
Warning,Ambient Monitoring,09NEW2076,09NEW2076,Sample,GovLocal,8/29/2017,,,,,8,ft2,,,,,,09NEW2076_17,,N,,Y,,Solid/Sediment,Freshwater Taxonomy,,SURBER,,,,,,26.67,Number of Individual Organisms,,3/16/2018,,,1,Count,,,,,,,,,,,ID-COUNT-LEVEL2,,09NEW2076_17,,"Rhithron Associates Inc, Missoula MT",,Tvetenia bavarica Group,129197,,Larva,,,,
Warning,Ambient Monitoring,09NEW2076,09NEW2076,Sample,GovLocal,8/29/2017,,,,,8,ft2,,,,,,09NEW2076_17,,N,,Y,,Solid/Sediment,Freshwater Taxonomy,,SURBER,,,,,,26.67,Number of Individual Organisms,,3/16/2018,,,1,Count,,,,,,,,,,,ID-COUNT-LEVEL2,,09NEW2076_17,,"Rhithron Associates Inc, Missoula MT",,Thienemannimyia Group,128078,,Larva,,,,
Warning,Ambient Monitoring,09NEW2076,09NEW2076,Sample,GovLocal,8/29/2017,,,,,8,ft2,,,,,,09NEW2076_17,,N,,Y,,Solid/Sediment,Freshwater Taxonomy,,SURBER,,,,,,26.67,Number of Individual Organisms,,3/16/2018,,,1,Count,,,,,,,,,,,ID-COUNT-LEVEL2,,09NEW2076_17,,"Rhithron Associates Inc, Missoula MT",,Zapada oregonensis Group,102591,,Larva,,,,
Warning,Ambient Monitoring,09NEW2076,09NEW2076,Sample,GovLocal,8/29/2017,,,,,8,ft2,,,,,,09NEW2076_17,,N,,Y,,Solid/Sediment,Freshwater Taxonomy,,SURBER,,,,,,26.67,Number of Individual Organisms,,3/16/2018,,,1,Count,,,,,,,,,,,ID-COUNT-LEVEL2,,09NEW2076_17,,"Rhithron Associates Inc, Missoula MT",,Rhyacophila betteni Group,115097,,Larva,,,,
Warning,Ambient Monitoring,09NEW2076,09NEW2076,Sample,GovLocal,8/29/2017,,,,,8,ft2,,,,,,09NEW2076_17,,N,,Y,,Solid/Sediment,Freshwater Taxonomy,,SURBER,,,,,,26.67,Number of Individual Organisms,,3/16/2018,,,1,Count,,,,,,,,,,,ID-COUNT-LEVEL2,,09NEW2076_17,,"Rhithron Associates Inc, Missoula MT",,Rhyacophila brunnea/vemna Group,115097,,Larva,,,,
Warning,Ambient Monitoring,09NEW2076,09NEW2076,Sample,GovLocal,8/29/2017,,,,,8,ft2,,,,,,09NEW2076_17,,N,,Y,,Solid/Sediment,Freshwater Taxonomy,,SURBER,,,,,,26.67,Number of Individual Organisms,,3/16/2018,,,45,Count,,,,,,,,,,,ID-COUNT-LEVEL2,,09NEW2076_17,,"Rhithron Associates Inc, Missoula MT",,Baetis tricaudatus complex,100817,,Larva,,,,
Warning,Ambient Monitoring,09NEW2076,09NEW2076,Sample,GovLocal,8/25/2016,,,,,8,ft2,,,,,,09NEW2076_16,,N,,Y,,Solid/Sediment,Freshwater Taxonomy,,SURBER,,,,,,43.33,Number of Individual Organisms,,4/4/2017,,,2,Count,,,,,,,,,,,ID-COUNT-LEVEL2,,09NEW2076_16,,"Rhithron Associates Inc, Missoula MT",,Monatractides,83249,,Adult,,,,
Warning,Ambient Monitoring,09NEW2128,09NEW2128,Sample,GovLocal,9/9/2022,,,,,8,ft2,,,,,,09NEW2128_22,,N,,Y,,Solid/Sediment,Freshwater Taxonomy,,SURBER,,,,,,20,Number of Individual Organisms,,2/1/2023,,,15,Count,,,,,,,,,,,ID-COUNT-LEVEL2,,09NEW2128_22,,"Rhithron Associates Inc, Missoula MT",,Tvetenia bavarica Group,129197,,Larva,,,,
Warning,Ambient Monitoring,09NEW2128,09NEW2128,Sample,GovLocal,9/9/2022,,,,,8,ft2,,,,,,09NEW2128_22,,N,,Y,,Solid/Sediment,Freshwater Taxonomy,,SURBER,,,,,,20,Number of Individual Organisms,,2/1/2023,,,13,Count,,,,,,,,,,,ID-COUNT-LEVEL2,,09NEW2128_22,,"Rhithron Associates Inc, Missoula MT",,Pericomaini,125391,,Larva,,,,
Warning,Ambient Monitoring,09NEW2128,09NEW2128,Sample,GovLocal,9/9/2022,,,,,8,ft2,,,,,,09NEW2128_22,,N,,Y,,Solid/Sediment,Freshwater Taxonomy,,SURBER,,,,,,20,Number of Individual Organisms,,2/1/2023,,,3,Count,,,,,,,,,,,ID-COUNT-LEVEL2,,09NEW2128_22,,"Rhithron Associates Inc, Missoula MT",,Zapada oregonensis Group,102591,,Larva,,,,
Warning,Ambient Monitoring,09NEW2128,09NEW2128,Sample,GovLocal,9/9/2022,,,,,8,ft2,,,,,,09NEW2128_22,,N,,Y,,Solid/Sediment,Freshwater Taxonomy,,SURBER,,,,,,20,Number of Individual Organisms,,2/1/2023,,,10,Count,,,,,,,,,,,ID-COUNT-LEVEL2,,09NEW2128_22,,"Rhithron Associates Inc, Missoula MT",,Rhyacophila brunnea/vemna Group,115097,,Larva,,,,
Warning,Ambient Monitoring,09NEW2128,09NEW2128,Sample,GovLocal,9/9/2022,,,,,8,ft2,,,,,,09NEW2128_22,,N,,Y,,Solid/Sediment,Freshwater Taxonomy,,SURBER,,,,,,20,Number of Individual Organisms,,2/1/2023,,,39,Count,,,,,,,,,,,ID-COUNT-LEVEL2,,09NEW2128_22,,"Rhithron Associates Inc, Missoula MT",,Baetis tricaudatus complex,100817,,Larva,,,,
Warning,Ambient Monitoring,09NEW2128,09NEW2128,Sample,GovLocal,7/28/2021,,,,,8,ft2,,,,,,09NEW2128_21,,N,,Y,,Solid/Sediment,Freshwater Taxonomy,,SURBER,,,,,,76.67,Number of Individual Organisms,,10/20/2021,,,1,Count,,,,,,,,,,,ID-COUNT-LEVEL2,,09NEW2128_21,,"Rhithron Associates Inc, Missoula MT",,Monatractides,83249,,Adult,,,,
Warning,Ambient Monitoring,09NEW2128,09NEW2128,Sample,GovLocal,7/28/2021,,,,,8,ft2,,,,,,09NEW2128_21,,N,,Y,,Solid/Sediment,Freshwater Taxonomy,,SURBER,,,,,,76.67,Number of Individual Organisms,,10/20/2021,,,9,Count,,,,,,,,,,,ID-COUNT-LEVEL2,,09NEW2128_21,,"Rhithron Associates Inc, Missoula MT",,Thienemannimyia Group,128078,,Larva,,,,
Warning,Ambient Monitoring,09NEW2128,09NEW2128,Sample,GovLocal,7/28/2021,,,,,8,ft2,,,,,,09NEW2128_21,,N,,Y,,Solid/Sediment,Freshwater Taxonomy,,SURBER,,,,,,76.67,Number of Individual Organisms,,10/20/2021,,,5,Count,,,,,,,,,,,ID-COUNT-LEVEL2,,09NEW2128_21,,"Rhithron Associates Inc, Missoula MT",,Pericomaini,125391,,Larva,,,,
Warning,Ambient Monitoring,09NEW2128,09NEW2128,Sample,GovLocal,7/28/2021,,,,,8,ft2,,,,,,09NEW2128_21,,N,,Y,,Solid/Sediment,Freshwater Taxonomy,,SURBER,,,,,,76.67,Number of Individual Organisms,,10/20/2021,,,2,Count,,,,,,,,,,,ID-COUNT-LEVEL2,,09NEW2128_21,,"Rhithron Associates Inc, Missoula MT",,Rhyacophila betteni Group,115097,,Larva,,,,
Warning,Ambient Monitoring,09NEW2128,09NEW2128,Sample,GovLocal,7/28/2021,,,,,8,ft2,,,,,,09NEW2128_21,,N,,Y,,Solid/Sediment,Freshwater Taxonomy,,SURBER,,,,,,76.67,Number of Individual Organisms,,10/20/2021,,,1,Count,,,,,,,,,,,ID-COUNT-LEVEL2,,09NEW2128_21,,"Rhithron Associates Inc, Missoula MT",,Rhyacophila brunnea/vemna Group,115097,,Larva,,,,
Warning,Ambient Monitoring,09NEW2128,09NEW2128,Sample,GovLocal,7/28/2021,,,,,8,ft2,,,,,,09NEW2128_21,,N,,Y,,Solid/Sediment,Freshwater Taxonomy,,SURBER,,,,,,76.67,Number of Individual Organisms,,10/20/2021,,,50,Count,,,,,,,,,,,ID-COUNT-LEVEL2,,09NEW2128_21,,"Rhithron Associates Inc, Missoula MT",,Baetis tricaudatus complex,100817,,Larva,,,,
Warning,Ambient Monitoring,09NEW2128,09NEW2128,Sample,GovLocal,7/26/2017,,,,,8,ft2,,,,,,09NEW2128_17,,N,,Y,,Solid/Sediment,Freshwater Taxonomy,,SURBER,,,,,,20,Number of Individual Organisms,,3/16/2018,,,6,Count,,,,,,,,,,,ID-COUNT-LEVEL2,,09NEW2128_17,,"Rhithron Associates Inc, Missoula MT",,Tvetenia bavarica Group,129197,,Larva,,,,
Warning,Ambient Monitoring,09NEW2128,09NEW2128,Sample,GovLocal,7/26/2017,,,,,8,ft2,,,,,,09NEW2128_17,,N,,Y,,Solid/Sediment,Freshwater Taxonomy,,SURBER,,,,,,20,Number of Individual Organisms,,3/16/2018,,,4,Count,,,,,,,,,,,ID-COUNT-LEVEL2,,09NEW2128_17,,"Rhithron Associates Inc, Missoula MT",,Rhyacophila angelita Group,115097,,Larva,,,,
Warning,Ambient Monitoring,09NEW2128,09NEW2128,Sample,GovLocal,7/26/2017,,,,,8,ft2,,,,,,09NEW2128_17,,N,,Y,,Solid/Sediment,Freshwater Taxonomy,,SURBER,,,,,,20,Number of Individual Organisms,,3/16/2018,,,1,Count,,,,,,,,,,,ID-COUNT-LEVEL2,,09NEW2128_17,,"Rhithron Associates Inc, Missoula MT",,Rhyacophila betteni Group,115097,,Larva,,,,
Warning,Ambient Monitoring,09NEW2128,09NEW2128,Sample,GovLocal,7/26/2017,,,,,8,ft2,,,,,,09NEW2128_17,,N,,Y,,Solid/Sediment,Freshwater Taxonomy,,SURBER,,,,,,20,Number of Individual Organisms,,3/16/2018,,,4,Count,,,,,,,,,,,ID-COUNT-LEVEL2,,09NEW2128_17,,"Rhithron Associates Inc, Missoula MT",,Rhyacophila brunnea/vemna Group,115097,,Larva,,,,
Warning,Ambient Monitoring,09NEW2128,09NEW2128,Sample,GovLocal,7/26/2017,,,,,8,ft2,,,,,,09NEW2128_17,,N,,Y,,Solid/Sediment,Freshwater Taxonomy,,SURBER,,,,,,20,Number of Individual Organisms,,3/16/2018,,,93,Count,,,,,,,,,,,ID-COUNT-LEVEL2,,09NEW2128_17,,"Rhithron Associates Inc, Missoula MT",,Baetis tricaudatus complex,100817,,Larva,,,,
Warning,Ambient Monitoring,09NEW2128,09NEW2128,Sample,GovLocal,9/8/2016,,,,,8,ft2,,,,,,09NEW2128_16,,N,,Y,,Solid/Sediment,Freshwater Taxonomy,,SURBER,,,,,,26.67,Number of Individual Organisms,,4/4/2017,,,1,Count,,,,,,,,,,,ID-COUNT-LEVEL2,,09NEW2128_16,,"Rhithron Associates Inc, Missoula MT",,Empididae Genus B,0,,Larva,,,,
Warning,Ambient Monitoring,09NEW2128,09NEW2128,Sample,GovLocal,9/8/2016,,,,,8,ft2,,,,,,09NEW2128_16,,N,,Y,,Solid/Sediment,Freshwater Taxonomy,,SURBER,,,,,,26.67,Number of Individual Organisms,,4/4/2017,,,1,Count,,,,,,,,,,,ID-COUNT-LEVEL2,,09NEW2128_16,,"Rhithron Associates Inc, Missoula MT",,Tvetenia bavarica Group,129197,,Larva,,,,
Warning,Ambient Monitoring,09NEW2128,09NEW2128,Sample,GovLocal,9/8/2016,,,,,8,ft2,,,,,,09NEW2128_16,,N,,Y,,Solid/Sediment,Freshwater Taxonomy,,SURBER,,,,,,26.67,Number of Individual Organisms,,4/4/2017,,,3,Count,,,,,,,,,,,ID-COUNT-LEVEL2,,09NEW2128_16,,"Rhithron Associates Inc, Missoula MT",,Thienemannimyia Group,128078,,Larva,,,,
Warning,Ambient Monitoring,09NEW2128,09NEW2128,Sample,GovLocal,9/8/2016,,,,,8,ft2,,,,,,09NEW2128_16,,N,,Y,,Solid/Sediment,Freshwater Taxonomy,,SURBER,,,,,,26.67,Number of Individual Organisms,,4/4/2017,,,3,Count,,,,,,,,,,,ID-COUNT-LEVEL2,,09NEW2128_16,,"Rhithron Associates Inc, Missoula MT",,Zapada oregonensis Group,102591,,Larva,,,,
Warning,Ambient Monitoring,09NEW2128,09NEW2128,Sample,GovLocal,9/8/2016,,,,,8,ft2,,,,,,09NEW2128_16,,N,,Y,,Solid/Sediment,Freshwater Taxonomy,,SURBER,,,,,,26.67,Number of Individual Organisms,,4/4/2017,,,1,Count,,,,,,,,,,,ID-COUNT-LEVEL2,,09NEW2128_16,,"Rhithron Associates Inc, Missoula MT",,Rhyacophila betteni Group,115097,,Larva,,,,
Warning,Ambient Monitoring,09NEW2128,09NEW2128,Sample,GovLocal,9/8/2016,,,,,8,ft2,,,,,,09NEW2128_16,,N,,Y,,Solid/Sediment,Freshwater Taxonomy,,SURBER,,,,,,26.67,Number of Individual Organisms,,4/4/2017,,,8,Count,,,,,,,,,,,ID-COUNT-LEVEL2,,09NEW2128_16,,"Rhithron Associates Inc, Missoula MT",,Rhyacophila brunnea/vemna Group,115097,,Larva,,,,
Warning,Ambient Monitoring,09NEW2128,09NEW2128,Sample,GovLocal,9/8/2016,,,,,8,ft2,,,,,,09NEW2128_16,,N,,Y,,Solid/Sediment,Freshwater Taxonomy,,SURBER,,,,,,26.67,Number of Individual Organisms,,4/4/2017,,,37,Count,,,,,,,,,,,ID-COUNT-LEVEL2,,09NEW2128_16,,"Rhithron Associates Inc, Missoula MT",,Baetis tricaudatus complex,100817,,Larva,,,,
Warning,Ambient Monitoring,09NEW2128,09NEW2128,Sample,GovLocal,8/31/2015,,,,,8,ft2,,,,,,09NEW2128_15,,N,,Y,,Solid/Sediment,Freshwater Taxonomy,,SURBER,,,,,,23.33,Number of Individual Organisms,,4/22/2016,,,2,Count,,,,,,,,,,,ID-COUNT-LEVEL2,,09NEW2128_15,,"Rhithron Associates Inc, Missoula MT",,Monatractides,83249,,Adult,,,,
Warning,Ambient Monitoring,09SOO0943,09SOO0943,Sample,GovLocal,7/27/2022,,,,,8,ft2,,,,,,09SOO0943_22,,N,,Y,,Solid/Sediment,Freshwater Taxonomy,,SURBER,,,,,,100,Number of Individual Organisms,,1/26/2023,,,10,Count,,,,,,,,,,,ID-COUNT-LEVEL2,,09SOO0943_22,,"Rhithron Associates Inc, Missoula MT",,Orthocladiinae Genus 5 (Coffman and Ferrington),128457,,Larva,,,,
Warning,Ambient Monitoring,09SOO0943,09SOO0943,Sample,GovLocal,7/27/2022,,,,,8,ft2,,,,,,09SOO0943_22,,N,,Y,,Solid/Sediment,Freshwater Taxonomy,,SURBER,,,,,,100,Number of Individual Organisms,,1/26/2023,,,1,Count,,,,,,,,,,,ID-COUNT-LEVEL2,,09SOO0943_22,,"Rhithron Associates Inc, Missoula MT",,Orthocladiinae Genus 5 (Coffman and Ferrington),128457,,Pupa,,,,
Warning,Ambient Monitoring,09SOO0943,09SOO0943,Sample,GovLocal,7/27/2022,,,,,8,ft2,,,,,,09SOO0943_22,,N,,Y,,Solid/Sediment,Freshwater Taxonomy,,SURBER,,,,,,100,Number of Individual Organisms,,1/26/2023,,,2,Count,,,,,,,,,,,ID-COUNT-LEVEL2,,09SOO0943_22,,"Rhithron Associates Inc, Missoula MT",,Tvetenia bavarica Group,129197,,Larva,,,,
Warning,Ambient Monitoring,09SOO0943,09SOO0943,Sample,GovLocal,7/27/2022,,,,,8,ft2,,,,,,09SOO0943_22,,N,,Y,,Solid/Sediment,Freshwater Taxonomy,,SURBER,,,,,,100,Number of Individual Organisms,,1/26/2023,,,1,Count,,,,,,,,,,,ID-COUNT-LEVEL2,,09SOO0943_22,,"Rhithron Associates Inc, Missoula MT",,Thienemannimyia Group,128078,,Larva,,,,
Warning,Ambient Monitoring,09SOO0943,09SOO0943,Sample,GovLocal,7/27/2022,,,,,8,ft2,,,,,,09SOO0943_22,,N,,Y,,Solid/Sediment,Freshwater Taxonomy,,SURBER,,,,,,100,Number of Individual Organisms,,1/26/2023,,,2,Count,,,,,,,,,,,ID-COUNT-LEVEL2,,09SOO0943_22,,"Rhithron Associates Inc, Missoula MT",,Eloeophila,120030,,Larva,,,,
Warning,Ambient Monitoring,09SOO0943,09SOO0943,Sample,GovLocal,7/27/2022,,,,,8,ft2,,,,,,09SOO0943_22,,N,,Y,,Solid/Sediment,Freshwater Taxonomy,,SURBER,,,,,,100,Number of Individual Organisms,,1/26/2023,,,1,Count,,,,,,,,,,,ID-COUNT-LEVEL2,,09SOO0943_22,,"Rhithron Associates Inc, Missoula MT",,Rhyacophila brunnea/vemna Group,115097,,Larva,,,,
Warning,Ambient Monitoring,09SOO0943,09SOO0943,Sample,GovLocal,7/27/2022,,,,,8,ft2,,,,,,09SOO0943_22,,N,,Y,,Solid/Sediment,Freshwater Taxonomy,,SURBER,,,,,,100,Number of Individual Organisms,,1/26/2023,,,41,Count,,,,,,,,,,,ID-COUNT-LEVEL2,,09SOO0943_22,,"Rhithron Associates Inc, Missoula MT",,Baetis tricaudatus complex,100817,,Larva,,,,
Warning,Ambient Monitoring,09SOO0943,09SOO0943,Sample,GovLocal,8/12/2021,,,,,8,ft2,,,,,,09SOO0943_21,,N,,Y,,Solid/Sediment,Freshwater Taxonomy,,SURBER,,,,,,23.33,Number of Individual Organisms,,10/20/2021,,,1,Count,,,,,,,,,,,ID-COUNT-LEVEL2,,09SOO0943_21,,"Rhithron Associates Inc, Missoula MT",,Monatractides,83249,,Adult,,,,
Warning,Ambient Monitoring,09SOO0943,09SOO0943,Sample,GovLocal,8/12/2021,,,,,8,ft2,,,,,,09SOO0943_21,,N,,Y,,Solid/Sediment,Freshwater Taxonomy,,SURBER,,,,,,23.33,Number of Individual Organisms,,10/20/2021,,,2,Count,,,,,,,,,,,ID-COUNT-LEVEL2,,09SOO0943_21,,"Rhithron Associates Inc, Missoula MT",,Thienemannimyia Group,128078,,Larva,,,,
Warning,Ambient Monitoring,09SOO0943,09SOO0943,Sample,GovLocal,8/12/2021,,,,,8,ft2,,,,,,09SOO0943_21,,N,,Y,,Solid/Sediment,Freshwater Taxonomy,,SURBER,,,,,,23.33,Number of Individual Organisms,,10/20/2021,,,1,Count,,,,,,,,,,,ID-COUNT-LEVEL2,,09SOO0943_21,,"Rhithron Associates Inc, Missoula MT",,Psychodini,125391,,Larva,,,,
Warning,Ambient Monitoring,09SOO0943,09SOO0943,Sample,GovLocal,8/12/2021,,,,,8,ft2,,,,,,09SOO0943_21,,N,,Y,,Solid/Sediment,Freshwater Taxonomy,,SURBER,,,,,,23.33,Number of Individual Organisms,,10/20/2021,,,9,Count,,,,,,,,,,,ID-COUNT-LEVEL2,,09SOO0943_21,,"Rhithron Associates Inc, Missoula MT",,Suwalliini,609854,,Larva,,,,
Warning,Ambient Monitoring,09SOO0943,09SOO0943,Sample,GovLocal,8/12/2021,,,,,8,ft2,,,,,,09SOO0943_21,,N,,Y,,Solid/Sediment,Freshwater Taxonomy,,SURBER,,,,,,23.33,Number of Individual Organisms,,10/20/2021,,,93,Count,,,,,,,,,,,ID-COUNT-LEVEL2,,09SOO0943_21,,"Rhithron Associates Inc, Missoula MT",,Baetis tricaudatus complex,100817,,Larva,,,,
Warning,Ambient Monitoring,09SOO0943,09SOO0943,Sample,GovLocal,8/12/2021,,,,,8,ft2,,,,,,09SOO0943_21,,N,,Y,,Solid/Sediment,Freshwater Taxonomy,,SURBER,,,,,,23.33,Number of Individual Organisms,,10/20/2021,,,1,Count,,,,,,,,,,,ID-COUNT-LEVEL2,,09SOO0943_21,,"Rhithron Associates Inc, Missoula MT",,Afghanurus criddlei,100504,,Larva,,,,
Warning,Ambient Monitoring,09SOO0943,09SOO0943,Sample,GovLocal,9/25/2018,,,,,8,ft2,,,,,,09SOO0943_18,,N,,Y,,Solid/Sediment,Freshwater Taxonomy,,SURBER,,,,,,16.67,Number of Individual Organisms,,11/19/2018,,,1,Count,,,,,,,,,,,ID-COUNT-LEVEL2,,09SOO0943_18,,"Rhithron Associates Inc, Missoula MT",,Tvetenia bavarica Group,129197,,Larva,,,,
Warning,Ambient Monitoring,09SOO0943,09SOO0943,Sample,GovLocal,8/10/2015,,,,,8,ft2,,,,,,09SOO0943_15,,N,,Y,,Solid/Sediment,Freshwater Taxonomy,,SURBER,,,,,,10,Number of Individual Organisms,,4/22/2016,,,129,Count,,,,,,,,,,,ID-COUNT-LEVEL2,,09SOO0943_15,,"Rhithron Associates Inc, Missoula MT",,Baetis tricaudatus complex,100817,,Larva,,,,
Warning,Ambient Monitoring,09SOO0943,09SOO0943,Sample,GovLocal,8/10/2015,,,,,8,ft2,,,,,,09SOO0943_15,,N,,Y,,Solid/Sediment,Freshwater Taxonomy,,SURBER,,,,,,10,Number of Individual Organisms,,4/22/2016,,,4,Count,,,,,,,,,,,ID-COUNT-LEVEL2,,09SOO0943_15,,"Rhithron Associates Inc, Missoula MT",,Truncatelloidea,69459,,unknown,,,,
Warning,Ambient Monitoring,09SOO1209,09SOO1209,Sample,GovLocal,9/19/2024,,,,,8,ft2,,,,,,09SOO1209_24,,N,,Y,,Solid/Sediment,Freshwater Taxonomy,,SURBER,,,,,,40,Number of Individual Organisms,,5/13/2025,,,1,Count,,,,,,,,,,,ID-COUNT-LEVEL2,,09SOO1209_24,,"Rhithron Associates Inc, Missoula MT",,Tvetenia bavarica Group,129197,,Larva,,,,
Warning,Ambient Monitoring,09SOO1209,09SOO1209,Sample,GovLocal,9/19/2024,,,,,8,ft2,,,,,,09SOO1209_24,,N,,Y,,Solid/Sediment,Freshwater Taxonomy,,SURBER,,,,,,40,Number of Individual Organisms,,5/13/2025,,,1,Count,,,,,,,,,,,ID-COUNT-LEVEL2,,09SOO1209_24,,"Rhithron Associates Inc, Missoula MT",,Thienemannimyia Group,128078,,Larva,,,,
Warning,Ambient Monitoring,09SOO1209,09SOO1209,Sample,GovLocal,9/19/2024,,,,,8,ft2,,,,,,09SOO1209_24,,N,,Y,,Solid/Sediment,Freshwater Taxonomy,,SURBER,,,,,,40,Number of Individual Organisms,,5/13/2025,,,1,Count,,,,,,,,,,,ID-COUNT-LEVEL2,,09SOO1209_24,,"Rhithron Associates Inc, Missoula MT",,Kogotus/Rickera,609866,,Larva,,,,
Warning,Ambient Monitoring,09SOO1209,09SOO1209,Sample,GovLocal,9/19/2024,,,,,8,ft2,,,,,,09SOO1209_24,,N,,Y,,Solid/Sediment,Freshwater Taxonomy,,SURBER,,,,,,40,Number of Individual Organisms,,5/13/2025,,,19,Count,,,,,,,,,,,ID-COUNT-LEVEL2,,09SOO1209_24,,"Rhithron Associates Inc, Missoula MT",,Baetis tricaudatus complex,100817,,Larva,,,,
Warning,Ambient Monitoring,09SOO1209,09SOO1209,Sample,GovLocal,9/19/2023,,,,,8,ft2,,,,,,09SOO1209_23,,N,,Y,,Solid/Sediment,Freshwater Taxonomy,,SURBER,,,,,,36.67,Number of Individual Organisms,,4/1/2024,,,2,Count,,,,,,,,,,,ID-COUNT-LEVEL2,,09SOO1209_23,,"Rhithron Associates Inc, Missoula MT",,Thienemannimyia Group,128078,,Larva,,,,
Warning,Ambient Monitoring,09SOO1209,09SOO1209,Sample,GovLocal,9/19/2023,,,,,8,ft2,,,,,,09SOO1209_23,,N,,Y,,Solid/Sediment,Freshwater Taxonomy,,SURBER,,,,,,36.67,Number of Individual Organisms,,4/1/2024,,,1,Count,,,,,,,,,,,ID-COUNT-LEVEL2,,09SOO1209_23,,"Rhithron Associates Inc, Missoula MT",,Rhyacophila betteni Group,115097,,Larva,,,,
Warning,Ambient Monitoring,09SOO1209,09SOO1209,Sample,GovLocal,9/19/2023,,,,,8,ft2,,,,,,09SOO1209_23,,N,,Y,,Solid/Sediment,Freshwater Taxonomy,,SURBER,,,,,,36.67,Number of Individual Organisms,,4/1/2024,,,1,Count,,,,,,,,,,,ID-COUNT-LEVEL2,,09SOO1209_23,,"Rhithron Associates Inc, Missoula MT",,Rhyacophila brunnea/vemna Group,115097,,Larva,,,,
Warning,Ambient Monitoring,09SOO1209,09SOO1209,Sample,GovLocal,9/19/2023,,,,,8,ft2,,,,,,09SOO1209_23,,N,,Y,,Solid/Sediment,Freshwater Taxonomy,,SURBER,,,,,,36.67,Number of Individual Organisms,,4/1/2024,,,5,Count,,,,,,,,,,,ID-COUNT-LEVEL2,,09SOO1209_23,,"Rhithron Associates Inc, Missoula MT",,Baetis tricaudatus complex,100817,,Larva,,,,
Warning,Ambient Monitoring,09SOO1209,09SOO1209,Sample,GovLocal,9/20/2022,,,,,8,ft2,,,,,,09SOO1209_22,,N,,Y,,Solid/Sediment,Freshwater Taxonomy,,SURBER,,,,,,40,Number of Individual Organisms,,5/19/2023,,,7,Count,,,,,,,,,,,ID-COUNT-LEVEL2,,09SOO1209_22,,"Rhithron Associates Inc, Missoula MT",,Chamaedrilus,68510,,unknown,,,,
Warning,Ambient Monitoring,09SOO1209,09SOO1209,Sample,GovLocal,8/1/2017,,,,,8,ft2,,,,,,09SOO1209_17,,N,,Y,,Solid/Sediment,Freshwater Taxonomy,,SURBER,,,,,,53.33,Number of Individual Organisms,,3/16/2018,,,5,Count,,,,,,,,,,,ID-COUNT-LEVEL2,,09SOO1209_17,,"Rhithron Associates Inc, Missoula MT",,Rhyacophila betteni Group,115097,,Larva,,,,
Warning,Ambient Monitoring,09SOO1209,09SOO1209,Sample,GovLocal,8/1/2017,,,,,8,ft2,,,,,,09SOO1209_17,,N,,Y,,Solid/Sediment,Freshwater Taxonomy,,SURBER,,,,,,53.33,Number of Individual Organisms,,3/16/2018,,,1,Count,,,,,,,,,,,ID-COUNT-LEVEL2,,09SOO1209_17,,"Rhithron Associates Inc, Missoula MT",,Rhyacophila brunnea/vemna Group,115097,,Larva,,,,
Warning,Ambient Monitoring,09SOO1209,09SOO1209,Sample,GovLocal,8/1/2017,,,,,8,ft2,,,,,,09SOO1209_17,,N,,Y,,Solid/Sediment,Freshwater Taxonomy,,SURBER,,,,,,53.33,Number of Individual Organisms,,3/16/2018,,,5,Count,,,,,,,,,,,ID-COUNT-LEVEL2,,09SOO1209_17,,"Rhithron Associates Inc, Missoula MT",,Baetis tricaudatus complex,100817,,Larva,,,,
Warning,Ambient Monitoring,09SOO1209,09SOO1209,Sample,GovLocal,8/31/2016,,,,,8,ft2,,,,,,09SOO1209_16,,N,,Y,,Solid/Sediment,Freshwater Taxonomy,,SURBER,,,,,,43.33,Number of Individual Organisms,,4/4/2017,,,1,Count,,,,,,,,,,,ID-COUNT-LEVEL2,,09SOO1209_16,,"Rhithron Associates Inc, Missoula MT",,Rhyacophila betteni Group,115097,,Larva,,,,
Warning,Ambient Monitoring,09SOO1209,09SOO1209,Sample,GovLocal,8/31/2016,,,,,8,ft2,,,,,,09SOO1209_16,,N,,Y,,Solid/Sediment,Freshwater Taxonomy,,SURBER,,,,,,43.33,Number of Individual Organisms,,4/4/2017,,,2,Count,,,,,,,,,,,ID-COUNT-LEVEL2,,09SOO1209_16,,"Rhithron Associates Inc, Missoula MT",,Rhyacophila brunnea/vemna Group,115097,,Larva,,,,
Warning,Ambient Monitoring,09SOO1209,09SOO1209,Sample,GovLocal,8/31/2016,,,,,8,ft2,,,,,,09SOO1209_16,,N,,Y,,Solid/Sediment,Freshwater Taxonomy,,SURBER,,,,,,43.33,Number of Individual Organisms,,4/4/2017,,,28,Count,,,,,,,,,,,ID-COUNT-LEVEL2,,09SOO1209_16,,"Rhithron Associates Inc, Missoula MT",,Baetis tricaudatus complex,100817,,Larva,,,,
Warning,Ambient Monitoring,09SOO1209,09SOO1209,Sample,GovLocal,8/4/2015,,,,,8,ft2,,,,,,09SOO1209_15,,N,,Y,,Solid/Sediment,Freshwater Taxonomy,,SURBER,,,,,,46.67,Number of Individual Organisms,,4/22/2016,,,9,Count,,,,,,,,,,,ID-COUNT-LEVEL2,,09SOO1209_15,,"Rhithron Associates Inc, Missoula MT",,Baetis tricaudatus complex,100817,,Larva,,,,
Warning,Ambient Monitoring,09SOO1283,09SOO1283,Sample,GovLocal,10/6/2020,,,,,8,ft2,,,,,,09SOO1283_20,,N,,Y,,Solid/Sediment,Freshwater Taxonomy,,SURBER,,,,,,40,Number of Individual Organisms,,4/30/2021,,,1,Count,,,,,,,,,,,ID-COUNT-LEVEL2,,09SOO1283_20,,"Rhithron Associates Inc, Missoula MT",,Thremmatidae,598162,,Pupa,,,,
Warning,Ambient Monitoring,09SOO1283,09SOO1283,Sample,GovLocal,10/6/2020,,,,,8,ft2,,,,,,09SOO1283_20,,N,,Y,,Solid/Sediment,Freshwater Taxonomy,,SURBER,,,,,,40,Number of Individual Organisms,,4/30/2021,,,3,Count,,,,,,,,,,,ID-COUNT-LEVEL2,,09SOO1283_20,,"Rhithron Associates Inc, Missoula MT",,Rhyacophila brunnea/vemna Group,115097,,Larva,,,,
Warning,Ambient Monitoring,09SOO1283,09SOO1283,Sample,GovLocal,10/6/2020,,,,,8,ft2,,,,,,09SOO1283_20,,N,,Y,,Solid/Sediment,Freshwater Taxonomy,,SURBER,,,,,,40,Number of Individual Organisms,,4/30/2021,,,12,Count,,,,,,,,,,,ID-COUNT-LEVEL2,,09SOO1283_20,,"Rhithron Associates Inc, Missoula MT",,Baetis tricaudatus complex,100817,,Larva,,,,
Warning,Ambient Monitoring,09SOO1283,09SOO1283,Sample,GovLocal,9/19/2019,,,,,8,ft2,,,,,,09SOO1283_19,,N,,Y,,Solid/Sediment,Freshwater Taxonomy,,SURBER,,,,,,36.67,Number of Individual Organisms,,2/7/2020,,,1,Count,,,,,,,,,,,ID-COUNT-LEVEL2,,09SOO1283_19,,"Rhithron Associates Inc, Missoula MT",,Chamaedrilus,68510,,unknown,,,,
Warning,Ambient Monitoring,09SOO1283,09SOO1283,Sample,GovLocal,9/19/2019,,,,,8,ft2,,,,,,09SOO1283_19,,N,,Y,,Solid/Sediment,Freshwater Taxonomy,,SURBER,,,,,,36.67,Number of Individual Organisms,,2/7/2020,,,1,Count,,,,,,,,,,,ID-COUNT-LEVEL2,,09SOO1283_19,,"Rhithron Associates Inc, Missoula MT",,Rhyacophila brunnea/vemna Group,115097,,Larva,,,,
Warning,Ambient Monitoring,09SOO1283,09SOO1283,Sample,GovLocal,8/21/2018,,,,,8,ft2,,,,,,09SOO1283_18,,N,,Y,,Solid/Sediment,Freshwater Taxonomy,,SURBER,,,,,,40,Number of Individual Organisms,,1/3/2019,,,6,Count,,,,,,,,,,,ID-COUNT-LEVEL2,,09SOO1283_18,,"Rhithron Associates Inc, Missoula MT",,Chamaedrilus,68510,,unknown,,,,
Warning,Ambient Monitoring,09SOO1283,09SOO1283,Sample,GovLocal,8/21/2018,,,,,8,ft2,,,,,,09SOO1283_18,,N,,Y,,Solid/Sediment,Freshwater Taxonomy,,SURBER,,,,,,40,Number of Individual Organisms,,1/3/2019,,,2,Count,,,,,,,,,,,ID-COUNT-LEVEL2,,09SOO1283_18,,"Rhithron Associates Inc, Missoula MT",,Rhyacophila betteni Group,115097,,Larva,,,,
Warning,Ambient Monitoring,09SOO1283,09SOO1283,Sample,GovLocal,8/21/2018,,,,,8,ft2,,,,,,09SOO1283_18,,N,,Y,,Solid/Sediment,Freshwater Taxonomy,,SURBER,,,,,,40,Number of Individual Organisms,,1/3/2019,,,3,Count,,,,,,,,,,,ID-COUNT-LEVEL2,,09SOO1283_18,,"Rhithron Associates Inc, Missoula MT",,Baetis tricaudatus complex,100817,,Larva,,,,
Warning,Ambient Monitoring,09SOO1130,09SOO1130,Sample,GovLocal,10/5/2023,,,,,8,ft2,,,,,,09SOO1130_23,,N,,Y,,Solid/Sediment,Freshwater Taxonomy,,SURBER,,,,,,10,Number of Individual Organisms,,4/18/2024,,,1,Count,,,,,,,,,,,ID-COUNT-LEVEL2,,09SOO1130_23,,"Rhithron Associates Inc, Missoula MT",,Tvetenia bavarica Group,129197,,Larva,,,,
Warning,Ambient Monitoring,09SOO1130,09SOO1130,Sample,GovLocal,10/5/2023,,,,,8,ft2,,,,,,09SOO1130_23,,N,,Y,,Solid/Sediment,Freshwater Taxonomy,,SURBER,,,,,,10,Number of Individual Organisms,,4/18/2024,,,6,Count,,,,,,,,,,,ID-COUNT-LEVEL2,,09SOO1130_23,,"Rhithron Associates Inc, Missoula MT",,Pericomaini,125391,,Larva,,,,
Warning,Ambient Monitoring,09SOO1130,09SOO1130,Sample,GovLocal,10/5/2023,,,,,8,ft2,,,,,,09SOO1130_23,,N,,Y,,Solid/Sediment,Freshwater Taxonomy,,SURBER,,,,,,10,Number of Individual Organisms,,4/18/2024,,,3,Count,,,,,,,,,,,ID-COUNT-LEVEL2,,09SOO1130_23,,"Rhithron Associates Inc, Missoula MT",,Rhyacophila betteni Group,115097,,Larva,,,,
Warning,Ambient Monitoring,09SOO1130,09SOO1130,Sample,GovLocal,10/5/2023,,,,,8,ft2,,,,,,09SOO1130_23,,N,,Y,,Solid/Sediment,Freshwater Taxonomy,,SURBER,,,,,,10,Number of Individual Organisms,,4/18/2024,,,34,Count,,,,,,,,,,,ID-COUNT-LEVEL2,,09SOO1130_23,,"Rhithron Associates Inc, Missoula MT",,Baetis tricaudatus complex,100817,,Larva,,,,
Warning,Ambient Monitoring,09SOO1130,09SOO1130,Sample,GovLocal,10/5/2023,,,,,8,ft2,,,,,,09SOO1130_23_R,,Y,,Y,,Solid/Sediment,Freshwater Taxonomy,,SURBER,,,,,,30,Number of Individual Organisms,,4/18/2024,,,1,Count,,,,,,,,,,,ID-COUNT-LEVEL2,,09SOO1130_23_R,,"Rhithron Associates Inc, Missoula MT",,Tvetenia bavarica Group,129197,,Larva,,,,
Warning,Ambient Monitoring,09SOO1130,09SOO1130,Sample,GovLocal,10/5/2023,,,,,8,ft2,,,,,,09SOO1130_23_R,,Y,,Y,,Solid/Sediment,Freshwater Taxonomy,,SURBER,,,,,,30,Number of Individual Organisms,,4/18/2024,,,7,Count,,,,,,,,,,,ID-COUNT-LEVEL2,,09SOO1130_23_R,,"Rhithron Associates Inc, Missoula MT",,Pericomaini,125391,,Larva,,,,
Warning,Ambient Monitoring,09SOO1130,09SOO1130,Sample,GovLocal,10/5/2023,,,,,8,ft2,,,,,,09SOO1130_23_R,,Y,,Y,,Solid/Sediment,Freshwater Taxonomy,,SURBER,,,,,,30,Number of Individual Organisms,,4/18/2024,,,9,Count,,,,,,,,,,,ID-COUNT-LEVEL2,,09SOO1130_23_R,,"Rhithron Associates Inc, Missoula MT",,Rhyacophila brunnea/vemna Group,115097,,Larva,,,,
Warning,Ambient Monitoring,09SOO1130,09SOO1130,Sample,GovLocal,10/5/2023,,,,,8,ft2,,,,,,09SOO1130_23_R,,Y,,Y,,Solid/Sediment,Freshwater Taxonomy,,SURBER,,,,,,30,Number of Individual Organisms,,4/18/2024,,,22,Count,,,,,,,,,,,ID-COUNT-LEVEL2,,09SOO1130_23_R,,"Rhithron Associates Inc, Missoula MT",,Baetis tricaudatus complex,100817,,Larva,,,,
Warning,Ambient Monitoring,09SOO1130,09SOO1130,Sample,GovLocal,9/22/2022,,,,,8,ft2,,,,,,09SOO1130_22,,N,,Y,,Solid/Sediment,Freshwater Taxonomy,,SURBER,,,,,,16.67,Number of Individual Organisms,,1/26/2023,,,1,Count,,,,,,,,,,,ID-COUNT-LEVEL2,,09SOO1130_22,,"Rhithron Associates Inc, Missoula MT",,Chamaedrilus,68510,,unknown,,,,
Warning,Ambient Monitoring,09SOO1130,09SOO1130,Sample,GovLocal,9/22/2022,,,,,8,ft2,,,,,,09SOO1130_22,,N,,Y,,Solid/Sediment,Freshwater Taxonomy,,SURBER,,,,,,16.67,Number of Individual Organisms,,1/26/2023,,,3,Count,,,,,,,,,,,ID-COUNT-LEVEL2,,09SOO1130_22,,"Rhithron Associates Inc, Missoula MT",,Pericomaini,125391,,Larva,,,,
Warning,Ambient Monitoring,09SOO1130,09SOO1130,Sample,GovLocal,8/2/2017,,,,,8,ft2,,,,,,09SOO1130_17,,N,,Y,,Solid/Sediment,Freshwater Taxonomy,,SURBER,,,,,,26.67,Number of Individual Organisms,,3/16/2018,,,8,Count,,,,,,,,,,,ID-COUNT-LEVEL2,,09SOO1130_17,,"Rhithron Associates Inc, Missoula MT",,Tvetenia bavarica Group,129197,,Larva,,,,
Warning,Ambient Monitoring,09SOO1130,09SOO1130,Sample,GovLocal,8/2/2017,,,,,8,ft2,,,,,,09SOO1130_17,,N,,Y,,Solid/Sediment,Freshwater Taxonomy,,SURBER,,,,,,26.67,Number of Individual Organisms,,3/16/2018,,,1,Count,,,,,,,,,,,ID-COUNT-LEVEL2,,09SOO1130_17,,"Rhithron Associates Inc, Missoula MT",,Rhyacophila angelita Group,115097,,Larva,,,,
Warning,Ambient Monitoring,09SOO1130,09SOO1130,Sample,GovLocal,8/2/2017,,,,,8,ft2,,,,,,09SOO1130_17,,N,,Y,,Solid/Sediment,Freshwater Taxonomy,,SURBER,,,,,,26.67,Number of Individual Organisms,,3/16/2018,,,1,Count,,,,,,,,,,,ID-COUNT-LEVEL2,,09SOO1130_17,,"Rhithron Associates Inc, Missoula MT",,Rhyacophila brunnea/vemna Group,115097,,Larva,,,,
Warning,Ambient Monitoring,09SOO1130,09SOO1130,Sample,GovLocal,8/2/2017,,,,,8,ft2,,,,,,09SOO1130_17,,N,,Y,,Solid/Sediment,Freshwater Taxonomy,,SURBER,,,,,,26.67,Number of Individual Organisms,,3/16/2018,,,33,Count,,,,,,,,,,,ID-COUNT-LEVEL2,,09SOO1130_17,,"Rhithron Associates Inc, Missoula MT",,Baetis tricaudatus complex,100817,,Larva,,,,
Warning,Ambient Monitoring,09SOO1130,09SOO1130,Sample,GovLocal,8/30/2016,,,,,8,ft2,,,,,,09SOO1130_16,,N,,Y,,Solid/Sediment,Freshwater Taxonomy,,SURBER,,,,,,30,Number of Individual Organisms,,4/4/2017,,,1,Count,,,,,,,,,,,ID-COUNT-LEVEL2,,09SOO1130_16,,"Rhithron Associates Inc, Missoula MT",,Thienemannimyia Group,128078,,Larva,,,,
Warning,Ambient Monitoring,09SOO1130,09SOO1130,Sample,GovLocal,8/30/2016,,,,,8,ft2,,,,,,09SOO1130_16,,N,,Y,,Solid/Sediment,Freshwater Taxonomy,,SURBER,,,,,,30,Number of Individual Organisms,,4/4/2017,,,1,Count,,,,,,,,,,,ID-COUNT-LEVEL2,,09SOO1130_16,,"Rhithron Associates Inc, Missoula MT",,Rhyacophila betteni Group,115097,,Larva,,,,
Warning,Ambient Monitoring,09SOO1130,09SOO1130,Sample,GovLocal,8/30/2016,,,,,8,ft2,,,,,,09SOO1130_16,,N,,Y,,Solid/Sediment,Freshwater Taxonomy,,SURBER,,,,,,30,Number of Individual Organisms,,4/4/2017,,,6,Count,,,,,,,,,,,ID-COUNT-LEVEL2,,09SOO1130_16,,"Rhithron Associates Inc, Missoula MT",,Rhyacophila brunnea/vemna Group,115097,,Larva,,,,
Warning,Ambient Monitoring,09SOO1130,09SOO1130,Sample,GovLocal,8/30/2016,,,,,8,ft2,,,,,,09SOO1130_16,,N,,Y,,Solid/Sediment,Freshwater Taxonomy,,SURBER,,,,,,30,Number of Individual Organisms,,4/4/2017,,,60,Count,,,,,,,,,,,ID-COUNT-LEVEL2,,09SOO1130_16,,"Rhithron Associates Inc, Missoula MT",,Baetis tricaudatus complex,100817,,Larva,,,,
Warning,Ambient Monitoring,09SOO1134,09SOO1134,Sample,GovLocal,8/4/2020,,,,,8,ft2,,,,,,09SOO1134_20,,N,,Y,,Solid/Sediment,Freshwater Taxonomy,,SURBER,,,,,,80,Number of Individual Organisms,,4/30/2021,,,2,Count,,,,,,,,,,,ID-COUNT-LEVEL2,,09SOO1134_20,,"Rhithron Associates Inc, Missoula MT",,Rhyacophila brunnea/vemna Group,115097,,Larva,,,,
Warning,Ambient Monitoring,09SOO1134,09SOO1134,Sample,GovLocal,8/4/2020,,,,,8,ft2,,,,,,09SOO1134_20,,N,,Y,,Solid/Sediment,Freshwater Taxonomy,,SURBER,,,,,,80,Number of Individual Organisms,,4/30/2021,,,1,Count,,,,,,,,,,,ID-COUNT-LEVEL2,,09SOO1134_20,,"Rhithron Associates Inc, Missoula MT",,Rhyacophila hyalinata Group,115097,,Larva,,,,
Warning,Ambient Monitoring,09SOO1134,09SOO1134,Sample,GovLocal,8/4/2020,,,,,8,ft2,,,,,,09SOO1134_20,,N,,Y,,Solid/Sediment,Freshwater Taxonomy,,SURBER,,,,,,80,Number of Individual Organisms,,4/30/2021,,,25,Count,,,,,,,,,,,ID-COUNT-LEVEL2,,09SOO1134_20,,"Rhithron Associates Inc, Missoula MT",,Baetis tricaudatus complex,100817,,Larva,,,,
Warning,Ambient Monitoring,09SOO1134,09SOO1134,Sample,GovLocal,8/15/2019,,,,,8,ft2,,,,,,09SOO1134_19,,N,,Y,,Solid/Sediment,Freshwater Taxonomy,,SURBER,,,,,,30,Number of Individual Organisms,,11/4/2019,,,1,Count,,,,,,,,,,,ID-COUNT-LEVEL2,,09SOO1134_19,,"Rhithron Associates Inc, Missoula MT",,Chamaedrilus,68510,,unknown,,,,
Warning,Ambient Monitoring,09SOO1134,09SOO1134,Sample,GovLocal,8/15/2019,,,,,8,ft2,,,,,,09SOO1134_19,,N,,Y,,Solid/Sediment,Freshwater Taxonomy,,SURBER,,,,,,30,Number of Individual Organisms,,11/4/2019,,,1,Count,,,,,,,,,,,ID-COUNT-LEVEL2,,09SOO1134_19,,"Rhithron Associates Inc, Missoula MT",,Thienemannimyia Group,128078,,Larva,,,,
Warning,Ambient Monitoring,09SOO1134,09SOO1134,Sample,GovLocal,8/15/2019,,,,,8,ft2,,,,,,09SOO1134_19,,N,,Y,,Solid/Sediment,Freshwater Taxonomy,,SURBER,,,,,,30,Number of Individual Organisms,,11/4/2019,,,5,Count,,,,,,,,,,,ID-COUNT-LEVEL2,,09SOO1134_19,,"Rhithron Associates Inc, Missoula MT",,Zapada oregonensis Group,102591,,Larva,,,,
Warning,Ambient Monitoring,09SOO1134,09SOO1134,Sample,GovLocal,8/15/2019,,,,,8,ft2,,,,,,09SOO1134_19,,N,,Y,,Solid/Sediment,Freshwater Taxonomy,,SURBER,,,,,,30,Number of Individual Organisms,,11/4/2019,,,9,Count,,,,,,,,,,,ID-COUNT-LEVEL2,,09SOO1134_19,,"Rhithron Associates Inc, Missoula MT",,Rhyacophila brunnea/vemna Group,115097,,Larva,,,,
Warning,Ambient Monitoring,09SOO1134,09SOO1134,Sample,GovLocal,8/15/2019,,,,,8,ft2,,,,,,09SOO1134_19,,N,,Y,,Solid/Sediment,Freshwater Taxonomy,,SURBER,,,,,,30,Number of Individual Organisms,,11/4/2019,,,39,Count,,,,,,,,,,,ID-COUNT-LEVEL2,,09SOO1134_19,,"Rhithron Associates Inc, Missoula MT",,Baetis tricaudatus complex,100817,,Larva,,,,
Warning,Ambient Monitoring,09SOO1134,09SOO1134,Sample,GovLocal,8/15/2019,,,,,8,ft2,,,,,,09SOO1134_19_R,,Y,,Y,,Solid/Sediment,Freshwater Taxonomy,,SURBER,,,,,,16.67,Number of Individual Organisms,,11/4/2019,,,2,Count,,,,,,,,,,,ID-COUNT-LEVEL2,,09SOO1134_19_R,,"Rhithron Associates Inc, Missoula MT",,Chamaedrilus,68510,,unknown,,,,
Warning,Ambient Monitoring,09SOO1134,09SOO1134,Sample,GovLocal,8/15/2019,,,,,8,ft2,,,,,,09SOO1134_19_R,,Y,,Y,,Solid/Sediment,Freshwater Taxonomy,,SURBER,,,,,,16.67,Number of Individual Organisms,,11/4/2019,,,1,Count,,,,,,,,,,,ID-COUNT-LEVEL2,,09SOO1134_19_R,,"Rhithron Associates Inc, Missoula MT",,Empididae Genus B,0,,Larva,,,,
Warning,Ambient Monitoring,09SOO1134,09SOO1134,Sample,GovLocal,8/15/2019,,,,,8,ft2,,,,,,09SOO1134_19_R,,Y,,Y,,Solid/Sediment,Freshwater Taxonomy,,SURBER,,,,,,16.67,Number of Individual Organisms,,11/4/2019,,,1,Count,,,,,,,,,,,ID-COUNT-LEVEL2,,09SOO1134_19_R,,"Rhithron Associates Inc, Missoula MT",,Tvetenia bavarica Group,129197,,Larva,,,,
Warning,Ambient Monitoring,09SOO1134,09SOO1134,Sample,GovLocal,8/15/2019,,,,,8,ft2,,,,,,09SOO1134_19_R,,Y,,Y,,Solid/Sediment,Freshwater Taxonomy,,SURBER,,,,,,16.67,Number of Individual Organisms,,11/4/2019,,,1,Count,,,,,,,,,,,ID-COUNT-LEVEL2,,09SOO1134_19_R,,"Rhithron Associates Inc, Missoula MT",,Zapada oregonensis Group,102591,,Larva,,,,
Warning,Ambient Monitoring,09SOO1134,09SOO1134,Sample,GovLocal,8/15/2019,,,,,8,ft2,,,,,,09SOO1134_19_R,,Y,,Y,,Solid/Sediment,Freshwater Taxonomy,,SURBER,,,,,,16.67,Number of Individual Organisms,,11/4/2019,,,1,Count,,,,,,,,,,,ID-COUNT-LEVEL2,,09SOO1134_19_R,,"Rhithron Associates Inc, Missoula MT",,Suwalliini,609854,,Larva,,,,
Warning,Ambient Monitoring,09SOO1134,09SOO1134,Sample,GovLocal,8/18/2015,,,,,8,ft2,,,,,,09SOO1134_15,,N,,Y,,Solid/Sediment,Freshwater Taxonomy,,SURBER,,,,,,40,Number of Individual Organisms,,4/22/2016,,,2,Count,,,,,,,,,,,ID-COUNT-LEVEL2,,09SOO1134_15,,"Rhithron Associates Inc, Missoula MT",,Empididae Genus B,0,,Larva,,,,
Warning,Ambient Monitoring,09SOO1134,09SOO1134,Sample,GovLocal,8/18/2015,,,,,8,ft2,,,,,,09SOO1134_15,,N,,Y,,Solid/Sediment,Freshwater Taxonomy,,SURBER,,,,,,40,Number of Individual Organisms,,4/22/2016,,,1,Count,,,,,,,,,,,ID-COUNT-LEVEL2,,09SOO1134_15,,"Rhithron Associates Inc, Missoula MT",,Thienemannimyia Group,128078,,Larva,,,,
Warning,Ambient Monitoring,09SOO1134,09SOO1134,Sample,GovLocal,8/18/2015,,,,,8,ft2,,,,,,09SOO1134_15,,N,,Y,,Solid/Sediment,Freshwater Taxonomy,,SURBER,,,,,,40,Number of Individual Organisms,,4/22/2016,,,3,Count,,,,,,,,,,,ID-COUNT-LEVEL2,,09SOO1134_15,,"Rhithron Associates Inc, Missoula MT",,Zapada oregonensis Group,102591,,Larva,,,,
Warning,Ambient Monitoring,09SOO1134,09SOO1134,Sample,GovLocal,8/18/2015,,,,,8,ft2,,,,,,09SOO1134_15,,N,,Y,,Solid/Sediment,Freshwater Taxonomy,,SURBER,,,,,,40,Number of Individual Organisms,,4/22/2016,,,1,Count,,,,,,,,,,,ID-COUNT-LEVEL2,,09SOO1134_15,,"Rhithron Associates Inc, Missoula MT",,Rhyacophila betteni Group,115097,,Larva,,,,
Warning,Ambient Monitoring,09SOO1134,09SOO1134,Sample,GovLocal,8/18/2015,,,,,8,ft2,,,,,,09SOO1134_15,,N,,Y,,Solid/Sediment,Freshwater Taxonomy,,SURBER,,,,,,40,Number of Individual Organisms,,4/22/2016,,,13,Count,,,,,,,,,,,ID-COUNT-LEVEL2,,09SOO1134_15,,"Rhithron Associates Inc, Missoula MT",,Baetis tricaudatus complex,100817,,Larva,,,,
Warning,Ambient Monitoring,09SOO1134,09SOO1134,Sample,GovLocal,8/18/2015,,,,,8,ft2,,,,,,09SOO1134_15,,N,,Y,,Solid/Sediment,Freshwater Taxonomy,,SURBER,,,,,,40,Number of Individual Organisms,,4/22/2016,,,1,Count,,,,,,,,,,,ID-COUNT-LEVEL2,,09SOO1134_15,,"Rhithron Associates Inc, Missoula MT",,Labiobaetis sonajuventus,568552,,Larva,,,,
Warning,Ambient Monitoring,09SOO1022,09SOO1022,Sample,GovLocal,9/4/2024,,,,,8,ft2,,,,,,09SOO1022_24,,N,,Y,,Solid/Sediment,Freshwater Taxonomy,,SURBER,,,,,,23.33,Number of Individual Organisms,,5/13/2025,,,2,Count,,,,,,,,,,,ID-COUNT-LEVEL2,,09SOO1022_24,,"Rhithron Associates Inc, Missoula MT",,Tvetenia bavarica Group,129197,,Larva,,,,
Warning,Ambient Monitoring,09SOO1022,09SOO1022,Sample,GovLocal,9/4/2024,,,,,8,ft2,,,,,,09SOO1022_24,,N,,Y,,Solid/Sediment,Freshwater Taxonomy,,SURBER,,,,,,23.33,Number of Individual Organisms,,5/13/2025,,,2,Count,,,,,,,,,,,ID-COUNT-LEVEL2,,09SOO1022_24,,"Rhithron Associates Inc, Missoula MT",,Pericomaini,125391,,Larva,,,,
Warning,Ambient Monitoring,09SOO1022,09SOO1022,Sample,GovLocal,9/4/2024,,,,,8,ft2,,,,,,09SOO1022_24,,N,,Y,,Solid/Sediment,Freshwater Taxonomy,,SURBER,,,,,,23.33,Number of Individual Organisms,,5/13/2025,,,1,Count,,,,,,,,,,,ID-COUNT-LEVEL2,,09SOO1022_24,,"Rhithron Associates Inc, Missoula MT",,Zapada oregonensis Group,102591,,Larva,,,,
Warning,Ambient Monitoring,09SOO1022,09SOO1022,Sample,GovLocal,9/4/2024,,,,,8,ft2,,,,,,09SOO1022_24,,N,,Y,,Solid/Sediment,Freshwater Taxonomy,,SURBER,,,,,,23.33,Number of Individual Organisms,,5/13/2025,,,3,Count,,,,,,,,,,,ID-COUNT-LEVEL2,,09SOO1022_24,,"Rhithron Associates Inc, Missoula MT",,Kogotus/Rickera,609866,,Larva,,,,
Warning,Ambient Monitoring,09SOO1022,09SOO1022,Sample,GovLocal,9/4/2024,,,,,8,ft2,,,,,,09SOO1022_24,,N,,Y,,Solid/Sediment,Freshwater Taxonomy,,SURBER,,,,,,23.33,Number of Individual Organisms,,5/13/2025,,,8,Count,,,,,,,,,,,ID-COUNT-LEVEL2,,09SOO1022_24,,"Rhithron Associates Inc, Missoula MT",,Rhyacophila brunnea/vemna Group,115097,,Larva,,,,
Warning,Ambient Monitoring,09SOO1022,09SOO1022,Sample,GovLocal,9/4/2024,,,,,8,ft2,,,,,,09SOO1022_24,,N,,Y,,Solid/Sediment,Freshwater Taxonomy,,SURBER,,,,,,23.33,Number of Individual Organisms,,5/13/2025,,,60,Count,,,,,,,,,,,ID-COUNT-LEVEL2,,09SOO1022_24,,"Rhithron Associates Inc, Missoula MT",,Baetis tricaudatus complex,100817,,Larva,,,,
Warning,Ambient Monitoring,09SOO1022,09SOO1022,Sample,GovLocal,8/23/2023,,,,,8,ft2,,,,,,09SOO1022_23,,N,,Y,,Solid/Sediment,Freshwater Taxonomy,,SURBER,,,,,,13.33,Number of Individual Organisms,,4/18/2024,,,1,Count,,,,,,,,,,,ID-COUNT-LEVEL2,,09SOO1022_23,,"Rhithron Associates Inc, Missoula MT",,Tvetenia bavarica Group,129197,,Larva,,,,
Warning,Ambient Monitoring,09SOO1022,09SOO1022,Sample,GovLocal,9/24/2018,,,,,8,ft2,,,,,,09SOO1022_18,,N,,Y,,Solid/Sediment,Freshwater Taxonomy,,SURBER,,,,,,10,Number of Individual Organisms,,1/3/2019,,,1,Count,,,,,,,,,,,ID-COUNT-LEVEL2,,09SOO1022_18,,"Rhithron Associates Inc, Missoula MT",,Tvetenia bavarica Group,129197,,Larva,,,,
Warning,Ambient Monitoring,09SOO1022,09SOO1022,Sample,GovLocal,9/24/2018,,,,,8,ft2,,,,,,09SOO1022_18,,N,,Y,,Solid/Sediment,Freshwater Taxonomy,,SURBER,,,,,,10,Number of Individual Organisms,,1/3/2019,,,4,Count,,,,,,,,,,,ID-COUNT-LEVEL2,,09SOO1022_18,,"Rhithron Associates Inc, Missoula MT",,Pericoma/Telmatoscopus,125391,,Larva,,,,
Warning,Ambient Monitoring,09SOO1022,09SOO1022,Sample,GovLocal,9/24/2018,,,,,8,ft2,,,,,,09SOO1022_18,,N,,Y,,Solid/Sediment,Freshwater Taxonomy,,SURBER,,,,,,10,Number of Individual Organisms,,1/3/2019,,,3,Count,,,,,,,,,,,ID-COUNT-LEVEL2,,09SOO1022_18,,"Rhithron Associates Inc, Missoula MT",,Rhyacophila betteni Group,115097,,Larva,,,,
Warning,Ambient Monitoring,09SOO1022,09SOO1022,Sample,GovLocal,9/24/2018,,,,,8,ft2,,,,,,09SOO1022_18,,N,,Y,,Solid/Sediment,Freshwater Taxonomy,,SURBER,,,,,,10,Number of Individual Organisms,,1/3/2019,,,33,Count,,,,,,,,,,,ID-COUNT-LEVEL2,,09SOO1022_18,,"Rhithron Associates Inc, Missoula MT",,Neoleptophlebia,101095,,Larva,,,,
Warning,Ambient Monitoring,09SOO1022,09SOO1022,Sample,GovLocal,9/24/2018,,,,,8,ft2,,,,,,09SOO1022_18,,N,,Y,,Solid/Sediment,Freshwater Taxonomy,,SURBER,,,,,,10,Number of Individual Organisms,,1/3/2019,,,3,Count,,,,,,,,,,,ID-COUNT-LEVEL2,,09SOO1022_18,,"Rhithron Associates Inc, Missoula MT",,Baetis tricaudatus complex,100817,,Larva,,,,
Warning,Ambient Monitoring,09SOO1022,09SOO1022,Sample,GovLocal,9/24/2018,,,,,8,ft2,,,,,,09SOO1022_18_Rep,,Y,,Y,,Solid/Sediment,Freshwater Taxonomy,,SURBER,,,,,,26.67,Number of Individual Organisms,,1/3/2019,,,14,Count,,,,,,,,,,,ID-COUNT-LEVEL2,,09SOO1022_18_Rep,,"Rhithron Associates Inc, Missoula MT",,Thienemannimyia Group,128078,,Larva,,,,
Warning,Ambient Monitoring,09SOO1022,09SOO1022,Sample,GovLocal,9/24/2018,,,,,8,ft2,,,,,,09SOO1022_18_Rep,,Y,,Y,,Solid/Sediment,Freshwater Taxonomy,,SURBER,,,,,,26.67,Number of Individual Organisms,,1/3/2019,,,7,Count,,,,,,,,,,,ID-COUNT-LEVEL2,,09SOO1022_18_Rep,,"Rhithron Associates Inc, Missoula MT",,Pericoma/Telmatoscopus,125391,,Larva,,,,
Warning,Ambient Monitoring,09SOO1022,09SOO1022,Sample,GovLocal,9/24/2018,,,,,8,ft2,,,,,,09SOO1022_18_Rep,,Y,,Y,,Solid/Sediment,Freshwater Taxonomy,,SURBER,,,,,,26.67,Number of Individual Organisms,,1/3/2019,,,3,Count,,,,,,,,,,,ID-COUNT-LEVEL2,,09SOO1022_18_Rep,,"Rhithron Associates Inc, Missoula MT",,Rhyacophila brunnea/vemna Group,115097,,Larva,,,,
Warning,Ambient Monitoring,09SOO1022,09SOO1022,Sample,GovLocal,9/24/2018,,,,,8,ft2,,,,,,09SOO1022_18_Rep,,Y,,Y,,Solid/Sediment,Freshwater Taxonomy,,SURBER,,,,,,26.67,Number of Individual Organisms,,1/3/2019,,,7,Count,,,,,,,,,,,ID-COUNT-LEVEL2,,09SOO1022_18_Rep,,"Rhithron Associates Inc, Missoula MT",,Baetis tricaudatus complex,100817,,Larva,,,,
Warning,Ambient Monitoring,BSE_1_MudMtnRdB,BSE_1_MudMtnRdB,Sample,GovLocal,8/8/2022,,,,,8,ft2,,,,,,BSE_1_MudMtnRdB_22,,N,,Y,,Solid/Sediment,Freshwater Taxonomy,,SURBER,,,,,,16.67,Number of Individual Organisms,,5/23/2023,,,71,Count,,,,,,,,,,,ID-COUNT-LEVEL2,,BSE_1_MudMtnRdB_22,,"Rhithron Associates Inc, Missoula MT",,Baetis tricaudatus complex,100817,,Larva,,,,
Warning,Ambient Monitoring,BSE_1_MudMtnRdB,BSE_1_MudMtnRdB,Sample,GovLocal,9/1/2021,,,,,8,ft2,,,,,,BSE_1_MudMtnRdB_21,,N,,Y,,Solid/Sediment,Freshwater Taxonomy,,SURBER,,,,,,13.33,Number of Individual Organisms,,3/1/2022,,,1,Count,,,,,,,,,,,ID-COUNT-LEVEL2,,BSE_1_MudMtnRdB_21,,"Rhithron Associates Inc, Missoula MT",,Chamaedrilus,68510,,unknown,,,,
Warning,Ambient Monitoring,BSE_1_MudMtnRdB,BSE_1_MudMtnRdB,Sample,GovLocal,9/1/2021,,,,,8,ft2,,,,,,BSE_1_MudMtnRdB_21,,N,,Y,,Solid/Sediment,Freshwater Taxonomy,,SURBER,,,,,,13.33,Number of Individual Organisms,,3/1/2022,,,1,Count,,,,,,,,,,,ID-COUNT-LEVEL2,,BSE_1_MudMtnRdB_21,,"Rhithron Associates Inc, Missoula MT",,Paraleptophlebia bicornuta Group,101206,,Larva,,,,
Warning,Ambient Monitoring,BSE_1_MudMtnRdB,BSE_1_MudMtnRdB,Sample,GovLocal,9/1/2021,,,,,8,ft2,,,,,,BSE_1_MudMtnRdB_21,,N,,Y,,Solid/Sediment,Freshwater Taxonomy,,SURBER,,,,,,13.33,Number of Individual Organisms,,3/1/2022,,,47,Count,,,,,,,,,,,ID-COUNT-LEVEL2,,BSE_1_MudMtnRdB_21,,"Rhithron Associates Inc, Missoula MT",,Baetis tricaudatus complex,100817,,Larva,,,,
Warning,Ambient Monitoring,BSE_1_MudMtnRdB,BSE_1_MudMtnRdB,Sample,GovLocal,8/31/2020,,,,,8,ft2,,,,,,BSE_1_MudMtnRdB_20,,N,,Y,,Solid/Sediment,Freshwater Taxonomy,,SURBER,,,,,,16.67,Number of Individual Organisms,,12/18/2020,,,1,Count,,,,,,,,,,,ID-COUNT-LEVEL2,,BSE_1_MudMtnRdB_20,,"Rhithron Associates Inc, Missoula MT",,Tvetenia bavarica Group,129197,,Larva,,,,
Warning,Ambient Monitoring,BSE_1_MudMtnRdB,BSE_1_MudMtnRdB,Sample,GovLocal,8/31/2020,,,,,8,ft2,,,,,,BSE_1_MudMtnRdB_20,,N,,Y,,Solid/Sediment,Freshwater Taxonomy,,SURBER,,,,,,16.67,Number of Individual Organisms,,12/18/2020,,,4,Count,,,,,,,,,,,ID-COUNT-LEVEL2,,BSE_1_MudMtnRdB_20,,"Rhithron Associates Inc, Missoula MT",,Rhyacophila brunnea/vemna Group,115097,,Larva,,,,
Warning,Ambient Monitoring,BSE_1_MudMtnRdB,BSE_1_MudMtnRdB,Sample,GovLocal,8/31/2020,,,,,8,ft2,,,,,,BSE_1_MudMtnRdB_20,,N,,Y,,Solid/Sediment,Freshwater Taxonomy,,SURBER,,,,,,16.67,Number of Individual Organisms,,12/18/2020,,,125,Count,,,,,,,,,,,ID-COUNT-LEVEL2,,BSE_1_MudMtnRdB_20,,"Rhithron Associates Inc, Missoula MT",,Baetis tricaudatus complex,100817,,Larva,,,,
Warning,Ambient Monitoring,BSE_21_GolfCrsB,BSE_21_GolfCrsB,Sample,GovLocal,7/15/2024,,,,,8,ft2,,,,,,BSE_21_GolfCrsB_24,,N,,Y,,Solid/Sediment,Freshwater Taxonomy,,SURBER,,,,,,20,Number of Individual Organisms,,12/17/2025,,,40,Count,,,,,,,,,,,ID-COUNT-LEVEL2,,BSE_21_GolfCrsB_24,,"Rhithron Associates Inc, Missoula MT",,Tvetenia bavarica Group,129197,,Larva,,,,
Warning,Ambient Monitoring,BSE_21_GolfCrsB,BSE_21_GolfCrsB,Sample,GovLocal,7/15/2024,,,,,8,ft2,,,,,,BSE_21_GolfCrsB_24,,N,,Y,,Solid/Sediment,Freshwater Taxonomy,,SURBER,,,,,,20,Number of Individual Organisms,,12/17/2025,,,2,Count,,,,,,,,,,,ID-COUNT-LEVEL2,,BSE_21_GolfCrsB_24,,"Rhithron Associates Inc, Missoula MT",,Thienemannimyia Group,128078,,Larva,,,,
Warning,Ambient Monitoring,BSE_21_GolfCrsB,BSE_21_GolfCrsB,Sample,GovLocal,7/15/2024,,,,,8,ft2,,,,,,BSE_21_GolfCrsB_24,,N,,Y,,Solid/Sediment,Freshwater Taxonomy,,SURBER,,,,,,20,Number of Individual Organisms,,12/17/2025,,,12,Count,,,,,,,,,,,ID-COUNT-LEVEL2,,BSE_21_GolfCrsB_24,,"Rhithron Associates Inc, Missoula MT",,Rhyacophila angelita Group,115097,,Larva,,,,
Warning,Ambient Monitoring,BSE_21_GolfCrsB,BSE_21_GolfCrsB,Sample,GovLocal,7/15/2024,,,,,8,ft2,,,,,,BSE_21_GolfCrsB_24,,N,,Y,,Solid/Sediment,Freshwater Taxonomy,,SURBER,,,,,,20,Number of Individual Organisms,,12/17/2025,,,4,Count,,,,,,,,,,,ID-COUNT-LEVEL2,,BSE_21_GolfCrsB_24,,"Rhithron Associates Inc, Missoula MT",,Rhyacophila betteni Group,115097,,Larva,,,,
Warning,Ambient Monitoring,BSE_21_GolfCrsB,BSE_21_GolfCrsB,Sample,GovLocal,7/15/2024,,,,,8,ft2,,,,,,BSE_21_GolfCrsB_24,,N,,Y,,Solid/Sediment,Freshwater Taxonomy,,SURBER,,,,,,20,Number of Individual Organisms,,12/17/2025,,,69,Count,,,,,,,,,,,ID-COUNT-LEVEL2,,BSE_21_GolfCrsB_24,,"Rhithron Associates Inc, Missoula MT",,Baetis tricaudatus complex,100817,,Larva,,,,
Warning,Ambient Monitoring,BSE_21_GolfCrsB,BSE_21_GolfCrsB,Sample,GovLocal,8/8/2022,,,,,8,ft2,,,,,,BSE_21_GolfCrsB_22,,N,,Y,,Solid/Sediment,Freshwater Taxonomy,,SURBER,,,,,,36.67,Number of Individual Organisms,,5/23/2023,,,1,Count,,,,,,,,,,,ID-COUNT-LEVEL2,,BSE_21_GolfCrsB_22,,"Rhithron Associates Inc, Missoula MT",,Tvetenia bavarica Group,129197,,Larva,,,,
Warning,Ambient Monitoring,BSE_21_GolfCrsB,BSE_21_GolfCrsB,Sample,GovLocal,8/8/2022,,,,,8,ft2,,,,,,BSE_21_GolfCrsB_22,,N,,Y,,Solid/Sediment,Freshwater Taxonomy,,SURBER,,,,,,36.67,Number of Individual Organisms,,5/23/2023,,,2,Count,,,,,,,,,,,ID-COUNT-LEVEL2,,BSE_21_GolfCrsB_22,,"Rhithron Associates Inc, Missoula MT",,Rhyacophila angelita Group,115097,,Larva,,,,
Warning,Ambient Monitoring,BSE_21_GolfCrsB,BSE_21_GolfCrsB,Sample,GovLocal,8/8/2022,,,,,8,ft2,,,,,,BSE_21_GolfCrsB_22,,N,,Y,,Solid/Sediment,Freshwater Taxonomy,,SURBER,,,,,,36.67,Number of Individual Organisms,,5/23/2023,,,1,Count,,,,,,,,,,,ID-COUNT-LEVEL2,,BSE_21_GolfCrsB_22,,"Rhithron Associates Inc, Missoula MT",,Rhyacophila betteni Group,115097,,Larva,,,,
Warning,Ambient Monitoring,BSE_21_GolfCrsB,BSE_21_GolfCrsB,Sample,GovLocal,8/8/2022,,,,,8,ft2,,,,,,BSE_21_GolfCrsB_22,,N,,Y,,Solid/Sediment,Freshwater Taxonomy,,SURBER,,,,,,36.67,Number of Individual Organisms,,5/23/2023,,,1,Count,,,,,,,,,,,ID-COUNT-LEVEL2,,BSE_21_GolfCrsB_22,,"Rhithron Associates Inc, Missoula MT",,Rhyacophila brunnea/vemna Group,115097,,Larva,,,,
Warning,Ambient Monitoring,BSE_21_GolfCrsB,BSE_21_GolfCrsB,Sample,GovLocal,8/8/2022,,,,,8,ft2,,,,,,BSE_21_GolfCrsB_22,,N,,Y,,Solid/Sediment,Freshwater Taxonomy,,SURBER,,,,,,36.67,Number of Individual Organisms,,5/23/2023,,,1,Count,,,,,,,,,,,ID-COUNT-LEVEL2,,BSE_21_GolfCrsB_22,,"Rhithron Associates Inc, Missoula MT",,Rhyacophila hyalinata Group,115097,,Larva,,,,
Warning,Ambient Monitoring,BSE_21_GolfCrsB,BSE_21_GolfCrsB,Sample,GovLocal,8/8/2022,,,,,8,ft2,,,,,,BSE_21_GolfCrsB_22,,N,,Y,,Solid/Sediment,Freshwater Taxonomy,,SURBER,,,,,,36.67,Number of Individual Organisms,,5/23/2023,,,98,Count,,,,,,,,,,,ID-COUNT-LEVEL2,,BSE_21_GolfCrsB_22,,"Rhithron Associates Inc, Missoula MT",,Baetis tricaudatus complex,100817,,Larva,,,,
Warning,Ambient Monitoring,BSE_21_GolfCrsB,BSE_21_GolfCrsB,Sample,GovLocal,9/1/2021,,,,,8,ft2,,,,,,BSE_21_GolfCrsB_21,,N,,Y,,Solid/Sediment,Freshwater Taxonomy,,SURBER,,,,,,20,Number of Individual Organisms,,3/1/2022,,,1,Count,,,,,,,,,,,ID-COUNT-LEVEL2,,BSE_21_GolfCrsB_21,,"Rhithron Associates Inc, Missoula MT",,Oropuella,128457,,Pupa,,,,
Warning,Ambient Monitoring,BSE_21_GolfCrsB,BSE_21_GolfCrsB,Sample,GovLocal,9/1/2021,,,,,8,ft2,,,,,,BSE_21_GolfCrsB_21,,N,,Y,,Solid/Sediment,Freshwater Taxonomy,,SURBER,,,,,,20,Number of Individual Organisms,,3/1/2022,,,2,Count,,,,,,,,,,,ID-COUNT-LEVEL2,,BSE_21_GolfCrsB_21,,"Rhithron Associates Inc, Missoula MT",,Tvetenia bavarica Group,129197,,Larva,,,,
Warning,Ambient Monitoring,BSE_21_GolfCrsB,BSE_21_GolfCrsB,Sample,GovLocal,9/1/2021,,,,,8,ft2,,,,,,BSE_21_GolfCrsB_21,,N,,Y,,Solid/Sediment,Freshwater Taxonomy,,SURBER,,,,,,20,Number of Individual Organisms,,3/1/2022,,,1,Count,,,,,,,,,,,ID-COUNT-LEVEL2,,BSE_21_GolfCrsB_21,,"Rhithron Associates Inc, Missoula MT",,Thienemannimyia Group,128078,,Larva,,,,
Warning,Ambient Monitoring,BSE_21_GolfCrsB,BSE_21_GolfCrsB,Sample,GovLocal,8/9/2018,,,,,8,ft2,,,,,,BSE_21_GolfCrsB_18,,N,,Y,,Solid/Sediment,Freshwater Taxonomy,,SURBER,,,,,,10,Number of Individual Organisms,,10/4/2018,,,1,Count,,,,,,,,,,,ID-COUNT-LEVEL2,,BSE_21_GolfCrsB_18,,"Rhithron Associates Inc, Missoula MT",,Rhyacophila betteni Group,115097,,Larva,,,,
Warning,Ambient Monitoring,BSE_21_GolfCrsB,BSE_21_GolfCrsB,Sample,GovLocal,8/9/2018,,,,,8,ft2,,,,,,BSE_21_GolfCrsB_18,,N,,Y,,Solid/Sediment,Freshwater Taxonomy,,SURBER,,,,,,10,Number of Individual Organisms,,10/4/2018,,,87,Count,,,,,,,,,,,ID-COUNT-LEVEL2,,BSE_21_GolfCrsB_18,,"Rhithron Associates Inc, Missoula MT",,Baetis tricaudatus complex,100817,,Larva,,,,
Warning,Ambient Monitoring,BSE_21_GolfCrsB,BSE_21_GolfCrsB,Sample,GovLocal,8/30/2017,,,,,8,ft2,,,,,,BSE_21_GolfCrsB_17,,N,,Y,,Solid/Sediment,Freshwater Taxonomy,,SURBER,,,,,,6.67,Number of Individual Organisms,,3/27/2018,,,1,Count,,,,,,,,,,,ID-COUNT-LEVEL2,,BSE_21_GolfCrsB_17,,"Rhithron Associates Inc, Missoula MT",,Orthocladiinae sp. RAI # 0001,128457,,Larva,,,,
Warning,Ambient Monitoring,BSE_21_GolfCrsB,BSE_21_GolfCrsB,Sample,GovLocal,8/30/2017,,,,,8,ft2,,,,,,BSE_21_GolfCrsB_17,,N,,Y,,Solid/Sediment,Freshwater Taxonomy,,SURBER,,,,,,6.67,Number of Individual Organisms,,3/27/2018,,,3,Count,,,,,,,,,,,ID-COUNT-LEVEL2,,BSE_21_GolfCrsB_17,,"Rhithron Associates Inc, Missoula MT",,Suwalliini,609854,,Larva,,,,
Warning,Ambient Monitoring,BSE_21_GolfCrsB,BSE_21_GolfCrsB,Sample,GovLocal,8/30/2017,,,,,8,ft2,,,,,,BSE_21_GolfCrsB_17,,N,,Y,,Solid/Sediment,Freshwater Taxonomy,,SURBER,,,,,,6.67,Number of Individual Organisms,,3/27/2018,,,67,Count,,,,,,,,,,,ID-COUNT-LEVEL2,,BSE_21_GolfCrsB_17,,"Rhithron Associates Inc, Missoula MT",,Baetis tricaudatus complex,100817,,Larva,,,,
Warning,Ambient Monitoring,BSE_21_GolfCrsB,BSE_21_GolfCrsB,Sample,GovLocal,8/29/2016,,,,,8,ft2,,,,,,BSE_21_GolfCrsB_16,,N,,Y,,Solid/Sediment,Freshwater Taxonomy,,SURBER,,,,,,10,Number of Individual Organisms,,3/8/2017,,,1,Count,,,,,,,,,,,ID-COUNT-LEVEL2,,BSE_21_GolfCrsB_16,,"Rhithron Associates Inc, Missoula MT",,Cystobranchus salmositicus,69339,,unknown,,,,
Warning,Ambient Monitoring,BSE_21_GolfCrsB,BSE_21_GolfCrsB,Sample,GovLocal,8/29/2016,,,,,8,ft2,,,,,,BSE_21_GolfCrsB_16,,N,,Y,,Solid/Sediment,Freshwater Taxonomy,,SURBER,,,,,,10,Number of Individual Organisms,,3/8/2017,,,2,Count,,,,,,,,,,,ID-COUNT-LEVEL2,,BSE_21_GolfCrsB_16,,"Rhithron Associates Inc, Missoula MT",,Tvetenia bavarica Group,129197,,Larva,,,,
Warning,Ambient Monitoring,BSE_21_GolfCrsB,BSE_21_GolfCrsB,Sample,GovLocal,8/29/2016,,,,,8,ft2,,,,,,BSE_21_GolfCrsB_16,,N,,Y,,Solid/Sediment,Freshwater Taxonomy,,SURBER,,,,,,10,Number of Individual Organisms,,3/8/2017,,,2,Count,,,,,,,,,,,ID-COUNT-LEVEL2,,BSE_21_GolfCrsB_16,,"Rhithron Associates Inc, Missoula MT",,Thienemannimyia Group,128078,,Larva,,,,
Warning,Ambient Monitoring,BSE_8_268thAve,BSE_8_268thAve~,Sample,GovLocal,8/31/2020,,,,,8,ft2,,,,,,BSE_8_268thAveSE_20,,N,,Y,,Solid/Sediment,Freshwater Taxonomy,,SURBER,,,,,,16.67,Number of Individual Organisms,,12/18/2020,,,33,Count,,,,,,,,,,,ID-COUNT-LEVEL2,,BSE_8_268thAveSE_20,,"Rhithron Associates Inc, Missoula MT",,Tvetenia bavarica Group,129197,,Larva,,,,
Warning,Ambient Monitoring,BSE_8_268thAve,BSE_8_268thAve~,Sample,GovLocal,8/31/2020,,,,,8,ft2,,,,,,BSE_8_268thAveSE_20,,N,,Y,,Solid/Sediment,Freshwater Taxonomy,,SURBER,,,,,,16.67,Number of Individual Organisms,,12/18/2020,,,3,Count,,,,,,,,,,,ID-COUNT-LEVEL2,,BSE_8_268thAveSE_20,,"Rhithron Associates Inc, Missoula MT",,Pericomaini,125391,,Larva,,,,
Warning,Ambient Monitoring,BSE_8_268thAve,BSE_8_268thAve~,Sample,GovLocal,8/31/2020,,,,,8,ft2,,,,,,BSE_8_268thAveSE_20,,N,,Y,,Solid/Sediment,Freshwater Taxonomy,,SURBER,,,,,,16.67,Number of Individual Organisms,,12/18/2020,,,1,Count,,,,,,,,,,,ID-COUNT-LEVEL2,,BSE_8_268thAveSE_20,,"Rhithron Associates Inc, Missoula MT",,Rhyacophila betteni Group,115097,,Larva,,,,
Warning,Ambient Monitoring,BSE_8_268thAve,BSE_8_268thAve~,Sample,GovLocal,8/31/2020,,,,,8,ft2,,,,,,BSE_8_268thAveSE_20,,N,,Y,,Solid/Sediment,Freshwater Taxonomy,,SURBER,,,,,,16.67,Number of Individual Organisms,,12/18/2020,,,4,Count,,,,,,,,,,,ID-COUNT-LEVEL2,,BSE_8_268thAveSE_20,,"Rhithron Associates Inc, Missoula MT",,Neoleptophlebia,101095,,Larva,,,,
Warning,Ambient Monitoring,BSE_8_268thAve,BSE_8_268thAve~,Sample,GovLocal,8/31/2020,,,,,8,ft2,,,,,,BSE_8_268thAveSE_20,,N,,Y,,Solid/Sediment,Freshwater Taxonomy,,SURBER,,,,,,16.67,Number of Individual Organisms,,12/18/2020,,,101,Count,,,,,,,,,,,ID-COUNT-LEVEL2,,BSE_8_268thAveSE_20,,"Rhithron Associates Inc, Missoula MT",,Baetis tricaudatus complex,100817,,Larva,,,,
Warning,Ambient Monitoring,BSE_8_268thAve,BSE_8_268thAve~,Sample,GovLocal,10/3/2018,,,,,8,ft2,,,,,,BSE_8_268thAveSE_18,,N,,Y,,Solid/Sediment,Freshwater Taxonomy,,SURBER,,,,,,26.67,Number of Individual Organisms,,11/28/2018,,,26,Count,,,,,,,,,,,ID-COUNT-LEVEL2,,BSE_8_268thAveSE_18,,"Rhithron Associates Inc, Missoula MT",,Tvetenia bavarica Group,129197,,Larva,,,,
Warning,Ambient Monitoring,BSE_8_268thAve,BSE_8_268thAve~,Sample,GovLocal,10/3/2018,,,,,8,ft2,,,,,,BSE_8_268thAveSE_18,,N,,Y,,Solid/Sediment,Freshwater Taxonomy,,SURBER,,,,,,26.67,Number of Individual Organisms,,11/28/2018,,,3,Count,,,,,,,,,,,ID-COUNT-LEVEL2,,BSE_8_268thAveSE_18,,"Rhithron Associates Inc, Missoula MT",,Thienemannimyia Group,128078,,Larva,,,,
Warning,Ambient Monitoring,BSE_8_268thAve,BSE_8_268thAve~,Sample,GovLocal,10/3/2018,,,,,8,ft2,,,,,,BSE_8_268thAveSE_18,,N,,Y,,Solid/Sediment,Freshwater Taxonomy,,SURBER,,,,,,26.67,Number of Individual Organisms,,11/28/2018,,,39,Count,,,,,,,,,,,ID-COUNT-LEVEL2,,BSE_8_268thAveSE_18,,"Rhithron Associates Inc, Missoula MT",,Baetis tricaudatus complex,100817,,Larva,,,,
Warning,Ambient Monitoring,Miller_Cove,Miller_Cove,Sample,GovLocal,9/25/2023,,,,,8,ft2,,,,,,Miller_Cove_23,,N,,Y,,Solid/Sediment,Freshwater Taxonomy,,SURBER,,,,,,26.67,Number of Individual Organisms,,5/17/2024,,,2,Count,,,,,,,,,,,ID-COUNT-LEVEL2,,Miller_Cove_23,,"Rhithron Associates Inc, Missoula MT",,Tvetenia bavarica Group,129197,,Larva,,,,
Warning,Ambient Monitoring,Miller_Cove,Miller_Cove,Sample,GovLocal,9/25/2023,,,,,8,ft2,,,,,,Miller_Cove_23,,N,,Y,,Solid/Sediment,Freshwater Taxonomy,,SURBER,,,,,,26.67,Number of Individual Organisms,,5/17/2024,,,2,Count,,,,,,,,,,,ID-COUNT-LEVEL2,,Miller_Cove_23,,"Rhithron Associates Inc, Missoula MT",,Thienemannimyia Group,128078,,Larva,,,,
Warning,Ambient Monitoring,Miller_Cove,Miller_Cove,Sample,GovLocal,9/25/2023,,,,,8,ft2,,,,,,Miller_Cove_23,,N,,Y,,Solid/Sediment,Freshwater Taxonomy,,SURBER,,,,,,26.67,Number of Individual Organisms,,5/17/2024,,,2,Count,,,,,,,,,,,ID-COUNT-LEVEL2,,Miller_Cove_23,,"Rhithron Associates Inc, Missoula MT",,Rhyacophila brunnea/vemna Group,115097,,Larva,,,,
Warning,Ambient Monitoring,Miller_Cove,Miller_Cove,Sample,GovLocal,9/25/2023,,,,,8,ft2,,,,,,Miller_Cove_23,,N,,Y,,Solid/Sediment,Freshwater Taxonomy,,SURBER,,,,,,26.67,Number of Individual Organisms,,5/17/2024,,,97,Count,,,,,,,,,,,ID-COUNT-LEVEL2,,Miller_Cove_23,,"Rhithron Associates Inc, Missoula MT",,Baetis tricaudatus complex,100817,,Larva,,,,
Warning,Ambient Monitoring,Miller_Cove,Miller_Cove,Sample,GovLocal,9/14/2022,,,,,8,ft2,,,,,,Miller_Cove_22,,N,,Y,,Solid/Sediment,Freshwater Taxonomy,,SURBER,,,,,,60,Number of Individual Organisms,,1/26/2023,,,58,Count,,,,,,,,,,,ID-COUNT-LEVEL2,,Miller_Cove_22,,"Rhithron Associates Inc, Missoula MT",,Baetis tricaudatus complex,100817,,Larva,,,,
Warning,Ambient Monitoring,Miller_Cove,Miller_Cove,Sample,GovLocal,9/14/2021,,,,,8,ft2,,,,,,Miller_Cove_21,,N,,Y,,Solid/Sediment,Freshwater Taxonomy,,SURBER,,,,,,26.67,Number of Individual Organisms,,3/1/2022,,,5,Count,,,,,,,,,,,ID-COUNT-LEVEL2,,Miller_Cove_21,,"Rhithron Associates Inc, Missoula MT",,Tvetenia bavarica Group,129197,,Larva,,,,
Warning,Ambient Monitoring,Miller_Cove,Miller_Cove,Sample,GovLocal,9/14/2021,,,,,8,ft2,,,,,,Miller_Cove_21,,N,,Y,,Solid/Sediment,Freshwater Taxonomy,,SURBER,,,,,,26.67,Number of Individual Organisms,,3/1/2022,,,4,Count,,,,,,,,,,,ID-COUNT-LEVEL2,,Miller_Cove_21,,"Rhithron Associates Inc, Missoula MT",,Thienemannimyia Group,128078,,Larva,,,,
Warning,Ambient Monitoring,Miller_Cove,Miller_Cove,Sample,GovLocal,9/14/2021,,,,,8,ft2,,,,,,Miller_Cove_21,,N,,Y,,Solid/Sediment,Freshwater Taxonomy,,SURBER,,,,,,26.67,Number of Individual Organisms,,3/1/2022,,,204,Count,,,,,,,,,,,ID-COUNT-LEVEL2,,Miller_Cove_21,,"Rhithron Associates Inc, Missoula MT",,Baetis tricaudatus complex,100817,,Larva,,,,
Warning,Ambient Monitoring,Miller_Cove,Miller_Cove,Sample,GovLocal,8/27/2020,,,,,8,ft2,,,,,,Miller_Cove_20,,N,,Y,,Solid/Sediment,Freshwater Taxonomy,,SURBER,,,,,,20,Number of Individual Organisms,,4/30/2021,,,25,Count,,,,,,,,,,,ID-COUNT-LEVEL2,,Miller_Cove_20,,"Rhithron Associates Inc, Missoula MT",,Tvetenia bavarica Group,129197,,Larva,,,,
Warning,Ambient Monitoring,Miller_Cove,Miller_Cove,Sample,GovLocal,8/27/2020,,,,,8,ft2,,,,,,Miller_Cove_20,,N,,Y,,Solid/Sediment,Freshwater Taxonomy,,SURBER,,,,,,20,Number of Individual Organisms,,4/30/2021,,,1,Count,,,,,,,,,,,ID-COUNT-LEVEL2,,Miller_Cove_20,,"Rhithron Associates Inc, Missoula MT",,Thienemannimyia Group,128078,,Larva,,,,
Warning,Ambient Monitoring,Miller_SWSSD,Miller_SWSSD,Sample,GovLocal,8/29/2024,,,,,8,ft2,,,,,,Miller_SWSSD_24,,N,,Y,,Solid/Sediment,Freshwater Taxonomy,,SURBER,,,,,,10,Number of Individual Organisms,,5/14/2025,,,1,Count,,,,,,,,,,,ID-COUNT-LEVEL2,,Miller_SWSSD_24,,"Rhithron Associates Inc, Missoula MT",,Rhyacophila brunnea/vemna Group,115097,,Larva,,,,
Warning,Ambient Monitoring,Miller_SWSSD,Miller_SWSSD,Sample,GovLocal,8/29/2024,,,,,8,ft2,,,,,,Miller_SWSSD_24,,N,,Y,,Solid/Sediment,Freshwater Taxonomy,,SURBER,,,,,,10,Number of Individual Organisms,,5/14/2025,,,27,Count,,,,,,,,,,,ID-COUNT-LEVEL2,,Miller_SWSSD_24,,"Rhithron Associates Inc, Missoula MT",,Baetis tricaudatus complex,100817,,Larva,,,,
Warning,Ambient Monitoring,Miller_SWSSD,Miller_SWSSD,Sample,GovLocal,9/12/2023,,,,,8,ft2,,,,,,Miller_SWSSD_23,,N,,Y,,Solid/Sediment,Freshwater Taxonomy,,SURBER,,,,,,13.33,Number of Individual Organisms,,5/17/2024,,,4,Count,,,,,,,,,,,ID-COUNT-LEVEL2,,Miller_SWSSD_23,,"Rhithron Associates Inc, Missoula MT",,Tvetenia bavarica Group,129197,,Larva,,,,
Warning,Ambient Monitoring,Miller_SWSSD,Miller_SWSSD,Sample,GovLocal,9/12/2023,,,,,8,ft2,,,,,,Miller_SWSSD_23,,N,,Y,,Solid/Sediment,Freshwater Taxonomy,,SURBER,,,,,,13.33,Number of Individual Organisms,,5/17/2024,,,55,Count,,,,,,,,,,,ID-COUNT-LEVEL2,,Miller_SWSSD_23,,"Rhithron Associates Inc, Missoula MT",,Baetis tricaudatus complex,100817,,Larva,,,,
Warning,Ambient Monitoring,Miller_SWSSD,Miller_SWSSD,Sample,GovLocal,9/14/2022,,,,,8,ft2,,,,,,Miller_SWSSD_22,,N,,Y,,Solid/Sediment,Freshwater Taxonomy,,SURBER,,,,,,16.67,Number of Individual Organisms,,1/26/2023,,,19,Count,,,,,,,,,,,ID-COUNT-LEVEL2,,Miller_SWSSD_22,,"Rhithron Associates Inc, Missoula MT",,Tvetenia bavarica Group,129197,,Larva,,,,
Warning,Ambient Monitoring,Miller_SWSSD,Miller_SWSSD,Sample,GovLocal,9/14/2022,,,,,8,ft2,,,,,,Miller_SWSSD_22,,N,,Y,,Solid/Sediment,Freshwater Taxonomy,,SURBER,,,,,,16.67,Number of Individual Organisms,,1/26/2023,,,62,Count,,,,,,,,,,,ID-COUNT-LEVEL2,,Miller_SWSSD_22,,"Rhithron Associates Inc, Missoula MT",,Baetis tricaudatus complex,100817,,Larva,,,,
Warning,Ambient Monitoring,Miller_SWSSD,Miller_SWSSD,Sample,GovLocal,9/14/2021,,,,,8,ft2,,,,,,Miller_SWSSD_21,,N,,Y,,Solid/Sediment,Freshwater Taxonomy,,SURBER,,,,,,10,Number of Individual Organisms,,3/1/2022,,,3,Count,,,,,,,,,,,ID-COUNT-LEVEL2,,Miller_SWSSD_21,,"Rhithron Associates Inc, Missoula MT",,Tvetenia bavarica Group,129197,,Larva,,,,
Warning,Ambient Monitoring,Miller_SWSSD,Miller_SWSSD,Sample,GovLocal,9/14/2021,,,,,8,ft2,,,,,,Miller_SWSSD_21,,N,,Y,,Solid/Sediment,Freshwater Taxonomy,,SURBER,,,,,,10,Number of Individual Organisms,,3/1/2022,,,44,Count,,,,,,,,,,,ID-COUNT-LEVEL2,,Miller_SWSSD_21,,"Rhithron Associates Inc, Missoula MT",,Baetis tricaudatus complex,100817,,Larva,,,,
Warning,Ambient Monitoring,WalkerPreserve,WalkerPreserve,Sample,GovLocal,9/27/2022,,,,,8,ft2,,,,,,WalkerPreserve_22,,N,,Y,,Solid/Sediment,Freshwater Taxonomy,,SURBER,,,,,,90,Number of Individual Organisms,,1/26/2023,,,6,Count,,,,,,,,,,,ID-COUNT-LEVEL2,,WalkerPreserve_22,,"Rhithron Associates Inc, Missoula MT",,Tvetenia bavarica Group,129197,,Larva,,,,
Warning,Ambient Monitoring,WalkerPreserve,WalkerPreserve,Sample,GovLocal,9/27/2022,,,,,8,ft2,,,,,,WalkerPreserve_22,,N,,Y,,Solid/Sediment,Freshwater Taxonomy,,SURBER,,,,,,90,Number of Individual Organisms,,1/26/2023,,,1,Count,,,,,,,,,,,ID-COUNT-LEVEL2,,WalkerPreserve_22,,"Rhithron Associates Inc, Missoula MT",,Thienemannimyia Group,128078,,Larva,,,,
Warning,Ambient Monitoring,WalkerPreserve,WalkerPreserve,Sample,GovLocal,9/27/2022,,,,,8,ft2,,,,,,WalkerPreserve_22,,N,,Y,,Solid/Sediment,Freshwater Taxonomy,,SURBER,,,,,,90,Number of Individual Organisms,,1/26/2023,,,14,Count,,,,,,,,,,,ID-COUNT-LEVEL2,,WalkerPreserve_22,,"Rhithron Associates Inc, Missoula MT",,Rhyacophila brunnea/vemna Group,115097,,Larva,,,,
Warning,Ambient Monitoring,WalkerPreserve,WalkerPreserve,Sample,GovLocal,9/27/2022,,,,,8,ft2,,,,,,WalkerPreserve_22,,N,,Y,,Solid/Sediment,Freshwater Taxonomy,,SURBER,,,,,,90,Number of Individual Organisms,,1/26/2023,,,33,Count,,,,,,,,,,,ID-COUNT-LEVEL2,,WalkerPreserve_22,,"Rhithron Associates Inc, Missoula MT",,Baetis tricaudatus complex,100817,,Larva,,,,
Warning,Ambient Monitoring,WalkerPreserve,WalkerPreserve,Sample,GovLocal,9/20/2021,,,,,8,ft2,,,,,,WalkerPreserve_21,,N,,Y,,Solid/Sediment,Freshwater Taxonomy,,SURBER,,,,,,100,Number of Individual Organisms,,3/1/2022,,,3,Count,,,,,,,,,,,ID-COUNT-LEVEL2,,WalkerPreserve_21,,"Rhithron Associates Inc, Missoula MT",,Chamaedrilus,68510,,unknown,,,,
Warning,Ambient Monitoring,WalkerPreserve,WalkerPreserve,Sample,GovLocal,9/20/2021,,,,,8,ft2,,,,,,WalkerPreserve_21,,N,,Y,,Solid/Sediment,Freshwater Taxonomy,,SURBER,,,,,,100,Number of Individual Organisms,,3/1/2022,,,5,Count,,,,,,,,,,,ID-COUNT-LEVEL2,,WalkerPreserve_21,,"Rhithron Associates Inc, Missoula MT",,Tvetenia bavarica Group,129197,,Larva,,,,
Warning,Ambient Monitoring,WalkerPreserve,WalkerPreserve,Sample,GovLocal,9/20/2021,,,,,8,ft2,,,,,,WalkerPreserve_21,,N,,Y,,Solid/Sediment,Freshwater Taxonomy,,SURBER,,,,,,100,Number of Individual Organisms,,3/1/2022,,,5,Count,,,,,,,,,,,ID-COUNT-LEVEL2,,WalkerPreserve_21,,"Rhithron Associates Inc, Missoula MT",,Rhyacophila brunnea/vemna Group,115097,,Larva,,,,
Warning,Ambient Monitoring,WalkerPreserve,WalkerPreserve,Sample,GovLocal,9/20/2021,,,,,8,ft2,,,,,,WalkerPreserve_21,,N,,Y,,Solid/Sediment,Freshwater Taxonomy,,SURBER,,,,,,100,Number of Individual Organisms,,3/1/2022,,,47,Count,,,,,,,,,,,ID-COUNT-LEVEL2,,WalkerPreserve_21,,"Rhithron Associates Inc, Missoula MT",,Baetis tricaudatus complex,100817,,Larva,,,,
Warning,Ambient Monitoring,WalkerPreserve,WalkerPreserve,Sample,GovLocal,8/27/2020,,,,,8,ft2,,,,,,WalkerPreserve_20,,N,,Y,,Solid/Sediment,Freshwater Taxonomy,,SURBER,,,,,,66.67,Number of Individual Organisms,,4/30/2021,,,15,Count,,,,,,,,,,,ID-COUNT-LEVEL2,,WalkerPreserve_20,,"Rhithron Associates Inc, Missoula MT",,Tvetenia bavarica Group,129197,,Larva,,,,
Warning,Ambient Monitoring,WalkerPreserve,WalkerPreserve,Sample,GovLocal,8/27/2020,,,,,8,ft2,,,,,,WalkerPreserve_20,,N,,Y,,Solid/Sediment,Freshwater Taxonomy,,SURBER,,,,,,66.67,Number of Individual Organisms,,4/30/2021,,,2,Count,,,,,,,,,,,ID-COUNT-LEVEL2,,WalkerPreserve_20,,"Rhithron Associates Inc, Missoula MT",,Rhyacophila brunnea/vemna Group,115097,,Larva,,,,
Warning,Ambient Monitoring,WalkerPreserve,WalkerPreserve,Sample,GovLocal,8/27/2020,,,,,8,ft2,,,,,,WalkerPreserve_20,,N,,Y,,Solid/Sediment,Freshwater Taxonomy,,SURBER,,,,,,66.67,Number of Individual Organisms,,4/30/2021,,,33,Count,,,,,,,,,,,ID-COUNT-LEVEL2,,WalkerPreserve_20,,"Rhithron Associates Inc, Missoula MT",,Baetis tricaudatus complex,100817,,Larva,,,,
Warning,Ambient Monitoring,09SOO1134,09SOO1134,Sample,GovLocal,8/27/2024,,,,,8,ft2,,,,,,09SOO1134_24,,N,,Y,,Solid/Sediment,Freshwater Taxonomy,,SURBER,,,,,,30,Number of Individual Organisms,,5/13/2025,,,1,Count,,,,,,,,,,,ID-COUNT-LEVEL2,,09SOO1134_24,,"Rhithron Associates Inc, Missoula MT",,Rhyacophila betteni Group,115097,,Larva,,,,
Warning,Ambient Monitoring,09SOO1134,09SOO1134,Sample,GovLocal,8/27/2024,,,,,8,ft2,,,,,,09SOO1134_24,,N,,Y,,Solid/Sediment,Freshwater Taxonomy,,SURBER,,,,,,30,Number of Individual Organisms,,5/13/2025,,,159,Count,,,,,,,,,,,ID-COUNT-LEVEL2,,09SOO1134_24,,"Rhithron Associates Inc, Missoula MT",,Baetis tricaudatus complex,100817,,Larva,,,,
Warning,Ambient Monitoring,09SOO1134,09SOO1134,Sample,GovLocal,9/5/2023,,,,,8,ft2,,,,,,09SOO1134_23,,N,,Y,,Solid/Sediment,Freshwater Taxonomy,,SURBER,,,,,,100,Number of Individual Organisms,,4/18/2024,,,2,Count,,,,,,,,,,,ID-COUNT-LEVEL2,,09SOO1134_23,,"Rhithron Associates Inc, Missoula MT",,Rhyacophila brunnea/vemna Group,115097,,Larva,,,,
Warning,Ambient Monitoring,09SOO1134,09SOO1134,Sample,GovLocal,9/5/2023,,,,,8,ft2,,,,,,09SOO1134_23,,N,,Y,,Solid/Sediment,Freshwater Taxonomy,,SURBER,,,,,,100,Number of Individual Organisms,,4/18/2024,,,11,Count,,,,,,,,,,,ID-COUNT-LEVEL2,,09SOO1134_23,,"Rhithron Associates Inc, Missoula MT",,Baetis tricaudatus complex,100817,,Larva,,,,
Warning,Ambient Monitoring,09SOO1134,09SOO1134,Sample,GovLocal,9/20/2022,,,,,8,ft2,,,,,,09SOO1134_22,,N,,Y,,Solid/Sediment,Freshwater Taxonomy,,SURBER,,,,,,23.33,Number of Individual Organisms,,5/19/2023,,,1,Count,,,,,,,,,,,ID-COUNT-LEVEL2,,09SOO1134_22,,"Rhithron Associates Inc, Missoula MT",,Zapada oregonensis Group,102591,,Larva,,,,
Warning,Ambient Monitoring,09SOO1134,09SOO1134,Sample,GovLocal,8/15/2019,,,,,8,ft2,,,,,,09SOO1134_19_R,,Y,,Y,,Solid/Sediment,Freshwater Taxonomy,,SURBER,,,,,,16.67,Number of Individual Organisms,,11/4/2019,,,1,Count,,,,,,,,,,,ID-COUNT-LEVEL2,,09SOO1134_19_R,,"Rhithron Associates Inc, Missoula MT",,Rhyacophila betteni Group,115097,,Larva,,,,
Warning,Ambient Monitoring,09SOO1134,09SOO1134,Sample,GovLocal,8/15/2019,,,,,8,ft2,,,,,,09SOO1134_19_R,,Y,,Y,,Solid/Sediment,Freshwater Taxonomy,,SURBER,,,,,,16.67,Number of Individual Organisms,,11/4/2019,,,3,Count,,,,,,,,,,,ID-COUNT-LEVEL2,,09SOO1134_19_R,,"Rhithron Associates Inc, Missoula MT",,Rhyacophila brunnea/vemna Group,115097,,Larva,,,,
Warning,Ambient Monitoring,09SOO1134,09SOO1134,Sample,GovLocal,8/15/2019,,,,,8,ft2,,,,,,09SOO1134_19_R,,Y,,Y,,Solid/Sediment,Freshwater Taxonomy,,SURBER,,,,,,16.67,Number of Individual Organisms,,11/4/2019,,,127,Count,,,,,,,,,,,ID-COUNT-LEVEL2,,09SOO1134_19_R,,"Rhithron Associates Inc, Missoula MT",,Baetis tricaudatus complex,100817,,Larva,,,,
Warning,Ambient Monitoring,09SOO1134,09SOO1134,Sample,GovLocal,8/16/2018,,,,,8,ft2,,,,,,09SOO1134_18,,N,,Y,,Solid/Sediment,Freshwater Taxonomy,,SURBER,,,,,,33.33,Number of Individual Organisms,,10/4/2018,,,2,Count,,,,,,,,,,,ID-COUNT-LEVEL2,,09SOO1134_18,,"Rhithron Associates Inc, Missoula MT",,Chamaedrilus,68510,,unknown,,,,
Warning,Ambient Monitoring,09SOO1134,09SOO1134,Sample,GovLocal,8/16/2018,,,,,8,ft2,,,,,,09SOO1134_18,,N,,Y,,Solid/Sediment,Freshwater Taxonomy,,SURBER,,,,,,33.33,Number of Individual Organisms,,10/4/2018,,,1,Count,,,,,,,,,,,ID-COUNT-LEVEL2,,09SOO1134_18,,"Rhithron Associates Inc, Missoula MT",,Empididae Genus B,0,,Larva,,,,
Warning,Ambient Monitoring,09SOO1134,09SOO1134,Sample,GovLocal,8/16/2018,,,,,8,ft2,,,,,,09SOO1134_18,,N,,Y,,Solid/Sediment,Freshwater Taxonomy,,SURBER,,,,,,33.33,Number of Individual Organisms,,10/4/2018,,,1,Count,,,,,,,,,,,ID-COUNT-LEVEL2,,09SOO1134_18,,"Rhithron Associates Inc, Missoula MT",,Zapada oregonensis Group,102591,,Larva,,,,
Warning,Ambient Monitoring,09SOO1134,09SOO1134,Sample,GovLocal,8/16/2018,,,,,8,ft2,,,,,,09SOO1134_18,,N,,Y,,Solid/Sediment,Freshwater Taxonomy,,SURBER,,,,,,33.33,Number of Individual Organisms,,10/4/2018,,,3,Count,,,,,,,,,,,ID-COUNT-LEVEL2,,09SOO1134_18,,"Rhithron Associates Inc, Missoula MT",,Rhyacophila betteni Group,115097,,Larva,,,,
Warning,Ambient Monitoring,09SOO1134,09SOO1134,Sample,GovLocal,8/16/2018,,,,,8,ft2,,,,,,09SOO1134_18,,N,,Y,,Solid/Sediment,Freshwater Taxonomy,,SURBER,,,,,,33.33,Number of Individual Organisms,,10/4/2018,,,2,Count,,,,,,,,,,,ID-COUNT-LEVEL2,,09SOO1134_18,,"Rhithron Associates Inc, Missoula MT",,Rhyacophila brunnea/vemna Group,115097,,Larva,,,,
Warning,Ambient Monitoring,09SOO1134,09SOO1134,Sample,GovLocal,8/16/2018,,,,,8,ft2,,,,,,09SOO1134_18,,N,,Y,,Solid/Sediment,Freshwater Taxonomy,,SURBER,,,,,,33.33,Number of Individual Organisms,,10/4/2018,,,37,Count,,,,,,,,,,,ID-COUNT-LEVEL2,,09SOO1134_18,,"Rhithron Associates Inc, Missoula MT",,Baetis tricaudatus complex,100817,,Larva,,,,
Warning,Ambient Monitoring,09SOO1134,09SOO1134,Sample,GovLocal,8/2/2017,,,,,8,ft2,,,,,,09SOO1134_17,,N,,Y,,Solid/Sediment,Freshwater Taxonomy,,SURBER,,,,,,36.67,Number of Individual Organisms,,3/16/2018,,,2,Count,,,,,,,,,,,ID-COUNT-LEVEL2,,09SOO1134_17,,"Rhithron Associates Inc, Missoula MT",,Empididae Genus B,0,,Larva,,,,
Warning,Ambient Monitoring,09SOO1022,09SOO1022,Sample,GovLocal,8/23/2023,,,,,8,ft2,,,,,,09SOO1022_23,,N,,Y,,Solid/Sediment,Freshwater Taxonomy,,SURBER,,,,,,13.33,Number of Individual Organisms,,4/18/2024,,,8,Count,,,,,,,,,,,ID-COUNT-LEVEL2,,09SOO1022_23,,"Rhithron Associates Inc, Missoula MT",,Zapada oregonensis Group,102591,,Larva,,,,
Warning,Ambient Monitoring,09SOO1022,09SOO1022,Sample,GovLocal,8/23/2023,,,,,8,ft2,,,,,,09SOO1022_23,,N,,Y,,Solid/Sediment,Freshwater Taxonomy,,SURBER,,,,,,13.33,Number of Individual Organisms,,4/18/2024,,,2,Count,,,,,,,,,,,ID-COUNT-LEVEL2,,09SOO1022_23,,"Rhithron Associates Inc, Missoula MT",,Rhyacophila betteni Group,115097,,Larva,,,,
Warning,Ambient Monitoring,09SOO1022,09SOO1022,Sample,GovLocal,8/23/2023,,,,,8,ft2,,,,,,09SOO1022_23,,N,,Y,,Solid/Sediment,Freshwater Taxonomy,,SURBER,,,,,,13.33,Number of Individual Organisms,,4/18/2024,,,3,Count,,,,,,,,,,,ID-COUNT-LEVEL2,,09SOO1022_23,,"Rhithron Associates Inc, Missoula MT",,Rhyacophila brunnea/vemna Group,115097,,Larva,,,,
Warning,Ambient Monitoring,09SOO1022,09SOO1022,Sample,GovLocal,8/23/2023,,,,,8,ft2,,,,,,09SOO1022_23,,N,,Y,,Solid/Sediment,Freshwater Taxonomy,,SURBER,,,,,,13.33,Number of Individual Organisms,,4/18/2024,,,50,Count,,,,,,,,,,,ID-COUNT-LEVEL2,,09SOO1022_23,,"Rhithron Associates Inc, Missoula MT",,Baetis tricaudatus complex,100817,,Larva,,,,
Warning,Ambient Monitoring,09SOO1022,09SOO1022,Sample,GovLocal,9/20/2022,,,,,8,ft2,,,,,,09SOO1022_22,,N,,Y,,Solid/Sediment,Freshwater Taxonomy,,SURBER,,,,,,56.67,Number of Individual Organisms,,2/1/2023,,,1,Count,,,,,,,,,,,ID-COUNT-LEVEL2,,09SOO1022_22,,"Rhithron Associates Inc, Missoula MT",,Tvetenia bavarica Group,129197,,Larva,,,,
Warning,Ambient Monitoring,09SOO1022,09SOO1022,Sample,GovLocal,9/20/2022,,,,,8,ft2,,,,,,09SOO1022_22,,N,,Y,,Solid/Sediment,Freshwater Taxonomy,,SURBER,,,,,,56.67,Number of Individual Organisms,,2/1/2023,,,1,Count,,,,,,,,,,,ID-COUNT-LEVEL2,,09SOO1022_22,,"Rhithron Associates Inc, Missoula MT",,Pericomaini,125391,,Larva,,,,
Warning,Ambient Monitoring,09SOO1022,09SOO1022,Sample,GovLocal,9/20/2022,,,,,8,ft2,,,,,,09SOO1022_22,,N,,Y,,Solid/Sediment,Freshwater Taxonomy,,SURBER,,,,,,56.67,Number of Individual Organisms,,2/1/2023,,,1,Count,,,,,,,,,,,ID-COUNT-LEVEL2,,09SOO1022_22,,"Rhithron Associates Inc, Missoula MT",,Zapada oregonensis Group,102591,,Larva,,,,
Warning,Ambient Monitoring,09SOO1022,09SOO1022,Sample,GovLocal,9/20/2022,,,,,8,ft2,,,,,,09SOO1022_22,,N,,Y,,Solid/Sediment,Freshwater Taxonomy,,SURBER,,,,,,56.67,Number of Individual Organisms,,2/1/2023,,,2,Count,,,,,,,,,,,ID-COUNT-LEVEL2,,09SOO1022_22,,"Rhithron Associates Inc, Missoula MT",,Rhyacophila betteni Group,115097,,Larva,,,,
Warning,Ambient Monitoring,09SOO1022,09SOO1022,Sample,GovLocal,9/20/2022,,,,,8,ft2,,,,,,09SOO1022_22,,N,,Y,,Solid/Sediment,Freshwater Taxonomy,,SURBER,,,,,,56.67,Number of Individual Organisms,,2/1/2023,,,43,Count,,,,,,,,,,,ID-COUNT-LEVEL2,,09SOO1022_22,,"Rhithron Associates Inc, Missoula MT",,Rhyacophila brunnea/vemna Group,115097,,Larva,,,,
Warning,Ambient Monitoring,09SOO1022,09SOO1022,Sample,GovLocal,9/20/2022,,,,,8,ft2,,,,,,09SOO1022_22,,N,,Y,,Solid/Sediment,Freshwater Taxonomy,,SURBER,,,,,,56.67,Number of Individual Organisms,,2/1/2023,,,11,Count,,,,,,,,,,,ID-COUNT-LEVEL2,,09SOO1022_22,,"Rhithron Associates Inc, Missoula MT",,Baetis tricaudatus complex,100817,,Larva,,,,
Warning,Ambient Monitoring,09SOO1022,09SOO1022,Sample,GovLocal,8/4/2021,,,,,8,ft2,,,,,,09SOO1022_21,,N,,Y,,Solid/Sediment,Freshwater Taxonomy,,SURBER,,,,,,36.67,Number of Individual Organisms,,10/20/2021,,,3,Count,,,,,,,,,,,ID-COUNT-LEVEL2,,09SOO1022_21,,"Rhithron Associates Inc, Missoula MT",,Thienemannimyia Group,128078,,Larva,,,,
Warning,Ambient Monitoring,09SOO1022,09SOO1022,Sample,GovLocal,8/4/2021,,,,,8,ft2,,,,,,09SOO1022_21,,N,,Y,,Solid/Sediment,Freshwater Taxonomy,,SURBER,,,,,,36.67,Number of Individual Organisms,,10/20/2021,,,1,Count,,,,,,,,,,,ID-COUNT-LEVEL2,,09SOO1022_21,,"Rhithron Associates Inc, Missoula MT",,Pericomaini,125391,,Larva,,,,
Warning,Ambient Monitoring,09SOO1022,09SOO1022,Sample,GovLocal,8/2/2017,,,,,8,ft2,,,,,,09SOO1022_17,,N,,Y,,Solid/Sediment,Freshwater Taxonomy,,SURBER,,,,,,60,Number of Individual Organisms,,3/16/2018,,,1,Count,,,,,,,,,,,ID-COUNT-LEVEL2,,09SOO1022_17,,"Rhithron Associates Inc, Missoula MT",,Tvetenia bavarica Group,129197,,Larva,,,,
Warning,Ambient Monitoring,09SOO1022,09SOO1022,Sample,GovLocal,8/2/2017,,,,,8,ft2,,,,,,09SOO1022_17,,N,,Y,,Solid/Sediment,Freshwater Taxonomy,,SURBER,,,,,,60,Number of Individual Organisms,,3/16/2018,,,2,Count,,,,,,,,,,,ID-COUNT-LEVEL2,,09SOO1022_17,,"Rhithron Associates Inc, Missoula MT",,Thienemannimyia Group,128078,,Larva,,,,
Warning,Ambient Monitoring,09SOO1022,09SOO1022,Sample,GovLocal,8/2/2017,,,,,8,ft2,,,,,,09SOO1022_17,,N,,Y,,Solid/Sediment,Freshwater Taxonomy,,SURBER,,,,,,60,Number of Individual Organisms,,3/16/2018,,,10,Count,,,,,,,,,,,ID-COUNT-LEVEL2,,09SOO1022_17,,"Rhithron Associates Inc, Missoula MT",,Rhyacophila betteni Group,115097,,Larva,,,,
Warning,Ambient Monitoring,09SOO1022,09SOO1022,Sample,GovLocal,8/2/2017,,,,,8,ft2,,,,,,09SOO1022_17,,N,,Y,,Solid/Sediment,Freshwater Taxonomy,,SURBER,,,,,,60,Number of Individual Organisms,,3/16/2018,,,20,Count,,,,,,,,,,,ID-COUNT-LEVEL2,,09SOO1022_17,,"Rhithron Associates Inc, Missoula MT",,Rhyacophila brunnea/vemna Group,115097,,Larva,,,,
Warning,Ambient Monitoring,09SOO1022,09SOO1022,Sample,GovLocal,8/2/2017,,,,,8,ft2,,,,,,09SOO1022_17,,N,,Y,,Solid/Sediment,Freshwater Taxonomy,,SURBER,,,,,,60,Number of Individual Organisms,,3/16/2018,,,28,Count,,,,,,,,,,,ID-COUNT-LEVEL2,,09SOO1022_17,,"Rhithron Associates Inc, Missoula MT",,Baetis tricaudatus complex,100817,,Larva,,,,
Warning,Ambient Monitoring,09SOO1022,09SOO1022,Sample,GovLocal,8/30/2016,,,,,8,ft2,,,,,,09SOO1022_16,,N,,Y,,Solid/Sediment,Freshwater Taxonomy,,SURBER,,,,,,23.33,Number of Individual Organisms,,4/4/2017,,,3,Count,,,,,,,,,,,ID-COUNT-LEVEL2,,09SOO1022_16,,"Rhithron Associates Inc, Missoula MT",,Thienemannimyia Group,128078,,Larva,,,,
Warning,Ambient Monitoring,09SOO1022,09SOO1022,Sample,GovLocal,8/30/2016,,,,,8,ft2,,,,,,09SOO1022_16,,N,,Y,,Solid/Sediment,Freshwater Taxonomy,,SURBER,,,,,,23.33,Number of Individual Organisms,,4/4/2017,,,7,Count,,,,,,,,,,,ID-COUNT-LEVEL2,,09SOO1022_16,,"Rhithron Associates Inc, Missoula MT",,Rhyacophila betteni Group,115097,,Larva,,,,
Warning,Ambient Monitoring,09SOO1022,09SOO1022,Sample,GovLocal,8/30/2016,,,,,8,ft2,,,,,,09SOO1022_16,,N,,Y,,Solid/Sediment,Freshwater Taxonomy,,SURBER,,,,,,23.33,Number of Individual Organisms,,4/4/2017,,,12,Count,,,,,,,,,,,ID-COUNT-LEVEL2,,09SOO1022_16,,"Rhithron Associates Inc, Missoula MT",,Rhyacophila brunnea/vemna Group,115097,,Larva,,,,
Warning,Ambient Monitoring,09SOO1022,09SOO1022,Sample,GovLocal,8/30/2016,,,,,8,ft2,,,,,,09SOO1022_16,,N,,Y,,Solid/Sediment,Freshwater Taxonomy,,SURBER,,,,,,23.33,Number of Individual Organisms,,4/4/2017,,,43,Count,,,,,,,,,,,ID-COUNT-LEVEL2,,09SOO1022_16,,"Rhithron Associates Inc, Missoula MT",,Baetis tricaudatus complex,100817,,Larva,,,,
Warning,Ambient Monitoring,09SOO1022,09SOO1022,Sample,GovLocal,8/30/2016,,,,,8,ft2,,,,,,09SOO1022_16_R,,Y,,Y,,Solid/Sediment,Freshwater Taxonomy,,SURBER,,,,,,70,Number of Individual Organisms,,4/4/2017,,,3,Count,,,,,,,,,,,ID-COUNT-LEVEL2,,09SOO1022_16_R,,"Rhithron Associates Inc, Missoula MT",,Thienemannimyia Group,128078,,Larva,,,,
Warning,Ambient Monitoring,09SOO1022,09SOO1022,Sample,GovLocal,8/30/2016,,,,,8,ft2,,,,,,09SOO1022_16_R,,Y,,Y,,Solid/Sediment,Freshwater Taxonomy,,SURBER,,,,,,70,Number of Individual Organisms,,4/4/2017,,,3,Count,,,,,,,,,,,ID-COUNT-LEVEL2,,09SOO1022_16_R,,"Rhithron Associates Inc, Missoula MT",,Zapada oregonensis Group,102591,,Larva,,,,
Warning,Ambient Monitoring,BSE_1_MudMtnRdB,BSE_1_MudMtnRdB,Sample,GovLocal,8/23/2018,,,,,8,ft2,,,,,,BSE_1_MudMtnRdB_18,,N,,Y,,Solid/Sediment,Freshwater Taxonomy,,SURBER,,,,,,10,Number of Individual Organisms,,10/4/2018,,,2,Count,,,,,,,,,,,ID-COUNT-LEVEL2,,BSE_1_MudMtnRdB_18,,"Rhithron Associates Inc, Missoula MT",,Tvetenia bavarica Group,129197,,Larva,,,,
Warning,Ambient Monitoring,BSE_1_MudMtnRdB,BSE_1_MudMtnRdB,Sample,GovLocal,8/23/2018,,,,,8,ft2,,,,,,BSE_1_MudMtnRdB_18,,N,,Y,,Solid/Sediment,Freshwater Taxonomy,,SURBER,,,,,,10,Number of Individual Organisms,,10/4/2018,,,104,Count,,,,,,,,,,,ID-COUNT-LEVEL2,,BSE_1_MudMtnRdB_18,,"Rhithron Associates Inc, Missoula MT",,Baetis tricaudatus complex,100817,,Larva,,,,
Warning,Ambient Monitoring,BSE_1_MudMtnRdB,BSE_1_MudMtnRdB,Sample,GovLocal,8/30/2017,,,,,8,ft2,,,,,,BSE_1_MudMtnRdB_17,,N,,Y,,Solid/Sediment,Freshwater Taxonomy,,SURBER,,,,,,30,Number of Individual Organisms,,3/27/2018,,,21,Count,,,,,,,,,,,ID-COUNT-LEVEL2,,BSE_1_MudMtnRdB_17,,"Rhithron Associates Inc, Missoula MT",,Tvetenia bavarica Group,129197,,Larva,,,,
Warning,Ambient Monitoring,BSE_1_MudMtnRdB,BSE_1_MudMtnRdB,Sample,GovLocal,8/30/2017,,,,,8,ft2,,,,,,BSE_1_MudMtnRdB_17,,N,,Y,,Solid/Sediment,Freshwater Taxonomy,,SURBER,,,,,,30,Number of Individual Organisms,,3/27/2018,,,1,Count,,,,,,,,,,,ID-COUNT-LEVEL2,,BSE_1_MudMtnRdB_17,,"Rhithron Associates Inc, Missoula MT",,Thienemannimyia Group,128078,,Larva,,,,
Warning,Ambient Monitoring,BSE_1_MudMtnRdB,BSE_1_MudMtnRdB,Sample,GovLocal,8/30/2017,,,,,8,ft2,,,,,,BSE_1_MudMtnRdB_17,,N,,Y,,Solid/Sediment,Freshwater Taxonomy,,SURBER,,,,,,30,Number of Individual Organisms,,3/27/2018,,,1,Count,,,,,,,,,,,ID-COUNT-LEVEL2,,BSE_1_MudMtnRdB_17,,"Rhithron Associates Inc, Missoula MT",,Suwalliini,609854,,Larva,,,,
Warning,Ambient Monitoring,BSE_1_MudMtnRdB,BSE_1_MudMtnRdB,Sample,GovLocal,8/30/2017,,,,,8,ft2,,,,,,BSE_1_MudMtnRdB_17,,N,,Y,,Solid/Sediment,Freshwater Taxonomy,,SURBER,,,,,,30,Number of Individual Organisms,,3/27/2018,,,102,Count,,,,,,,,,,,ID-COUNT-LEVEL2,,BSE_1_MudMtnRdB_17,,"Rhithron Associates Inc, Missoula MT",,Baetis tricaudatus complex,100817,,Larva,,,,
Warning,Ambient Monitoring,BSE_21_GolfCrsB,BSE_21_GolfCrsB,Sample,GovLocal,9/1/2021,,,,,8,ft2,,,,,,BSE_21_GolfCrsB_21,,N,,Y,,Solid/Sediment,Freshwater Taxonomy,,SURBER,,,,,,20,Number of Individual Organisms,,3/1/2022,,,14,Count,,,,,,,,,,,ID-COUNT-LEVEL2,,BSE_21_GolfCrsB_21,,"Rhithron Associates Inc, Missoula MT",,Psychodini,125391,,Larva,,,,
Warning,Ambient Monitoring,BSE_21_GolfCrsB,BSE_21_GolfCrsB,Sample,GovLocal,9/1/2021,,,,,8,ft2,,,,,,BSE_21_GolfCrsB_21,,N,,Y,,Solid/Sediment,Freshwater Taxonomy,,SURBER,,,,,,20,Number of Individual Organisms,,3/1/2022,,,2,Count,,,,,,,,,,,ID-COUNT-LEVEL2,,BSE_21_GolfCrsB_21,,"Rhithron Associates Inc, Missoula MT",,Suwalliini,609854,,Larva,,,,
Warning,Ambient Monitoring,BSE_21_GolfCrsB,BSE_21_GolfCrsB,Sample,GovLocal,9/1/2021,,,,,8,ft2,,,,,,BSE_21_GolfCrsB_21,,N,,Y,,Solid/Sediment,Freshwater Taxonomy,,SURBER,,,,,,20,Number of Individual Organisms,,3/1/2022,,,1,Count,,,,,,,,,,,ID-COUNT-LEVEL2,,BSE_21_GolfCrsB_21,,"Rhithron Associates Inc, Missoula MT",,Rhyacophila betteni Group,115097,,Larva,,,,
Warning,Ambient Monitoring,BSE_21_GolfCrsB,BSE_21_GolfCrsB,Sample,GovLocal,9/1/2021,,,,,8,ft2,,,,,,BSE_21_GolfCrsB_21,,N,,Y,,Solid/Sediment,Freshwater Taxonomy,,SURBER,,,,,,20,Number of Individual Organisms,,3/1/2022,,,2,Count,,,,,,,,,,,ID-COUNT-LEVEL2,,BSE_21_GolfCrsB_21,,"Rhithron Associates Inc, Missoula MT",,Rhyacophila brunnea/vemna Group,115097,,Larva,,,,
Warning,Ambient Monitoring,BSE_21_GolfCrsB,BSE_21_GolfCrsB,Sample,GovLocal,9/1/2021,,,,,8,ft2,,,,,,BSE_21_GolfCrsB_21,,N,,Y,,Solid/Sediment,Freshwater Taxonomy,,SURBER,,,,,,20,Number of Individual Organisms,,3/1/2022,,,10,Count,,,,,,,,,,,ID-COUNT-LEVEL2,,BSE_21_GolfCrsB_21,,"Rhithron Associates Inc, Missoula MT",,Ephemerella excrucians Group,101276,,Larva,,,,
Warning,Ambient Monitoring,BSE_21_GolfCrsB,BSE_21_GolfCrsB,Sample,GovLocal,9/1/2021,,,,,8,ft2,,,,,,BSE_21_GolfCrsB_21,,N,,Y,,Solid/Sediment,Freshwater Taxonomy,,SURBER,,,,,,20,Number of Individual Organisms,,3/1/2022,,,113,Count,,,,,,,,,,,ID-COUNT-LEVEL2,,BSE_21_GolfCrsB_21,,"Rhithron Associates Inc, Missoula MT",,Baetis tricaudatus complex,100817,,Larva,,,,
Warning,Ambient Monitoring,BSE_21_GolfCrsB,BSE_21_GolfCrsB,Sample,GovLocal,9/2/2020,,,,,8,ft2,,,,,,BSE_21_GolfCrsB_20,,N,,Y,,Solid/Sediment,Freshwater Taxonomy,,SURBER,,,,,,36.67,Number of Individual Organisms,,12/18/2020,,,1,Count,,,,,,,,,,,ID-COUNT-LEVEL2,,BSE_21_GolfCrsB_20,,"Rhithron Associates Inc, Missoula MT",,Cystobranchus salmositicus,69339,,unknown,,,,
Warning,Ambient Monitoring,BSE_21_GolfCrsB,BSE_21_GolfCrsB,Sample,GovLocal,9/2/2020,,,,,8,ft2,,,,,,BSE_21_GolfCrsB_20,,N,,Y,,Solid/Sediment,Freshwater Taxonomy,,SURBER,,,,,,36.67,Number of Individual Organisms,,12/18/2020,,,7,Count,,,,,,,,,,,ID-COUNT-LEVEL2,,BSE_21_GolfCrsB_20,,"Rhithron Associates Inc, Missoula MT",,Pericomaini,125391,,Larva,,,,
Warning,Ambient Monitoring,BSE_21_GolfCrsB,BSE_21_GolfCrsB,Sample,GovLocal,9/2/2020,,,,,8,ft2,,,,,,BSE_21_GolfCrsB_20,,N,,Y,,Solid/Sediment,Freshwater Taxonomy,,SURBER,,,,,,36.67,Number of Individual Organisms,,12/18/2020,,,2,Count,,,,,,,,,,,ID-COUNT-LEVEL2,,BSE_21_GolfCrsB_20,,"Rhithron Associates Inc, Missoula MT",,Suwalliini,609854,,Larva,,,,
Warning,Ambient Monitoring,BSE_21_GolfCrsB,BSE_21_GolfCrsB,Sample,GovLocal,9/2/2020,,,,,8,ft2,,,,,,BSE_21_GolfCrsB_20,,N,,Y,,Solid/Sediment,Freshwater Taxonomy,,SURBER,,,,,,36.67,Number of Individual Organisms,,12/18/2020,,,1,Count,,,,,,,,,,,ID-COUNT-LEVEL2,,BSE_21_GolfCrsB_20,,"Rhithron Associates Inc, Missoula MT",,Perlinodes aureus,103134,,Larva,,,,
Warning,Ambient Monitoring,BSE_21_GolfCrsB,BSE_21_GolfCrsB,Sample,GovLocal,9/2/2020,,,,,8,ft2,,,,,,BSE_21_GolfCrsB_20,,N,,Y,,Solid/Sediment,Freshwater Taxonomy,,SURBER,,,,,,36.67,Number of Individual Organisms,,12/18/2020,,,2,Count,,,,,,,,,,,ID-COUNT-LEVEL2,,BSE_21_GolfCrsB_20,,"Rhithron Associates Inc, Missoula MT",,Rhyacophila betteni Group,115097,,Larva,,,,
Warning,Ambient Monitoring,BSE_21_GolfCrsB,BSE_21_GolfCrsB,Sample,GovLocal,9/2/2020,,,,,8,ft2,,,,,,BSE_21_GolfCrsB_20,,N,,Y,,Solid/Sediment,Freshwater Taxonomy,,SURBER,,,,,,36.67,Number of Individual Organisms,,12/18/2020,,,3,Count,,,,,,,,,,,ID-COUNT-LEVEL2,,BSE_21_GolfCrsB_20,,"Rhithron Associates Inc, Missoula MT",,Rhyacophila brunnea/vemna Group,115097,,Larva,,,,
Warning,Ambient Monitoring,BSE_21_GolfCrsB,BSE_21_GolfCrsB,Sample,GovLocal,9/2/2020,,,,,8,ft2,,,,,,BSE_21_GolfCrsB_20,,N,,Y,,Solid/Sediment,Freshwater Taxonomy,,SURBER,,,,,,36.67,Number of Individual Organisms,,12/18/2020,,,118,Count,,,,,,,,,,,ID-COUNT-LEVEL2,,BSE_21_GolfCrsB_20,,"Rhithron Associates Inc, Missoula MT",,Baetis tricaudatus complex,100817,,Larva,,,,
Warning,Ambient Monitoring,BSE_21_GolfCrsB,BSE_21_GolfCrsB,Sample,GovLocal,9/10/2019,,,,,8,ft2,,,,,,BSE_21_GolfCrsB_19,,N,,Y,,Solid/Sediment,Freshwater Taxonomy,,SURBER,,,,,,16.67,Number of Individual Organisms,,2/7/2020,,,2,Count,,,,,,,,,,,ID-COUNT-LEVEL2,,BSE_21_GolfCrsB_19,,"Rhithron Associates Inc, Missoula MT",,Chamaedrilus,68510,,unknown,,,,
Warning,Ambient Monitoring,BSE_21_GolfCrsB,BSE_21_GolfCrsB,Sample,GovLocal,9/10/2019,,,,,8,ft2,,,,,,BSE_21_GolfCrsB_19,,N,,Y,,Solid/Sediment,Freshwater Taxonomy,,SURBER,,,,,,16.67,Number of Individual Organisms,,2/7/2020,,,1,Count,,,,,,,,,,,ID-COUNT-LEVEL2,,BSE_21_GolfCrsB_19,,"Rhithron Associates Inc, Missoula MT",,Monatractides,83249,,Adult,,,,
Warning,Ambient Monitoring,BSE_21_GolfCrsB,BSE_21_GolfCrsB,Sample,GovLocal,8/29/2016,,,,,8,ft2,,,,,,BSE_21_GolfCrsB_16,,N,,Y,,Solid/Sediment,Freshwater Taxonomy,,SURBER,,,,,,10,Number of Individual Organisms,,3/8/2017,,,2,Count,,,,,,,,,,,ID-COUNT-LEVEL2,,BSE_21_GolfCrsB_16,,"Rhithron Associates Inc, Missoula MT",,Rhyacophila betteni Group,115097,,Larva,,,,
Warning,Ambient Monitoring,BSE_21_GolfCrsB,BSE_21_GolfCrsB,Sample,GovLocal,8/29/2016,,,,,8,ft2,,,,,,BSE_21_GolfCrsB_16,,N,,Y,,Solid/Sediment,Freshwater Taxonomy,,SURBER,,,,,,10,Number of Individual Organisms,,3/8/2017,,,146,Count,,,,,,,,,,,ID-COUNT-LEVEL2,,BSE_21_GolfCrsB_16,,"Rhithron Associates Inc, Missoula MT",,Baetis tricaudatus complex,100817,,Larva,,,,
Warning,Ambient Monitoring,BSE_8_268thAve,BSE_8_268thAve~,Sample,GovLocal,7/15/2024,,,,,8,ft2,,,,,,BSE_8_268thAveSE_24,,N,,Y,,Solid/Sediment,Freshwater Taxonomy,,SURBER,,,,,,13.33,Number of Individual Organisms,,12/17/2025,,,3,Count,,,,,,,,,,,ID-COUNT-LEVEL2,,BSE_8_268thAveSE_24,,"Rhithron Associates Inc, Missoula MT",,Monatractides,83249,,Adult,,,,
Warning,Ambient Monitoring,BSE_8_268thAve,BSE_8_268thAve~,Sample,GovLocal,7/15/2024,,,,,8,ft2,,,,,,BSE_8_268thAveSE_24,,N,,Y,,Solid/Sediment,Freshwater Taxonomy,,SURBER,,,,,,13.33,Number of Individual Organisms,,12/17/2025,,,9,Count,,,,,,,,,,,ID-COUNT-LEVEL2,,BSE_8_268thAveSE_24,,"Rhithron Associates Inc, Missoula MT",,Tvetenia bavarica Group,129197,,Larva,,,,
Warning,Ambient Monitoring,BSE_8_268thAve,BSE_8_268thAve~,Sample,GovLocal,7/15/2024,,,,,8,ft2,,,,,,BSE_8_268thAveSE_24,,N,,Y,,Solid/Sediment,Freshwater Taxonomy,,SURBER,,,,,,13.33,Number of Individual Organisms,,12/17/2025,,,9,Count,,,,,,,,,,,ID-COUNT-LEVEL2,,BSE_8_268thAveSE_24,,"Rhithron Associates Inc, Missoula MT",,Thienemannimyia Group,128078,,Larva,,,,
Warning,Ambient Monitoring,BSE_8_268thAve,BSE_8_268thAve~,Sample,GovLocal,7/15/2024,,,,,8,ft2,,,,,,BSE_8_268thAveSE_24,,N,,Y,,Solid/Sediment,Freshwater Taxonomy,,SURBER,,,,,,13.33,Number of Individual Organisms,,12/17/2025,,,1,Count,,,,,,,,,,,ID-COUNT-LEVEL2,,BSE_8_268thAveSE_24,,"Rhithron Associates Inc, Missoula MT",,Pericomaini,125391,,Larva,,,,
Warning,Ambient Monitoring,BSE_8_268thAve,BSE_8_268thAve~,Sample,GovLocal,7/15/2024,,,,,8,ft2,,,,,,BSE_8_268thAveSE_24,,N,,Y,,Solid/Sediment,Freshwater Taxonomy,,SURBER,,,,,,13.33,Number of Individual Organisms,,12/17/2025,,,1,Count,,,,,,,,,,,ID-COUNT-LEVEL2,,BSE_8_268thAveSE_24,,"Rhithron Associates Inc, Missoula MT",,Rhyacophila betteni Group,115097,,Larva,,,,
Warning,Ambient Monitoring,BSE_8_268thAve,BSE_8_268thAve~,Sample,GovLocal,7/15/2024,,,,,8,ft2,,,,,,BSE_8_268thAveSE_24,,N,,Y,,Solid/Sediment,Freshwater Taxonomy,,SURBER,,,,,,13.33,Number of Individual Organisms,,12/17/2025,,,67,Count,,,,,,,,,,,ID-COUNT-LEVEL2,,BSE_8_268thAveSE_24,,"Rhithron Associates Inc, Missoula MT",,Baetis tricaudatus complex,100817,,Larva,,,,
Warning,Ambient Monitoring,BSE_8_268thAve,BSE_8_268thAve~,Sample,GovLocal,7/15/2024,,,,,8,ft2,,,,,,BSE_8_268thAveSE_24,,N,,Y,,Solid/Sediment,Freshwater Taxonomy,,SURBER,,,,,,13.33,Number of Individual Organisms,,12/17/2025,,,10,Count,,,,,,,,,,,ID-COUNT-LEVEL2,,BSE_8_268thAveSE_24,,"Rhithron Associates Inc, Missoula MT",,Afghanurus,100504,,Larva,,,,
Warning,Ambient Monitoring,BSE_8_268thAve,BSE_8_268thAve~,Sample,GovLocal,8/30/2017,,,,,8,ft2,,,,,,BSE_8_268thAveSE_17,,N,,Y,,Solid/Sediment,Freshwater Taxonomy,,SURBER,,,,,,16.67,Number of Individual Organisms,,3/27/2018,,,1,Count,,,,,,,,,,,ID-COUNT-LEVEL2,,BSE_8_268thAveSE_17,,"Rhithron Associates Inc, Missoula MT",,Potthastia longimanus Group,128408,,Larva,,,,
Warning,Ambient Monitoring,BSE_8_268thAve,BSE_8_268thAve~,Sample,GovLocal,8/30/2017,,,,,8,ft2,,,,,,BSE_8_268thAveSE_17,,N,,Y,,Solid/Sediment,Freshwater Taxonomy,,SURBER,,,,,,16.67,Number of Individual Organisms,,3/27/2018,,,19,Count,,,,,,,,,,,ID-COUNT-LEVEL2,,BSE_8_268thAveSE_17,,"Rhithron Associates Inc, Missoula MT",,Tvetenia bavarica Group,129197,,Larva,,,,
Warning,Ambient Monitoring,BSE_8_268thAve,BSE_8_268thAve~,Sample,GovLocal,8/30/2017,,,,,8,ft2,,,,,,BSE_8_268thAveSE_17,,N,,Y,,Solid/Sediment,Freshwater Taxonomy,,SURBER,,,,,,16.67,Number of Individual Organisms,,3/27/2018,,,4,Count,,,,,,,,,,,ID-COUNT-LEVEL2,,BSE_8_268thAveSE_17,,"Rhithron Associates Inc, Missoula MT",,Thienemannimyia Group,128078,,Larva,,,,
Warning,Ambient Monitoring,BSE_8_268thAve,BSE_8_268thAve~,Sample,GovLocal,8/30/2017,,,,,8,ft2,,,,,,BSE_8_268thAveSE_17,,N,,Y,,Solid/Sediment,Freshwater Taxonomy,,SURBER,,,,,,16.67,Number of Individual Organisms,,3/27/2018,,,1,Count,,,,,,,,,,,ID-COUNT-LEVEL2,,BSE_8_268thAveSE_17,,"Rhithron Associates Inc, Missoula MT",,Rhyacophila betteni Group,115097,,Larva,,,,
Warning,Ambient Monitoring,BSE_8_268thAve,BSE_8_268thAve~,Sample,GovLocal,8/30/2017,,,,,8,ft2,,,,,,BSE_8_268thAveSE_17,,N,,Y,,Solid/Sediment,Freshwater Taxonomy,,SURBER,,,,,,16.67,Number of Individual Organisms,,3/27/2018,,,15,Count,,,,,,,,,,,ID-COUNT-LEVEL2,,BSE_8_268thAveSE_17,,"Rhithron Associates Inc, Missoula MT",,Rhyacophila brunnea/vemna Group,115097,,Larva,,,,
Warning,Ambient Monitoring,BSE_8_268thAve,BSE_8_268thAve~,Sample,GovLocal,8/30/2017,,,,,8,ft2,,,,,,BSE_8_268thAveSE_17,,N,,Y,,Solid/Sediment,Freshwater Taxonomy,,SURBER,,,,,,16.67,Number of Individual Organisms,,3/27/2018,,,11,Count,,,,,,,,,,,ID-COUNT-LEVEL2,,BSE_8_268thAveSE_17,,"Rhithron Associates Inc, Missoula MT",,Baetis tricaudatus complex,100817,,Larva,,,,
Warning,Ambient Monitoring,BSE_8_268thAve,BSE_8_268thAve~,Sample,GovLocal,8/29/2016,,,,,8,ft2,,,,,,BSE_8_268thAveSE_16,,N,,Y,,Solid/Sediment,Freshwater Taxonomy,,SURBER,,,,,,6.67,Number of Individual Organisms,,3/8/2017,,,1,Count,,,,,,,,,,,ID-COUNT-LEVEL2,,BSE_8_268thAveSE_16,,"Rhithron Associates Inc, Missoula MT",,Monatractides,83249,,Adult,,,,
Warning,Ambient Monitoring,BSE_8_268thAve,BSE_8_268thAve~,Sample,GovLocal,8/29/2016,,,,,8,ft2,,,,,,BSE_8_268thAveSE_16,,N,,Y,,Solid/Sediment,Freshwater Taxonomy,,SURBER,,,,,,6.67,Number of Individual Organisms,,3/8/2017,,,8,Count,,,,,,,,,,,ID-COUNT-LEVEL2,,BSE_8_268thAveSE_16,,"Rhithron Associates Inc, Missoula MT",,Tvetenia bavarica Group,129197,,Larva,,,,
Warning,Ambient Monitoring,BSE_8_268thAve,BSE_8_268thAve~,Sample,GovLocal,8/29/2016,,,,,8,ft2,,,,,,BSE_8_268thAveSE_16,,N,,Y,,Solid/Sediment,Freshwater Taxonomy,,SURBER,,,,,,6.67,Number of Individual Organisms,,3/8/2017,,,3,Count,,,,,,,,,,,ID-COUNT-LEVEL2,,BSE_8_268thAveSE_16,,"Rhithron Associates Inc, Missoula MT",,Thienemannimyia Group,128078,,Larva,,,,
Warning,Ambient Monitoring,BSE_8_268thAve,BSE_8_268thAve~,Sample,GovLocal,8/29/2016,,,,,8,ft2,,,,,,BSE_8_268thAveSE_16,,N,,Y,,Solid/Sediment,Freshwater Taxonomy,,SURBER,,,,,,6.67,Number of Individual Organisms,,3/8/2017,,,1,Count,,,,,,,,,,,ID-COUNT-LEVEL2,,BSE_8_268thAveSE_16,,"Rhithron Associates Inc, Missoula MT",,Rhyacophila betteni Group,115097,,Larva,,,,
Warning,Ambient Monitoring,BSE_8_268thAve,BSE_8_268thAve~,Sample,GovLocal,8/29/2016,,,,,8,ft2,,,,,,BSE_8_268thAveSE_16,,N,,Y,,Solid/Sediment,Freshwater Taxonomy,,SURBER,,,,,,6.67,Number of Individual Organisms,,3/8/2017,,,2,Count,,,,,,,,,,,ID-COUNT-LEVEL2,,BSE_8_268thAveSE_16,,"Rhithron Associates Inc, Missoula MT",,Rhyacophila brunnea/vemna Group,115097,,Larva,,,,
Warning,Ambient Monitoring,BSE_8_268thAve,BSE_8_268thAve~,Sample,GovLocal,8/29/2016,,,,,8,ft2,,,,,,BSE_8_268thAveSE_16,,N,,Y,,Solid/Sediment,Freshwater Taxonomy,,SURBER,,,,,,6.67,Number of Individual Organisms,,3/8/2017,,,68,Count,,,,,,,,,,,ID-COUNT-LEVEL2,,BSE_8_268thAveSE_16,,"Rhithron Associates Inc, Missoula MT",,Baetis tricaudatus complex,100817,,Larva,,,,
Warning,Ambient Monitoring,BSE_8_268thAve,BSE_8_268thAve~,Sample,GovLocal,9/15/2015,,,,,8,ft2,,,,,,BSE_8_268thAveSE_15,,N,,Y,,Solid/Sediment,Freshwater Taxonomy,,SURBER,,,,,,13.33,Number of Individual Organisms,,4/7/2016,,,4,Count,,,,,,,,,,,ID-COUNT-LEVEL2,,BSE_8_268thAveSE_15,,"Rhithron Associates Inc, Missoula MT",,Monatractides,83249,,Adult,,,,
Warning,Ambient Monitoring,Miller_Cove,Miller_Cove,Sample,GovLocal,8/27/2020,,,,,8,ft2,,,,,,Miller_Cove_20,,N,,Y,,Solid/Sediment,Freshwater Taxonomy,,SURBER,,,,,,20,Number of Individual Organisms,,4/30/2021,,,30,Count,,,,,,,,,,,ID-COUNT-LEVEL2,,Miller_Cove_20,,"Rhithron Associates Inc, Missoula MT",,Baetis tricaudatus complex,100817,,Larva,,,,
Warning,Ambient Monitoring,Miller_Cove,Miller_Cove,Sample,GovLocal,8/26/2019,,,,,8,ft2,,,,,,Miller_Cove_19,,N,,Y,,Solid/Sediment,Freshwater Taxonomy,,SURBER,,,,,,30,Number of Individual Organisms,,11/6/2019,,,1,Count,,,,,,,,,,,ID-COUNT-LEVEL2,,Miller_Cove_19,,"Rhithron Associates Inc, Missoula MT",,Tvetenia bavarica Group,129197,,Larva,,,,
Warning,Ambient Monitoring,Miller_Cove,Miller_Cove,Sample,GovLocal,8/26/2019,,,,,8,ft2,,,,,,Miller_Cove_19,,N,,Y,,Solid/Sediment,Freshwater Taxonomy,,SURBER,,,,,,30,Number of Individual Organisms,,11/6/2019,,,5,Count,,,,,,,,,,,ID-COUNT-LEVEL2,,Miller_Cove_19,,"Rhithron Associates Inc, Missoula MT",,Thienemannimyia Group,128078,,Larva,,,,
Warning,Ambient Monitoring,Miller_Cove,Miller_Cove,Sample,GovLocal,8/26/2019,,,,,8,ft2,,,,,,Miller_Cove_19,,N,,Y,,Solid/Sediment,Freshwater Taxonomy,,SURBER,,,,,,30,Number of Individual Organisms,,11/6/2019,,,57,Count,,,,,,,,,,,ID-COUNT-LEVEL2,,Miller_Cove_19,,"Rhithron Associates Inc, Missoula MT",,Baetis tricaudatus complex,100817,,Larva,,,,
Warning,Ambient Monitoring,Miller_Cove,Miller_Cove,Sample,GovLocal,8/30/2018,,,,,8,ft2,,,,,,Miller_Cove_18,,N,,Y,,Solid/Sediment,Freshwater Taxonomy,,SURBER,,,,,,70,Number of Individual Organisms,,10/1/2018,,,1,Count,,,,,,,,,,,ID-COUNT-LEVEL2,,Miller_Cove_18,,"Rhithron Associates Inc, Missoula MT",,Orthocladiinae Genus 5 (Coffman and Ferrington),128457,,Larva,,,,
Warning,Ambient Monitoring,Miller_Cove,Miller_Cove,Sample,GovLocal,8/30/2018,,,,,8,ft2,,,,,,Miller_Cove_18,,N,,Y,,Solid/Sediment,Freshwater Taxonomy,,SURBER,,,,,,70,Number of Individual Organisms,,10/1/2018,,,6,Count,,,,,,,,,,,ID-COUNT-LEVEL2,,Miller_Cove_18,,"Rhithron Associates Inc, Missoula MT",,Tvetenia bavarica Group,129197,,Larva,,,,
Warning,Ambient Monitoring,Miller_Cove,Miller_Cove,Sample,GovLocal,8/30/2018,,,,,8,ft2,,,,,,Miller_Cove_18,,N,,Y,,Solid/Sediment,Freshwater Taxonomy,,SURBER,,,,,,70,Number of Individual Organisms,,10/1/2018,,,1,Count,,,,,,,,,,,ID-COUNT-LEVEL2,,Miller_Cove_18,,"Rhithron Associates Inc, Missoula MT",,Thienemannimyia Group,128078,,Larva,,,,
Warning,Ambient Monitoring,Miller_SWSSD,Miller_SWSSD,Sample,GovLocal,8/27/2020,,,,,8,ft2,,,,,,Miller_SWSSD_20,,N,,Y,,Solid/Sediment,Freshwater Taxonomy,,SURBER,,,,,,6.67,Number of Individual Organisms,,4/30/2021,,,32,Count,,,,,,,,,,,ID-COUNT-LEVEL2,,Miller_SWSSD_20,,"Rhithron Associates Inc, Missoula MT",,Tvetenia bavarica Group,129197,,Larva,,,,
Warning,Ambient Monitoring,Miller_SWSSD,Miller_SWSSD,Sample,GovLocal,8/27/2020,,,,,8,ft2,,,,,,Miller_SWSSD_20,,N,,Y,,Solid/Sediment,Freshwater Taxonomy,,SURBER,,,,,,6.67,Number of Individual Organisms,,4/30/2021,,,19,Count,,,,,,,,,,,ID-COUNT-LEVEL2,,Miller_SWSSD_20,,"Rhithron Associates Inc, Missoula MT",,Baetis tricaudatus complex,100817,,Larva,,,,
Warning,Ambient Monitoring,Miller_SWSSD,Miller_SWSSD,Sample,GovLocal,8/26/2019,,,,,8,ft2,,,,,,Miller_SWSSD_19,,N,,Y,,Solid/Sediment,Freshwater Taxonomy,,SURBER,,,,,,13.33,Number of Individual Organisms,,10/15/2019,,,1,Count,,,,,,,,,,,ID-COUNT-LEVEL2,,Miller_SWSSD_19,,"Rhithron Associates Inc, Missoula MT",,Potthastia gaedii Group,128408,,Larva,,,,
Warning,Ambient Monitoring,Miller_SWSSD,Miller_SWSSD,Sample,GovLocal,8/26/2019,,,,,8,ft2,,,,,,Miller_SWSSD_19,,N,,Y,,Solid/Sediment,Freshwater Taxonomy,,SURBER,,,,,,13.33,Number of Individual Organisms,,10/15/2019,,,6,Count,,,,,,,,,,,ID-COUNT-LEVEL2,,Miller_SWSSD_19,,"Rhithron Associates Inc, Missoula MT",,Tvetenia bavarica Group,129197,,Larva,,,,
Warning,Ambient Monitoring,Miller_SWSSD,Miller_SWSSD,Sample,GovLocal,8/26/2019,,,,,8,ft2,,,,,,Miller_SWSSD_19,,N,,Y,,Solid/Sediment,Freshwater Taxonomy,,SURBER,,,,,,13.33,Number of Individual Organisms,,10/15/2019,,,30,Count,,,,,,,,,,,ID-COUNT-LEVEL2,,Miller_SWSSD_19,,"Rhithron Associates Inc, Missoula MT",,Baetis tricaudatus complex,100817,,Larva,,,,
Warning,Ambient Monitoring,Miller_SWSSD,Miller_SWSSD,Sample,GovLocal,8/30/2018,,,,,8,ft2,,,,,,Miller_SWSSD_18,,N,,Y,,Solid/Sediment,Freshwater Taxonomy,,SURBER,,,,,,30,Number of Individual Organisms,,10/1/2018,,,2,Count,,,,,,,,,,,ID-COUNT-LEVEL2,,Miller_SWSSD_18,,"Rhithron Associates Inc, Missoula MT",,Rhyacophila brunnea/vemna Group,115097,,Larva,,,,
Warning,Ambient Monitoring,Miller_SWSSD,Miller_SWSSD,Sample,GovLocal,8/30/2018,,,,,8,ft2,,,,,,Miller_SWSSD_18,,N,,Y,,Solid/Sediment,Freshwater Taxonomy,,SURBER,,,,,,30,Number of Individual Organisms,,10/1/2018,,,31,Count,,,,,,,,,,,ID-COUNT-LEVEL2,,Miller_SWSSD_18,,"Rhithron Associates Inc, Missoula MT",,Baetis tricaudatus complex,100817,,Larva,,,,
Warning,Ambient Monitoring,Miller_SWSSD,Miller_SWSSD,Sample,GovLocal,9/13/2017,,,,,8,ft2,,,,,,Miller_SWSSD_17,,N,,Y,,Solid/Sediment,Freshwater Taxonomy,,SURBER,,,,,,20,Number of Individual Organisms,,3/27/2018,,,20,Count,,,,,,,,,,,ID-COUNT-LEVEL2,,Miller_SWSSD_17,,"Rhithron Associates Inc, Missoula MT",,Tvetenia bavarica Group,129197,,Larva,,,,
Warning,Ambient Monitoring,WalkerPreserve,WalkerPreserve,Sample,GovLocal,8/26/2019,,,,,8,ft2,,,,,,WalkerPreserve_19,,N,,Y,,Solid/Sediment,Freshwater Taxonomy,,SURBER,,,,,,56.67,Number of Individual Organisms,,11/6/2019,,,1,Count,,,,,,,,,,,ID-COUNT-LEVEL2,,WalkerPreserve_19,,"Rhithron Associates Inc, Missoula MT",,Chamaedrilus,68510,,unknown,,,,
Warning,Ambient Monitoring,WalkerPreserve,WalkerPreserve,Sample,GovLocal,8/26/2019,,,,,8,ft2,,,,,,WalkerPreserve_19,,N,,Y,,Solid/Sediment,Freshwater Taxonomy,,SURBER,,,,,,56.67,Number of Individual Organisms,,11/6/2019,,,2,Count,,,,,,,,,,,ID-COUNT-LEVEL2,,WalkerPreserve_19,,"Rhithron Associates Inc, Missoula MT",,Tvetenia bavarica Group,129197,,Larva,,,,
Warning,Ambient Monitoring,WalkerPreserve,WalkerPreserve,Sample,GovLocal,8/26/2019,,,,,8,ft2,,,,,,WalkerPreserve_19,,N,,Y,,Solid/Sediment,Freshwater Taxonomy,,SURBER,,,,,,56.67,Number of Individual Organisms,,11/6/2019,,,1,Count,,,,,,,,,,,ID-COUNT-LEVEL2,,WalkerPreserve_19,,"Rhithron Associates Inc, Missoula MT",,Rhyacophila brunnea/vemna Group,115097,,Larva,,,,
Warning,Ambient Monitoring,WalkerPreserve,WalkerPreserve,Sample,GovLocal,8/26/2019,,,,,8,ft2,,,,,,WalkerPreserve_19,,N,,Y,,Solid/Sediment,Freshwater Taxonomy,,SURBER,,,,,,56.67,Number of Individual Organisms,,11/6/2019,,,49,Count,,,,,,,,,,,ID-COUNT-LEVEL2,,WalkerPreserve_19,,"Rhithron Associates Inc, Missoula MT",,Baetis tricaudatus complex,100817,,Larva,,,,
Warning,Ambient Monitoring,WalkerPreserve,WalkerPreserve,Sample,GovLocal,8/30/2018,,,,,8,ft2,,,,,,WalkerPreserve_18,,N,,Y,,Solid/Sediment,Freshwater Taxonomy,,SURBER,,,,,,100,Number of Individual Organisms,,10/1/2018,,,1,Count,,,,,,,,,,,ID-COUNT-LEVEL2,,WalkerPreserve_18,,"Rhithron Associates Inc, Missoula MT",,Chamaedrilus,68510,,unknown,,,,
Warning,Ambient Monitoring,WalkerPreserve,WalkerPreserve,Sample,GovLocal,8/30/2018,,,,,8,ft2,,,,,,WalkerPreserve_18,,N,,Y,,Solid/Sediment,Freshwater Taxonomy,,SURBER,,,,,,100,Number of Individual Organisms,,10/1/2018,,,2,Count,,,,,,,,,,,ID-COUNT-LEVEL2,,WalkerPreserve_18,,"Rhithron Associates Inc, Missoula MT",,Tvetenia bavarica Group,129197,,Larva,,,,
Warning,Ambient Monitoring,WalkerPreserve,WalkerPreserve,Sample,GovLocal,8/30/2018,,,,,8,ft2,,,,,,WalkerPreserve_18,,N,,Y,,Solid/Sediment,Freshwater Taxonomy,,SURBER,,,,,,100,Number of Individual Organisms,,10/1/2018,,,1,Count,,,,,,,,,,,ID-COUNT-LEVEL2,,WalkerPreserve_18,,"Rhithron Associates Inc, Missoula MT",,Suwalliini,609854,,Larva,,,,
Warning,Ambient Monitoring,WalkerPreserve,WalkerPreserve,Sample,GovLocal,8/30/2018,,,,,8,ft2,,,,,,WalkerPreserve_18,,N,,Y,,Solid/Sediment,Freshwater Taxonomy,,SURBER,,,,,,100,Number of Individual Organisms,,10/1/2018,,,25,Count,,,,,,,,,,,ID-COUNT-LEVEL2,,WalkerPreserve_18,,"Rhithron Associates Inc, Missoula MT",,Rhyacophila brunnea/vemna Group,115097,,Larva,,,,
Warning,Ambient Monitoring,WalkerPreserve,WalkerPreserve,Sample,GovLocal,8/30/2018,,,,,8,ft2,,,,,,WalkerPreserve_18,,N,,Y,,Solid/Sediment,Freshwater Taxonomy,,SURBER,,,,,,100,Number of Individual Organisms,,10/1/2018,,,28,Count,,,,,,,,,,,ID-COUNT-LEVEL2,,WalkerPreserve_18,,"Rhithron Associates Inc, Missoula MT",,Baetis tricaudatus complex,100817,,Larva,,,,
Warning,Ambient Monitoring,WalkerPreserve,WalkerPreserve,Sample,GovLocal,9/13/2017,,,,,8,ft2,,,,,,WalkerPreserve_17,,N,,Y,,Solid/Sediment,Freshwater Taxonomy,,SURBER,,,,,,93.33,Number of Individual Organisms,,3/27/2018,,,3,Count,,,,,,,,,,,ID-COUNT-LEVEL2,,WalkerPreserve_17,,"Rhithron Associates Inc, Missoula MT",,Tvetenia bavarica Group,129197,,Larva,,,,
Warning,Ambient Monitoring,WalkerPreserve,WalkerPreserve,Sample,GovLocal,9/13/2017,,,,,8,ft2,,,,,,WalkerPreserve_17,,N,,Y,,Solid/Sediment,Freshwater Taxonomy,,SURBER,,,,,,93.33,Number of Individual Organisms,,3/27/2018,,,34,Count,,,,,,,,,,,ID-COUNT-LEVEL2,,WalkerPreserve_17,,"Rhithron Associates Inc, Missoula MT",,Rhyacophila brunnea/vemna Group,115097,,Larva,,,,
Warning,Ambient Monitoring,WalkerPreserve,WalkerPreserve,Sample,GovLocal,9/13/2017,,,,,8,ft2,,,,,,WalkerPreserve_17,,N,,Y,,Solid/Sediment,Freshwater Taxonomy,,SURBER,,,,,,93.33,Number of Individual Organisms,,3/27/2018,,,14,Count,,,,,,,,,,,ID-COUNT-LEVEL2,,WalkerPreserve_17,,"Rhithron Associates Inc, Missoula MT",,Baetis tricaudatus complex,100817,,Larva,,,,
Warning,Ambient Monitoring,WalkerPreserve,WalkerPreserve,Sample,GovLocal,8/31/2016,,,,,8,ft2,,,,,,WalkerPreserve_16,,N,,Y,,Solid/Sediment,Freshwater Taxonomy,,SURBER,,,,,,33.33,Number of Individual Organisms,,3/8/2017,,,6,Count,,,,,,,,,,,ID-COUNT-LEVEL2,,WalkerPreserve_16,,"Rhithron Associates Inc, Missoula MT",,Tvetenia bavarica Group,129197,,Larva,,,,
Warning,Ambient Monitoring,09SOO1134,09SOO1134,Sample,GovLocal,9/20/2022,,,,,8,ft2,,,,,,09SOO1134_22,,N,,Y,,Solid/Sediment,Freshwater Taxonomy,,SURBER,,,,,,23.33,Number of Individual Organisms,,5/19/2023,,,6,Count,,,,,,,,,,,ID-COUNT-LEVEL2,,09SOO1134_22,,"Rhithron Associates Inc, Missoula MT",,Rhyacophila brunnea/vemna Group,115097,,Larva,,,,
Warning,Ambient Monitoring,09SOO1134,09SOO1134,Sample,GovLocal,9/20/2022,,,,,8,ft2,,,,,,09SOO1134_22,,N,,Y,,Solid/Sediment,Freshwater Taxonomy,,SURBER,,,,,,23.33,Number of Individual Organisms,,5/19/2023,,,17,Count,,,,,,,,,,,ID-COUNT-LEVEL2,,09SOO1134_22,,"Rhithron Associates Inc, Missoula MT",,Baetis tricaudatus complex,100817,,Larva,,,,
Warning,Ambient Monitoring,09SOO1134,09SOO1134,Sample,GovLocal,8/4/2021,,,,,8,ft2,,,,,,09SOO1134_21,,N,,Y,,Solid/Sediment,Freshwater Taxonomy,,SURBER,,,,,,23.33,Number of Individual Organisms,,10/20/2021,,,2,Count,,,,,,,,,,,ID-COUNT-LEVEL2,,09SOO1134_21,,"Rhithron Associates Inc, Missoula MT",,Tvetenia bavarica Group,129197,,Larva,,,,
Warning,Ambient Monitoring,09SOO1134,09SOO1134,Sample,GovLocal,8/4/2021,,,,,8,ft2,,,,,,09SOO1134_21,,N,,Y,,Solid/Sediment,Freshwater Taxonomy,,SURBER,,,,,,23.33,Number of Individual Organisms,,10/20/2021,,,1,Count,,,,,,,,,,,ID-COUNT-LEVEL2,,09SOO1134_21,,"Rhithron Associates Inc, Missoula MT",,Thienemannimyia Group,128078,,Larva,,,,
Warning,Ambient Monitoring,09SOO1134,09SOO1134,Sample,GovLocal,8/4/2021,,,,,8,ft2,,,,,,09SOO1134_21,,N,,Y,,Solid/Sediment,Freshwater Taxonomy,,SURBER,,,,,,23.33,Number of Individual Organisms,,10/20/2021,,,2,Count,,,,,,,,,,,ID-COUNT-LEVEL2,,09SOO1134_21,,"Rhithron Associates Inc, Missoula MT",,Pericomaini,125391,,Larva,,,,
Warning,Ambient Monitoring,09SOO1134,09SOO1134,Sample,GovLocal,8/4/2021,,,,,8,ft2,,,,,,09SOO1134_21,,N,,Y,,Solid/Sediment,Freshwater Taxonomy,,SURBER,,,,,,23.33,Number of Individual Organisms,,10/20/2021,,,2,Count,,,,,,,,,,,ID-COUNT-LEVEL2,,09SOO1134_21,,"Rhithron Associates Inc, Missoula MT",,Rhyacophila betteni Group,115097,,Larva,,,,
Warning,Ambient Monitoring,09SOO1134,09SOO1134,Sample,GovLocal,8/4/2021,,,,,8,ft2,,,,,,09SOO1134_21,,N,,Y,,Solid/Sediment,Freshwater Taxonomy,,SURBER,,,,,,23.33,Number of Individual Organisms,,10/20/2021,,,3,Count,,,,,,,,,,,ID-COUNT-LEVEL2,,09SOO1134_21,,"Rhithron Associates Inc, Missoula MT",,Rhyacophila brunnea/vemna Group,115097,,Larva,,,,
Warning,Ambient Monitoring,09SOO1134,09SOO1134,Sample,GovLocal,8/4/2021,,,,,8,ft2,,,,,,09SOO1134_21,,N,,Y,,Solid/Sediment,Freshwater Taxonomy,,SURBER,,,,,,23.33,Number of Individual Organisms,,10/20/2021,,,50,Count,,,,,,,,,,,ID-COUNT-LEVEL2,,09SOO1134_21,,"Rhithron Associates Inc, Missoula MT",,Baetis tricaudatus complex,100817,,Larva,,,,
Warning,Ambient Monitoring,09SOO1134,09SOO1134,Sample,GovLocal,8/4/2020,,,,,8,ft2,,,,,,09SOO1134_20,,N,,Y,,Solid/Sediment,Freshwater Taxonomy,,SURBER,,,,,,80,Number of Individual Organisms,,4/30/2021,,,1,Count,,,,,,,,,,,ID-COUNT-LEVEL2,,09SOO1134_20,,"Rhithron Associates Inc, Missoula MT",,Thienemannimyia Group,128078,,Larva,,,,
Warning,Ambient Monitoring,09SOO1134,09SOO1134,Sample,GovLocal,8/4/2020,,,,,8,ft2,,,,,,09SOO1134_20,,N,,Y,,Solid/Sediment,Freshwater Taxonomy,,SURBER,,,,,,80,Number of Individual Organisms,,4/30/2021,,,3,Count,,,,,,,,,,,ID-COUNT-LEVEL2,,09SOO1134_20,,"Rhithron Associates Inc, Missoula MT",,Rhyacophila betteni Group,115097,,Larva,,,,
Warning,Ambient Monitoring,09SOO1134,09SOO1134,Sample,GovLocal,8/2/2017,,,,,8,ft2,,,,,,09SOO1134_17,,N,,Y,,Solid/Sediment,Freshwater Taxonomy,,SURBER,,,,,,36.67,Number of Individual Organisms,,3/16/2018,,,1,Count,,,,,,,,,,,ID-COUNT-LEVEL2,,09SOO1134_17,,"Rhithron Associates Inc, Missoula MT",,Tvetenia bavarica Group,129197,,Larva,,,,
Warning,Ambient Monitoring,09SOO1134,09SOO1134,Sample,GovLocal,8/2/2017,,,,,8,ft2,,,,,,09SOO1134_17,,N,,Y,,Solid/Sediment,Freshwater Taxonomy,,SURBER,,,,,,36.67,Number of Individual Organisms,,3/16/2018,,,1,Count,,,,,,,,,,,ID-COUNT-LEVEL2,,09SOO1134_17,,"Rhithron Associates Inc, Missoula MT",,Rhyacophila angelita Group,115097,,Larva,,,,
Warning,Ambient Monitoring,09SOO1134,09SOO1134,Sample,GovLocal,8/2/2017,,,,,8,ft2,,,,,,09SOO1134_17,,N,,Y,,Solid/Sediment,Freshwater Taxonomy,,SURBER,,,,,,36.67,Number of Individual Organisms,,3/16/2018,,,1,Count,,,,,,,,,,,ID-COUNT-LEVEL2,,09SOO1134_17,,"Rhithron Associates Inc, Missoula MT",,Rhyacophila betteni Group,115097,,Larva,,,,
Warning,Ambient Monitoring,09SOO1134,09SOO1134,Sample,GovLocal,8/2/2017,,,,,8,ft2,,,,,,09SOO1134_17,,N,,Y,,Solid/Sediment,Freshwater Taxonomy,,SURBER,,,,,,36.67,Number of Individual Organisms,,3/16/2018,,,9,Count,,,,,,,,,,,ID-COUNT-LEVEL2,,09SOO1134_17,,"Rhithron Associates Inc, Missoula MT",,Rhyacophila brunnea/vemna Group,115097,,Larva,,,,
Warning,Ambient Monitoring,09SOO1134,09SOO1134,Sample,GovLocal,8/2/2017,,,,,8,ft2,,,,,,09SOO1134_17,,N,,Y,,Solid/Sediment,Freshwater Taxonomy,,SURBER,,,,,,36.67,Number of Individual Organisms,,3/16/2018,,,19,Count,,,,,,,,,,,ID-COUNT-LEVEL2,,09SOO1134_17,,"Rhithron Associates Inc, Missoula MT",,Baetis tricaudatus complex,100817,,Larva,,,,
Warning,Ambient Monitoring,09SOO1134,09SOO1134,Sample,GovLocal,8/30/2016,,,,,8,ft2,,,,,,09SOO1134_16,,N,,Y,,Solid/Sediment,Freshwater Taxonomy,,SURBER,,,,,,33.33,Number of Individual Organisms,,4/4/2017,,,1,Count,,,,,,,,,,,ID-COUNT-LEVEL2,,09SOO1134_16,,"Rhithron Associates Inc, Missoula MT",,Tvetenia bavarica Group,129197,,Larva,,,,
Warning,Ambient Monitoring,09SOO1134,09SOO1134,Sample,GovLocal,8/30/2016,,,,,8,ft2,,,,,,09SOO1134_16,,N,,Y,,Solid/Sediment,Freshwater Taxonomy,,SURBER,,,,,,33.33,Number of Individual Organisms,,4/4/2017,,,1,Count,,,,,,,,,,,ID-COUNT-LEVEL2,,09SOO1134_16,,"Rhithron Associates Inc, Missoula MT",,Thienemannimyia Group,128078,,Larva,,,,
Warning,Ambient Monitoring,09SOO1134,09SOO1134,Sample,GovLocal,8/30/2016,,,,,8,ft2,,,,,,09SOO1134_16,,N,,Y,,Solid/Sediment,Freshwater Taxonomy,,SURBER,,,,,,33.33,Number of Individual Organisms,,4/4/2017,,,1,Count,,,,,,,,,,,ID-COUNT-LEVEL2,,09SOO1134_16,,"Rhithron Associates Inc, Missoula MT",,Zapada oregonensis Group,102591,,Larva,,,,
Warning,Ambient Monitoring,09SOO1134,09SOO1134,Sample,GovLocal,8/30/2016,,,,,8,ft2,,,,,,09SOO1134_16,,N,,Y,,Solid/Sediment,Freshwater Taxonomy,,SURBER,,,,,,33.33,Number of Individual Organisms,,4/4/2017,,,1,Count,,,,,,,,,,,ID-COUNT-LEVEL2,,09SOO1134_16,,"Rhithron Associates Inc, Missoula MT",,Rhyacophila betteni Group,115097,,Larva,,,,
Warning,Ambient Monitoring,09SOO1134,09SOO1134,Sample,GovLocal,8/30/2016,,,,,8,ft2,,,,,,09SOO1134_16,,N,,Y,,Solid/Sediment,Freshwater Taxonomy,,SURBER,,,,,,33.33,Number of Individual Organisms,,4/4/2017,,,11,Count,,,,,,,,,,,ID-COUNT-LEVEL2,,09SOO1134_16,,"Rhithron Associates Inc, Missoula MT",,Rhyacophila brunnea/vemna Group,115097,,Larva,,,,
Warning,Ambient Monitoring,09SOO1134,09SOO1134,Sample,GovLocal,8/30/2016,,,,,8,ft2,,,,,,09SOO1134_16,,N,,Y,,Solid/Sediment,Freshwater Taxonomy,,SURBER,,,,,,33.33,Number of Individual Organisms,,4/4/2017,,,58,Count,,,,,,,,,,,ID-COUNT-LEVEL2,,09SOO1134_16,,"Rhithron Associates Inc, Missoula MT",,Baetis tricaudatus complex,100817,,Larva,,,,
Warning,Ambient Monitoring,09SOO1022,09SOO1022,Sample,GovLocal,8/4/2021,,,,,8,ft2,,,,,,09SOO1022_21,,N,,Y,,Solid/Sediment,Freshwater Taxonomy,,SURBER,,,,,,36.67,Number of Individual Organisms,,10/20/2021,,,5,Count,,,,,,,,,,,ID-COUNT-LEVEL2,,09SOO1022_21,,"Rhithron Associates Inc, Missoula MT",,Rhyacophila betteni Group,115097,,Larva,,,,
Warning,Ambient Monitoring,09SOO1022,09SOO1022,Sample,GovLocal,8/4/2021,,,,,8,ft2,,,,,,09SOO1022_21,,N,,Y,,Solid/Sediment,Freshwater Taxonomy,,SURBER,,,,,,36.67,Number of Individual Organisms,,10/20/2021,,,13,Count,,,,,,,,,,,ID-COUNT-LEVEL2,,09SOO1022_21,,"Rhithron Associates Inc, Missoula MT",,Rhyacophila brunnea/vemna Group,115097,,Larva,,,,
Warning,Ambient Monitoring,09SOO1022,09SOO1022,Sample,GovLocal,8/4/2021,,,,,8,ft2,,,,,,09SOO1022_21,,N,,Y,,Solid/Sediment,Freshwater Taxonomy,,SURBER,,,,,,36.67,Number of Individual Organisms,,10/20/2021,,,35,Count,,,,,,,,,,,ID-COUNT-LEVEL2,,09SOO1022_21,,"Rhithron Associates Inc, Missoula MT",,Baetis tricaudatus complex,100817,,Larva,,,,
Warning,Ambient Monitoring,09SOO1022,09SOO1022,Sample,GovLocal,10/1/2020,,,,,8,ft2,,,,,,09SOO1022_20,,N,,Y,,Solid/Sediment,Freshwater Taxonomy,,SURBER,,,,,,10,Number of Individual Organisms,,4/30/2021,,,2,Count,,,,,,,,,,,ID-COUNT-LEVEL2,,09SOO1022_20,,"Rhithron Associates Inc, Missoula MT",,Chamaedrilus,68510,,unknown,,,,
Warning,Ambient Monitoring,09SOO1022,09SOO1022,Sample,GovLocal,10/1/2020,,,,,8,ft2,,,,,,09SOO1022_20,,N,,Y,,Solid/Sediment,Freshwater Taxonomy,,SURBER,,,,,,10,Number of Individual Organisms,,4/30/2021,,,3,Count,,,,,,,,,,,ID-COUNT-LEVEL2,,09SOO1022_20,,"Rhithron Associates Inc, Missoula MT",,Thienemannimyia Group,128078,,Larva,,,,
Warning,Ambient Monitoring,09SOO1022,09SOO1022,Sample,GovLocal,10/1/2020,,,,,8,ft2,,,,,,09SOO1022_20,,N,,Y,,Solid/Sediment,Freshwater Taxonomy,,SURBER,,,,,,10,Number of Individual Organisms,,4/30/2021,,,1,Count,,,,,,,,,,,ID-COUNT-LEVEL2,,09SOO1022_20,,"Rhithron Associates Inc, Missoula MT",,Zapada oregonensis Group,102591,,Larva,,,,
Warning,Ambient Monitoring,09SOO1022,09SOO1022,Sample,GovLocal,10/1/2020,,,,,8,ft2,,,,,,09SOO1022_20,,N,,Y,,Solid/Sediment,Freshwater Taxonomy,,SURBER,,,,,,10,Number of Individual Organisms,,4/30/2021,,,3,Count,,,,,,,,,,,ID-COUNT-LEVEL2,,09SOO1022_20,,"Rhithron Associates Inc, Missoula MT",,Rhyacophila brunnea/vemna Group,115097,,Larva,,,,
Warning,Ambient Monitoring,09SOO1022,09SOO1022,Sample,GovLocal,10/1/2020,,,,,8,ft2,,,,,,09SOO1022_20,,N,,Y,,Solid/Sediment,Freshwater Taxonomy,,SURBER,,,,,,10,Number of Individual Organisms,,4/30/2021,,,16,Count,,,,,,,,,,,ID-COUNT-LEVEL2,,09SOO1022_20,,"Rhithron Associates Inc, Missoula MT",,Baetis tricaudatus complex,100817,,Larva,,,,
Warning,Ambient Monitoring,09SOO1022,09SOO1022,Sample,GovLocal,9/19/2019,,,,,8,ft2,,,,,,09SOO1022_19,,N,,Y,,Solid/Sediment,Freshwater Taxonomy,,SURBER,,,,,,13.33,Number of Individual Organisms,,2/7/2020,,,2,Count,,,,,,,,,,,ID-COUNT-LEVEL2,,09SOO1022_19,,"Rhithron Associates Inc, Missoula MT",,Monatractides,83249,,Adult,,,,
Warning,Ambient Monitoring,09SOO1022,09SOO1022,Sample,GovLocal,9/19/2019,,,,,8,ft2,,,,,,09SOO1022_19,,N,,Y,,Solid/Sediment,Freshwater Taxonomy,,SURBER,,,,,,13.33,Number of Individual Organisms,,2/7/2020,,,1,Count,,,,,,,,,,,ID-COUNT-LEVEL2,,09SOO1022_19,,"Rhithron Associates Inc, Missoula MT",,Tvetenia bavarica Group,129197,,Larva,,,,
Warning,Ambient Monitoring,09SOO1022,09SOO1022,Sample,GovLocal,9/19/2019,,,,,8,ft2,,,,,,09SOO1022_19,,N,,Y,,Solid/Sediment,Freshwater Taxonomy,,SURBER,,,,,,13.33,Number of Individual Organisms,,2/7/2020,,,4,Count,,,,,,,,,,,ID-COUNT-LEVEL2,,09SOO1022_19,,"Rhithron Associates Inc, Missoula MT",,Thienemannimyia Group,128078,,Larva,,,,
Warning,Ambient Monitoring,09SOO1022,09SOO1022,Sample,GovLocal,9/19/2019,,,,,8,ft2,,,,,,09SOO1022_19,,N,,Y,,Solid/Sediment,Freshwater Taxonomy,,SURBER,,,,,,13.33,Number of Individual Organisms,,2/7/2020,,,10,Count,,,,,,,,,,,ID-COUNT-LEVEL2,,09SOO1022_19,,"Rhithron Associates Inc, Missoula MT",,Pericomaini,125391,,Larva,,,,
Warning,Ambient Monitoring,09SOO1022,09SOO1022,Sample,GovLocal,9/19/2019,,,,,8,ft2,,,,,,09SOO1022_19,,N,,Y,,Solid/Sediment,Freshwater Taxonomy,,SURBER,,,,,,13.33,Number of Individual Organisms,,2/7/2020,,,1,Count,,,,,,,,,,,ID-COUNT-LEVEL2,,09SOO1022_19,,"Rhithron Associates Inc, Missoula MT",,Rhyacophila betteni Group,115097,,Larva,,,,
Warning,Ambient Monitoring,09SOO1022,09SOO1022,Sample,GovLocal,9/19/2019,,,,,8,ft2,,,,,,09SOO1022_19,,N,,Y,,Solid/Sediment,Freshwater Taxonomy,,SURBER,,,,,,13.33,Number of Individual Organisms,,2/7/2020,,,4,Count,,,,,,,,,,,ID-COUNT-LEVEL2,,09SOO1022_19,,"Rhithron Associates Inc, Missoula MT",,Rhyacophila brunnea/vemna Group,115097,,Larva,,,,
Warning,Ambient Monitoring,09SOO1022,09SOO1022,Sample,GovLocal,9/19/2019,,,,,8,ft2,,,,,,09SOO1022_19,,N,,Y,,Solid/Sediment,Freshwater Taxonomy,,SURBER,,,,,,13.33,Number of Individual Organisms,,2/7/2020,,,8,Count,,,,,,,,,,,ID-COUNT-LEVEL2,,09SOO1022_19,,"Rhithron Associates Inc, Missoula MT",,Ephemerella excrucians Group,101276,,Larva,,,,
Warning,Ambient Monitoring,09SOO1022,09SOO1022,Sample,GovLocal,9/19/2019,,,,,8,ft2,,,,,,09SOO1022_19,,N,,Y,,Solid/Sediment,Freshwater Taxonomy,,SURBER,,,,,,13.33,Number of Individual Organisms,,2/7/2020,,,23,Count,,,,,,,,,,,ID-COUNT-LEVEL2,,09SOO1022_19,,"Rhithron Associates Inc, Missoula MT",,Baetis tricaudatus complex,100817,,Larva,,,,
Warning,Ambient Monitoring,09SOO1022,09SOO1022,Sample,GovLocal,8/30/2016,,,,,8,ft2,,,,,,09SOO1022_16_R,,Y,,Y,,Solid/Sediment,Freshwater Taxonomy,,SURBER,,,,,,70,Number of Individual Organisms,,4/4/2017,,,7,Count,,,,,,,,,,,ID-COUNT-LEVEL2,,09SOO1022_16_R,,"Rhithron Associates Inc, Missoula MT",,Rhyacophila betteni Group,115097,,Larva,,,,
Warning,Ambient Monitoring,09SOO1022,09SOO1022,Sample,GovLocal,8/30/2016,,,,,8,ft2,,,,,,09SOO1022_16_R,,Y,,Y,,Solid/Sediment,Freshwater Taxonomy,,SURBER,,,,,,70,Number of Individual Organisms,,4/4/2017,,,11,Count,,,,,,,,,,,ID-COUNT-LEVEL2,,09SOO1022_16_R,,"Rhithron Associates Inc, Missoula MT",,Rhyacophila brunnea/vemna Group,115097,,Larva,,,,
Warning,Ambient Monitoring,09SOO1022,09SOO1022,Sample,GovLocal,8/30/2016,,,,,8,ft2,,,,,,09SOO1022_16_R,,Y,,Y,,Solid/Sediment,Freshwater Taxonomy,,SURBER,,,,,,70,Number of Individual Organisms,,4/4/2017,,,12,Count,,,,,,,,,,,ID-COUNT-LEVEL2,,09SOO1022_16_R,,"Rhithron Associates Inc, Missoula MT",,Baetis tricaudatus complex,100817,,Larva,,,,
Warning,Ambient Monitoring,09SOO1022,09SOO1022,Sample,GovLocal,8/18/2015,,,,,8,ft2,,,,,,09SOO1022_15,,N,,Y,,Solid/Sediment,Freshwater Taxonomy,,SURBER,,,,,,13.33,Number of Individual Organisms,,4/22/2016,,,2,Count,,,,,,,,,,,ID-COUNT-LEVEL2,,09SOO1022_15,,"Rhithron Associates Inc, Missoula MT",,Thienemannimyia Group,128078,,Larva,,,,
Warning,Ambient Monitoring,09SOO1022,09SOO1022,Sample,GovLocal,8/18/2015,,,,,8,ft2,,,,,,09SOO1022_15,,N,,Y,,Solid/Sediment,Freshwater Taxonomy,,SURBER,,,,,,13.33,Number of Individual Organisms,,4/22/2016,,,18,Count,,,,,,,,,,,ID-COUNT-LEVEL2,,09SOO1022_15,,"Rhithron Associates Inc, Missoula MT",,Zapada oregonensis Group,102591,,Larva,,,,
Warning,Ambient Monitoring,09SOO1022,09SOO1022,Sample,GovLocal,8/18/2015,,,,,8,ft2,,,,,,09SOO1022_15,,N,,Y,,Solid/Sediment,Freshwater Taxonomy,,SURBER,,,,,,13.33,Number of Individual Organisms,,4/22/2016,,,11,Count,,,,,,,,,,,ID-COUNT-LEVEL2,,09SOO1022_15,,"Rhithron Associates Inc, Missoula MT",,Rhyacophila betteni Group,115097,,Larva,,,,
Warning,Ambient Monitoring,09SOO1022,09SOO1022,Sample,GovLocal,8/18/2015,,,,,8,ft2,,,,,,09SOO1022_15,,N,,Y,,Solid/Sediment,Freshwater Taxonomy,,SURBER,,,,,,13.33,Number of Individual Organisms,,4/22/2016,,,9,Count,,,,,,,,,,,ID-COUNT-LEVEL2,,09SOO1022_15,,"Rhithron Associates Inc, Missoula MT",,Rhyacophila brunnea/vemna Group,115097,,Larva,,,,
Warning,Ambient Monitoring,09SOO1022,09SOO1022,Sample,GovLocal,8/18/2015,,,,,8,ft2,,,,,,09SOO1022_15,,N,,Y,,Solid/Sediment,Freshwater Taxonomy,,SURBER,,,,,,13.33,Number of Individual Organisms,,4/22/2016,,,40,Count,,,,,,,,,,,ID-COUNT-LEVEL2,,09SOO1022_15,,"Rhithron Associates Inc, Missoula MT",,Baetis tricaudatus complex,100817,,Larva,,,,
Warning,Ambient Monitoring,BSE_1_MudMtnRdB,BSE_1_MudMtnRdB,Sample,GovLocal,8/8/2022,,,,,8,ft2,,,,,,BSE_1_MudMtnRdB_22,,N,,Y,,Solid/Sediment,Freshwater Taxonomy,,SURBER,,,,,,16.67,Number of Individual Organisms,,5/23/2023,,,52,Count,,,,,,,,,,,ID-COUNT-LEVEL2,,BSE_1_MudMtnRdB_22,,"Rhithron Associates Inc, Missoula MT",,Tvetenia bavarica Group,129197,,Larva,,,,
Warning,Ambient Monitoring,BSE_1_MudMtnRdB,BSE_1_MudMtnRdB,Sample,GovLocal,8/8/2022,,,,,8,ft2,,,,,,BSE_1_MudMtnRdB_22,,N,,Y,,Solid/Sediment,Freshwater Taxonomy,,SURBER,,,,,,16.67,Number of Individual Organisms,,5/23/2023,,,1,Count,,,,,,,,,,,ID-COUNT-LEVEL2,,BSE_1_MudMtnRdB_22,,"Rhithron Associates Inc, Missoula MT",,Thienemannimyia Group,128078,,Larva,,,,
Warning,Ambient Monitoring,BSE_1_MudMtnRdB,BSE_1_MudMtnRdB,Sample,GovLocal,8/8/2022,,,,,8,ft2,,,,,,BSE_1_MudMtnRdB_22,,N,,Y,,Solid/Sediment,Freshwater Taxonomy,,SURBER,,,,,,16.67,Number of Individual Organisms,,5/23/2023,,,1,Count,,,,,,,,,,,ID-COUNT-LEVEL2,,BSE_1_MudMtnRdB_22,,"Rhithron Associates Inc, Missoula MT",,Rhyacophila betteni Group,115097,,Larva,,,,
Warning,Ambient Monitoring,BSE_1_MudMtnRdB,BSE_1_MudMtnRdB,Sample,GovLocal,8/29/2016,,,,,8,ft2,,,,,,BSE_1_MudMtnRdB_16,,N,,Y,,Solid/Sediment,Freshwater Taxonomy,,SURBER,,,,,,26.67,Number of Individual Organisms,,3/8/2017,,,1,Count,,,,,,,,,,,ID-COUNT-LEVEL2,,BSE_1_MudMtnRdB_16,,"Rhithron Associates Inc, Missoula MT",,Tvetenia bavarica Group,129197,,Larva,,,,
Warning,Ambient Monitoring,BSE_1_MudMtnRdB,BSE_1_MudMtnRdB,Sample,GovLocal,8/29/2016,,,,,8,ft2,,,,,,BSE_1_MudMtnRdB_16,,N,,Y,,Solid/Sediment,Freshwater Taxonomy,,SURBER,,,,,,26.67,Number of Individual Organisms,,3/8/2017,,,2,Count,,,,,,,,,,,ID-COUNT-LEVEL2,,BSE_1_MudMtnRdB_16,,"Rhithron Associates Inc, Missoula MT",,Thienemannimyia Group,128078,,Larva,,,,
Warning,Ambient Monitoring,BSE_1_MudMtnRdB,BSE_1_MudMtnRdB,Sample,GovLocal,8/29/2016,,,,,8,ft2,,,,,,BSE_1_MudMtnRdB_16,,N,,Y,,Solid/Sediment,Freshwater Taxonomy,,SURBER,,,,,,26.67,Number of Individual Organisms,,3/8/2017,,,2,Count,,,,,,,,,,,ID-COUNT-LEVEL2,,BSE_1_MudMtnRdB_16,,"Rhithron Associates Inc, Missoula MT",,Rhyacophila betteni Group,115097,,Larva,,,,
Warning,Ambient Monitoring,BSE_1_MudMtnRdB,BSE_1_MudMtnRdB,Sample,GovLocal,8/29/2016,,,,,8,ft2,,,,,,BSE_1_MudMtnRdB_16,,N,,Y,,Solid/Sediment,Freshwater Taxonomy,,SURBER,,,,,,26.67,Number of Individual Organisms,,3/8/2017,,,1,Count,,,,,,,,,,,ID-COUNT-LEVEL2,,BSE_1_MudMtnRdB_16,,"Rhithron Associates Inc, Missoula MT",,Rhyacophila brunnea/vemna Group,115097,,Larva,,,,
Warning,Ambient Monitoring,BSE_1_MudMtnRdB,BSE_1_MudMtnRdB,Sample,GovLocal,8/29/2016,,,,,8,ft2,,,,,,BSE_1_MudMtnRdB_16,,N,,Y,,Solid/Sediment,Freshwater Taxonomy,,SURBER,,,,,,26.67,Number of Individual Organisms,,3/8/2017,,,97,Count,,,,,,,,,,,ID-COUNT-LEVEL2,,BSE_1_MudMtnRdB_16,,"Rhithron Associates Inc, Missoula MT",,Baetis tricaudatus complex,100817,,Larva,,,,
Warning,Ambient Monitoring,BSE_1_MudMtnRdB,BSE_1_MudMtnRdB,Sample,GovLocal,9/15/2015,,,,,8,ft2,,,,,,BSE_1_MudMtnRdB_15,,N,,Y,,Solid/Sediment,Freshwater Taxonomy,,SURBER,,,,,,16.67,Number of Individual Organisms,,4/7/2016,,,1,Count,,,,,,,,,,,ID-COUNT-LEVEL2,,BSE_1_MudMtnRdB_15,,"Rhithron Associates Inc, Missoula MT",,Zapada oregonensis Group,102591,,Larva,,,,
Warning,Ambient Monitoring,BSE_1_MudMtnRdB,BSE_1_MudMtnRdB,Sample,GovLocal,9/15/2015,,,,,8,ft2,,,,,,BSE_1_MudMtnRdB_15,,N,,Y,,Solid/Sediment,Freshwater Taxonomy,,SURBER,,,,,,16.67,Number of Individual Organisms,,4/7/2016,,,1,Count,,,,,,,,,,,ID-COUNT-LEVEL2,,BSE_1_MudMtnRdB_15,,"Rhithron Associates Inc, Missoula MT",,Rhyacophila brunnea/vemna Group,115097,,Larva,,,,
Warning,Ambient Monitoring,BSE_1_MudMtnRdB,BSE_1_MudMtnRdB,Sample,GovLocal,9/15/2015,,,,,8,ft2,,,,,,BSE_1_MudMtnRdB_15,,N,,Y,,Solid/Sediment,Freshwater Taxonomy,,SURBER,,,,,,16.67,Number of Individual Organisms,,4/7/2016,,,132,Count,,,,,,,,,,,ID-COUNT-LEVEL2,,BSE_1_MudMtnRdB_15,,"Rhithron Associates Inc, Missoula MT",,Baetis tricaudatus complex,100817,,Larva,,,,
Warning,Ambient Monitoring,BSE_21_GolfCrsB,BSE_21_GolfCrsB,Sample,GovLocal,9/10/2019,,,,,8,ft2,,,,,,BSE_21_GolfCrsB_19,,N,,Y,,Solid/Sediment,Freshwater Taxonomy,,SURBER,,,,,,16.67,Number of Individual Organisms,,2/7/2020,,,2,Count,,,,,,,,,,,ID-COUNT-LEVEL2,,BSE_21_GolfCrsB_19,,"Rhithron Associates Inc, Missoula MT",,Thienemannimyia Group,128078,,Larva,,,,
Warning,Ambient Monitoring,BSE_21_GolfCrsB,BSE_21_GolfCrsB,Sample,GovLocal,9/10/2019,,,,,8,ft2,,,,,,BSE_21_GolfCrsB_19,,N,,Y,,Solid/Sediment,Freshwater Taxonomy,,SURBER,,,,,,16.67,Number of Individual Organisms,,2/7/2020,,,19,Count,,,,,,,,,,,ID-COUNT-LEVEL2,,BSE_21_GolfCrsB_19,,"Rhithron Associates Inc, Missoula MT",,Pericomaini,125391,,Larva,,,,
Warning,Ambient Monitoring,BSE_21_GolfCrsB,BSE_21_GolfCrsB,Sample,GovLocal,9/10/2019,,,,,8,ft2,,,,,,BSE_21_GolfCrsB_19,,N,,Y,,Solid/Sediment,Freshwater Taxonomy,,SURBER,,,,,,16.67,Number of Individual Organisms,,2/7/2020,,,1,Count,,,,,,,,,,,ID-COUNT-LEVEL2,,BSE_21_GolfCrsB_19,,"Rhithron Associates Inc, Missoula MT",,Perlinodes aureus,103134,,Larva,,,,
Warning,Ambient Monitoring,BSE_21_GolfCrsB,BSE_21_GolfCrsB,Sample,GovLocal,9/10/2019,,,,,8,ft2,,,,,,BSE_21_GolfCrsB_19,,N,,Y,,Solid/Sediment,Freshwater Taxonomy,,SURBER,,,,,,16.67,Number of Individual Organisms,,2/7/2020,,,1,Count,,,,,,,,,,,ID-COUNT-LEVEL2,,BSE_21_GolfCrsB_19,,"Rhithron Associates Inc, Missoula MT",,Thremmatidae,598162,,Pupa,,,,
Warning,Ambient Monitoring,BSE_21_GolfCrsB,BSE_21_GolfCrsB,Sample,GovLocal,9/10/2019,,,,,8,ft2,,,,,,BSE_21_GolfCrsB_19,,N,,Y,,Solid/Sediment,Freshwater Taxonomy,,SURBER,,,,,,16.67,Number of Individual Organisms,,2/7/2020,,,7,Count,,,,,,,,,,,ID-COUNT-LEVEL2,,BSE_21_GolfCrsB_19,,"Rhithron Associates Inc, Missoula MT",,Rhyacophila betteni Group,115097,,Larva,,,,
Warning,Ambient Monitoring,BSE_21_GolfCrsB,BSE_21_GolfCrsB,Sample,GovLocal,9/10/2019,,,,,8,ft2,,,,,,BSE_21_GolfCrsB_19,,N,,Y,,Solid/Sediment,Freshwater Taxonomy,,SURBER,,,,,,16.67,Number of Individual Organisms,,2/7/2020,,,4,Count,,,,,,,,,,,ID-COUNT-LEVEL2,,BSE_21_GolfCrsB_19,,"Rhithron Associates Inc, Missoula MT",,Rhyacophila brunnea/vemna Group,115097,,Larva,,,,
Warning,Ambient Monitoring,BSE_21_GolfCrsB,BSE_21_GolfCrsB,Sample,GovLocal,9/10/2019,,,,,8,ft2,,,,,,BSE_21_GolfCrsB_19,,N,,Y,,Solid/Sediment,Freshwater Taxonomy,,SURBER,,,,,,16.67,Number of Individual Organisms,,2/7/2020,,,15,Count,,,,,,,,,,,ID-COUNT-LEVEL2,,BSE_21_GolfCrsB_19,,"Rhithron Associates Inc, Missoula MT",,Ephemerella excrucians Group,101276,,Larva,,,,
Warning,Ambient Monitoring,BSE_21_GolfCrsB,BSE_21_GolfCrsB,Sample,GovLocal,9/10/2019,,,,,8,ft2,,,,,,BSE_21_GolfCrsB_19,,N,,Y,,Solid/Sediment,Freshwater Taxonomy,,SURBER,,,,,,16.67,Number of Individual Organisms,,2/7/2020,,,40,Count,,,,,,,,,,,ID-COUNT-LEVEL2,,BSE_21_GolfCrsB_19,,"Rhithron Associates Inc, Missoula MT",,Baetis tricaudatus complex,100817,,Larva,,,,
Warning,Ambient Monitoring,BSE_21_GolfCrsB,BSE_21_GolfCrsB,Sample,GovLocal,9/10/2019,,,,,8,ft2,,,,,,BSE_21_GolfCrsB_19,,N,,Y,,Solid/Sediment,Freshwater Taxonomy,,SURBER,,,,,,16.67,Number of Individual Organisms,,2/7/2020,,,1,Count,,,,,,,,,,,ID-COUNT-LEVEL2,,BSE_21_GolfCrsB_19,,"Rhithron Associates Inc, Missoula MT",,Truncatelloidea,69459,,unknown,,,,
Warning,Ambient Monitoring,BSE_21_GolfCrsB,BSE_21_GolfCrsB,Sample,GovLocal,8/9/2018,,,,,8,ft2,,,,,,BSE_21_GolfCrsB_18,,N,,Y,,Solid/Sediment,Freshwater Taxonomy,,SURBER,,,,,,10,Number of Individual Organisms,,10/4/2018,,,1,Count,,,,,,,,,,,ID-COUNT-LEVEL2,,BSE_21_GolfCrsB_18,,"Rhithron Associates Inc, Missoula MT",,Monatractides,83249,,Adult,,,,
Warning,Ambient Monitoring,BSE_21_GolfCrsB,BSE_21_GolfCrsB,Sample,GovLocal,8/9/2018,,,,,8,ft2,,,,,,BSE_21_GolfCrsB_18,,N,,Y,,Solid/Sediment,Freshwater Taxonomy,,SURBER,,,,,,10,Number of Individual Organisms,,10/4/2018,,,2,Count,,,,,,,,,,,ID-COUNT-LEVEL2,,BSE_21_GolfCrsB_18,,"Rhithron Associates Inc, Missoula MT",,Potthastia gaedii Group,128408,,Larva,,,,
Warning,Ambient Monitoring,BSE_21_GolfCrsB,BSE_21_GolfCrsB,Sample,GovLocal,8/9/2018,,,,,8,ft2,,,,,,BSE_21_GolfCrsB_18,,N,,Y,,Solid/Sediment,Freshwater Taxonomy,,SURBER,,,,,,10,Number of Individual Organisms,,10/4/2018,,,1,Count,,,,,,,,,,,ID-COUNT-LEVEL2,,BSE_21_GolfCrsB_18,,"Rhithron Associates Inc, Missoula MT",,Tvetenia bavarica Group,129197,,Larva,,,,
Warning,Ambient Monitoring,BSE_21_GolfCrsB,BSE_21_GolfCrsB,Sample,GovLocal,8/9/2018,,,,,8,ft2,,,,,,BSE_21_GolfCrsB_18,,N,,Y,,Solid/Sediment,Freshwater Taxonomy,,SURBER,,,,,,10,Number of Individual Organisms,,10/4/2018,,,1,Count,,,,,,,,,,,ID-COUNT-LEVEL2,,BSE_21_GolfCrsB_18,,"Rhithron Associates Inc, Missoula MT",,Thienemannimyia Group,128078,,Larva,,,,
Warning,Ambient Monitoring,BSE_21_GolfCrsB,BSE_21_GolfCrsB,Sample,GovLocal,8/9/2018,,,,,8,ft2,,,,,,BSE_21_GolfCrsB_18,,N,,Y,,Solid/Sediment,Freshwater Taxonomy,,SURBER,,,,,,10,Number of Individual Organisms,,10/4/2018,,,13,Count,,,,,,,,,,,ID-COUNT-LEVEL2,,BSE_21_GolfCrsB_18,,"Rhithron Associates Inc, Missoula MT",,Suwalliini,609854,,Larva,,,,
Warning,Ambient Monitoring,BSE_21_GolfCrsB,BSE_21_GolfCrsB,Sample,GovLocal,8/9/2018,,,,,8,ft2,,,,,,BSE_21_GolfCrsB_18,,N,,Y,,Solid/Sediment,Freshwater Taxonomy,,SURBER,,,,,,10,Number of Individual Organisms,,10/4/2018,,,1,Count,,,,,,,,,,,ID-COUNT-LEVEL2,,BSE_21_GolfCrsB_18,,"Rhithron Associates Inc, Missoula MT",,Perlinodes aureus,103134,,Larva,,,,
Warning,Ambient Monitoring,BSE_8_268thAve,BSE_8_268thAve~,Sample,GovLocal,8/8/2022,,,,,8,ft2,,,,,,BSE_8_268thAveSE_22,,N,,Y,,Solid/Sediment,Freshwater Taxonomy,,SURBER,,,,,,20,Number of Individual Organisms,,5/23/2023,,,15,Count,,,,,,,,,,,ID-COUNT-LEVEL2,,BSE_8_268thAveSE_22,,"Rhithron Associates Inc, Missoula MT",,Tvetenia bavarica Group,129197,,Larva,,,,
Warning,Ambient Monitoring,BSE_8_268thAve,BSE_8_268thAve~,Sample,GovLocal,8/8/2022,,,,,8,ft2,,,,,,BSE_8_268thAveSE_22,,N,,Y,,Solid/Sediment,Freshwater Taxonomy,,SURBER,,,,,,20,Number of Individual Organisms,,5/23/2023,,,3,Count,,,,,,,,,,,ID-COUNT-LEVEL2,,BSE_8_268thAveSE_22,,"Rhithron Associates Inc, Missoula MT",,Thienemannimyia Group,128078,,Larva,,,,
Warning,Ambient Monitoring,BSE_8_268thAve,BSE_8_268thAve~,Sample,GovLocal,8/8/2022,,,,,8,ft2,,,,,,BSE_8_268thAveSE_22,,N,,Y,,Solid/Sediment,Freshwater Taxonomy,,SURBER,,,,,,20,Number of Individual Organisms,,5/23/2023,,,3,Count,,,,,,,,,,,ID-COUNT-LEVEL2,,BSE_8_268thAveSE_22,,"Rhithron Associates Inc, Missoula MT",,Pericomaini,125391,,Larva,,,,
Warning,Ambient Monitoring,BSE_8_268thAve,BSE_8_268thAve~,Sample,GovLocal,8/8/2022,,,,,8,ft2,,,,,,BSE_8_268thAveSE_22,,N,,Y,,Solid/Sediment,Freshwater Taxonomy,,SURBER,,,,,,20,Number of Individual Organisms,,5/23/2023,,,2,Count,,,,,,,,,,,ID-COUNT-LEVEL2,,BSE_8_268thAveSE_22,,"Rhithron Associates Inc, Missoula MT",,Rhyacophila brunnea/vemna Group,115097,,Larva,,,,
Warning,Ambient Monitoring,BSE_8_268thAve,BSE_8_268thAve~,Sample,GovLocal,8/8/2022,,,,,8,ft2,,,,,,BSE_8_268thAveSE_22,,N,,Y,,Solid/Sediment,Freshwater Taxonomy,,SURBER,,,,,,20,Number of Individual Organisms,,5/23/2023,,,1,Count,,,,,,,,,,,ID-COUNT-LEVEL2,,BSE_8_268thAveSE_22,,"Rhithron Associates Inc, Missoula MT",,Ephemerella excrucians Group,101276,,Larva,,,,
Warning,Ambient Monitoring,BSE_8_268thAve,BSE_8_268thAve~,Sample,GovLocal,8/8/2022,,,,,8,ft2,,,,,,BSE_8_268thAveSE_22,,N,,Y,,Solid/Sediment,Freshwater Taxonomy,,SURBER,,,,,,20,Number of Individual Organisms,,5/23/2023,,,22,Count,,,,,,,,,,,ID-COUNT-LEVEL2,,BSE_8_268thAveSE_22,,"Rhithron Associates Inc, Missoula MT",,Baetis tricaudatus complex,100817,,Larva,,,,
Warning,Ambient Monitoring,BSE_8_268thAve,BSE_8_268thAve~,Sample,GovLocal,8/8/2022,,,,,8,ft2,,,,,,BSE_8_268thAveSE_22,,N,,Y,,Solid/Sediment,Freshwater Taxonomy,,SURBER,,,,,,20,Number of Individual Organisms,,5/23/2023,,,3,Count,,,,,,,,,,,ID-COUNT-LEVEL2,,BSE_8_268thAveSE_22,,"Rhithron Associates Inc, Missoula MT",,Afghanurus,100504,,Larva,,,,
Warning,Ambient Monitoring,BSE_8_268thAve,BSE_8_268thAve~,Sample,GovLocal,9/1/2021,,,,,8,ft2,,,,,,BSE_8_268thAveSE_21,,N,,Y,,Solid/Sediment,Freshwater Taxonomy,,SURBER,,,,,,13.33,Number of Individual Organisms,,3/1/2022,,,1,Count,,,,,,,,,,,ID-COUNT-LEVEL2,,BSE_8_268thAveSE_21,,"Rhithron Associates Inc, Missoula MT",,Chamaedrilus,68510,,unknown,,,,
Warning,Ambient Monitoring,BSE_8_268thAve,BSE_8_268thAve~,Sample,GovLocal,9/1/2021,,,,,8,ft2,,,,,,BSE_8_268thAveSE_21,,N,,Y,,Solid/Sediment,Freshwater Taxonomy,,SURBER,,,,,,13.33,Number of Individual Organisms,,3/1/2022,,,3,Count,,,,,,,,,,,ID-COUNT-LEVEL2,,BSE_8_268thAveSE_21,,"Rhithron Associates Inc, Missoula MT",,Monatractides,83249,,Adult,,,,
Warning,Ambient Monitoring,BSE_8_268thAve,BSE_8_268thAve~,Sample,GovLocal,9/1/2021,,,,,8,ft2,,,,,,BSE_8_268thAveSE_21,,N,,Y,,Solid/Sediment,Freshwater Taxonomy,,SURBER,,,,,,13.33,Number of Individual Organisms,,3/1/2022,,,5,Count,,,,,,,,,,,ID-COUNT-LEVEL2,,BSE_8_268thAveSE_21,,"Rhithron Associates Inc, Missoula MT",,Tvetenia bavarica Group,129197,,Larva,,,,
Warning,Ambient Monitoring,BSE_8_268thAve,BSE_8_268thAve~,Sample,GovLocal,9/1/2021,,,,,8,ft2,,,,,,BSE_8_268thAveSE_21,,N,,Y,,Solid/Sediment,Freshwater Taxonomy,,SURBER,,,,,,13.33,Number of Individual Organisms,,3/1/2022,,,3,Count,,,,,,,,,,,ID-COUNT-LEVEL2,,BSE_8_268thAveSE_21,,"Rhithron Associates Inc, Missoula MT",,Thienemannimyia Group,128078,,Larva,,,,
Warning,Ambient Monitoring,BSE_8_268thAve,BSE_8_268thAve~,Sample,GovLocal,9/1/2021,,,,,8,ft2,,,,,,BSE_8_268thAveSE_21,,N,,Y,,Solid/Sediment,Freshwater Taxonomy,,SURBER,,,,,,13.33,Number of Individual Organisms,,3/1/2022,,,2,Count,,,,,,,,,,,ID-COUNT-LEVEL2,,BSE_8_268thAveSE_21,,"Rhithron Associates Inc, Missoula MT",,Psychodini,125391,,Larva,,,,
Warning,Ambient Monitoring,BSE_8_268thAve,BSE_8_268thAve~,Sample,GovLocal,9/1/2021,,,,,8,ft2,,,,,,BSE_8_268thAveSE_21,,N,,Y,,Solid/Sediment,Freshwater Taxonomy,,SURBER,,,,,,13.33,Number of Individual Organisms,,3/1/2022,,,1,Count,,,,,,,,,,,ID-COUNT-LEVEL2,,BSE_8_268thAveSE_21,,"Rhithron Associates Inc, Missoula MT",,Zapada oregonensis Group,102591,,Larva,,,,
Warning,Ambient Monitoring,BSE_8_268thAve,BSE_8_268thAve~,Sample,GovLocal,9/1/2021,,,,,8,ft2,,,,,,BSE_8_268thAveSE_21,,N,,Y,,Solid/Sediment,Freshwater Taxonomy,,SURBER,,,,,,13.33,Number of Individual Organisms,,3/1/2022,,,1,Count,,,,,,,,,,,ID-COUNT-LEVEL2,,BSE_8_268thAveSE_21,,"Rhithron Associates Inc, Missoula MT",,Suwalliini,609854,,Larva,,,,
Warning,Ambient Monitoring,BSE_8_268thAve,BSE_8_268thAve~,Sample,GovLocal,9/1/2021,,,,,8,ft2,,,,,,BSE_8_268thAveSE_21,,N,,Y,,Solid/Sediment,Freshwater Taxonomy,,SURBER,,,,,,13.33,Number of Individual Organisms,,3/1/2022,,,1,Count,,,,,,,,,,,ID-COUNT-LEVEL2,,BSE_8_268thAveSE_21,,"Rhithron Associates Inc, Missoula MT",,Perlinodes aureus,103134,,Larva,,,,
Warning,Ambient Monitoring,BSE_8_268thAve,BSE_8_268thAve~,Sample,GovLocal,9/1/2021,,,,,8,ft2,,,,,,BSE_8_268thAveSE_21,,N,,Y,,Solid/Sediment,Freshwater Taxonomy,,SURBER,,,,,,13.33,Number of Individual Organisms,,3/1/2022,,,2,Count,,,,,,,,,,,ID-COUNT-LEVEL2,,BSE_8_268thAveSE_21,,"Rhithron Associates Inc, Missoula MT",,Rhyacophila betteni Group,115097,,Larva,,,,
Warning,Ambient Monitoring,BSE_8_268thAve,BSE_8_268thAve~,Sample,GovLocal,9/1/2021,,,,,8,ft2,,,,,,BSE_8_268thAveSE_21,,N,,Y,,Solid/Sediment,Freshwater Taxonomy,,SURBER,,,,,,13.33,Number of Individual Organisms,,3/1/2022,,,31,Count,,,,,,,,,,,ID-COUNT-LEVEL2,,BSE_8_268thAveSE_21,,"Rhithron Associates Inc, Missoula MT",,Baetis tricaudatus complex,100817,,Larva,,,,
Warning,Ambient Monitoring,BSE_8_268thAve,BSE_8_268thAve~,Sample,GovLocal,9/15/2015,,,,,8,ft2,,,,,,BSE_8_268thAveSE_15,,N,,Y,,Solid/Sediment,Freshwater Taxonomy,,SURBER,,,,,,13.33,Number of Individual Organisms,,4/7/2016,,,3,Count,,,,,,,,,,,ID-COUNT-LEVEL2,,BSE_8_268thAveSE_15,,"Rhithron Associates Inc, Missoula MT",,Tvetenia bavarica Group,129197,,Larva,,,,
Warning,Ambient Monitoring,BSE_8_268thAve,BSE_8_268thAve~,Sample,GovLocal,9/15/2015,,,,,8,ft2,,,,,,BSE_8_268thAveSE_15,,N,,Y,,Solid/Sediment,Freshwater Taxonomy,,SURBER,,,,,,13.33,Number of Individual Organisms,,4/7/2016,,,6,Count,,,,,,,,,,,ID-COUNT-LEVEL2,,BSE_8_268thAveSE_15,,"Rhithron Associates Inc, Missoula MT",,Thienemannimyia Group,128078,,Larva,,,,
Warning,Ambient Monitoring,BSE_8_268thAve,BSE_8_268thAve~,Sample,GovLocal,9/15/2015,,,,,8,ft2,,,,,,BSE_8_268thAveSE_15,,N,,Y,,Solid/Sediment,Freshwater Taxonomy,,SURBER,,,,,,13.33,Number of Individual Organisms,,4/7/2016,,,1,Count,,,,,,,,,,,ID-COUNT-LEVEL2,,BSE_8_268thAveSE_15,,"Rhithron Associates Inc, Missoula MT",,Rhyacophila brunnea/vemna Group,115097,,Larva,,,,
Warning,Ambient Monitoring,BSE_8_268thAve,BSE_8_268thAve~,Sample,GovLocal,9/15/2015,,,,,8,ft2,,,,,,BSE_8_268thAveSE_15,,N,,Y,,Solid/Sediment,Freshwater Taxonomy,,SURBER,,,,,,13.33,Number of Individual Organisms,,4/7/2016,,,14,Count,,,,,,,,,,,ID-COUNT-LEVEL2,,BSE_8_268thAveSE_15,,"Rhithron Associates Inc, Missoula MT",,Baetis tricaudatus complex,100817,,Larva,,,,
Warning,Ambient Monitoring,Miller_Cove,Miller_Cove,Sample,GovLocal,9/4/2024,,,,,8,ft2,,,,,,Miller_Cove_24,,N,,Y,,Solid/Sediment,Freshwater Taxonomy,,SURBER,,,,,,36.67,Number of Individual Organisms,,5/14/2025,,,3,Count,,,,,,,,,,,ID-COUNT-LEVEL2,,Miller_Cove_24,,"Rhithron Associates Inc, Missoula MT",,Tvetenia bavarica Group,129197,,Larva,,,,
Warning,Ambient Monitoring,Miller_Cove,Miller_Cove,Sample,GovLocal,9/4/2024,,,,,8,ft2,,,,,,Miller_Cove_24,,N,,Y,,Solid/Sediment,Freshwater Taxonomy,,SURBER,,,,,,36.67,Number of Individual Organisms,,5/14/2025,,,5,Count,,,,,,,,,,,ID-COUNT-LEVEL2,,Miller_Cove_24,,"Rhithron Associates Inc, Missoula MT",,Kogotus/Rickera,609866,,Larva,,,,
Warning,Ambient Monitoring,Miller_Cove,Miller_Cove,Sample,GovLocal,9/4/2024,,,,,8,ft2,,,,,,Miller_Cove_24,,N,,Y,,Solid/Sediment,Freshwater Taxonomy,,SURBER,,,,,,36.67,Number of Individual Organisms,,5/14/2025,,,129,Count,,,,,,,,,,,ID-COUNT-LEVEL2,,Miller_Cove_24,,"Rhithron Associates Inc, Missoula MT",,Baetis tricaudatus complex,100817,,Larva,,,,
Warning,Ambient Monitoring,Miller_Cove,Miller_Cove,Sample,GovLocal,8/30/2018,,,,,8,ft2,,,,,,Miller_Cove_18,,N,,Y,,Solid/Sediment,Freshwater Taxonomy,,SURBER,,,,,,70,Number of Individual Organisms,,10/1/2018,,,81,Count,,,,,,,,,,,ID-COUNT-LEVEL2,,Miller_Cove_18,,"Rhithron Associates Inc, Missoula MT",,Baetis tricaudatus complex,100817,,Larva,,,,
Warning,Ambient Monitoring,Miller_Cove,Miller_Cove,Sample,GovLocal,9/13/2017,,,,,8,ft2,,,,,,Miller_Cove_17,,N,,Y,,Solid/Sediment,Freshwater Taxonomy,,SURBER,,,,,,40,Number of Individual Organisms,,3/27/2018,,,18,Count,,,,,,,,,,,ID-COUNT-LEVEL2,,Miller_Cove_17,,"Rhithron Associates Inc, Missoula MT",,Tvetenia bavarica Group,129197,,Larva,,,,
Warning,Ambient Monitoring,Miller_Cove,Miller_Cove,Sample,GovLocal,9/13/2017,,,,,8,ft2,,,,,,Miller_Cove_17,,N,,Y,,Solid/Sediment,Freshwater Taxonomy,,SURBER,,,,,,40,Number of Individual Organisms,,3/27/2018,,,46,Count,,,,,,,,,,,ID-COUNT-LEVEL2,,Miller_Cove_17,,"Rhithron Associates Inc, Missoula MT",,Baetis tricaudatus complex,100817,,Larva,,,,
Warning,Ambient Monitoring,Miller_Cove,Miller_Cove,Sample,GovLocal,8/31/2016,,,,,8,ft2,,,,,,Miller_Cove_16,,N,,Y,,Solid/Sediment,Freshwater Taxonomy,,SURBER,,,,,,16.67,Number of Individual Organisms,,3/8/2017,,,209,Count,,,,,,,,,,,ID-COUNT-LEVEL2,,Miller_Cove_16,,"Rhithron Associates Inc, Missoula MT",,Baetis tricaudatus complex,100817,,Larva,,,,
Warning,Ambient Monitoring,Miller_Cove,Miller_Cove,Sample,GovLocal,9/9/2015,,,,,8,ft2,,,,,,Miller Cove_15,,N,,Y,,Solid/Sediment,Freshwater Taxonomy,,SURBER,,,,,,46.67,Number of Individual Organisms,,4/7/2016,,,166,Count,,,,,,,,,,,ID-COUNT-LEVEL2,,Miller Cove_15,,"Rhithron Associates Inc, Missoula MT",,Baetis tricaudatus complex,100817,,Larva,,,,
Warning,Ambient Monitoring,Miller_SWSSD,Miller_SWSSD,Sample,GovLocal,8/29/2024,,,,,8,ft2,,,,,,Miller_SWSSD_24,,N,,Y,,Solid/Sediment,Freshwater Taxonomy,,SURBER,,,,,,10,Number of Individual Organisms,,5/14/2025,,,9,Count,,,,,,,,,,,ID-COUNT-LEVEL2,,Miller_SWSSD_24,,"Rhithron Associates Inc, Missoula MT",,Tvetenia bavarica Group,129197,,Larva,,,,
Warning,Ambient Monitoring,Miller_SWSSD,Miller_SWSSD,Sample,GovLocal,9/13/2017,,,,,8,ft2,,,,,,Miller_SWSSD_17,,N,,Y,,Solid/Sediment,Freshwater Taxonomy,,SURBER,,,,,,20,Number of Individual Organisms,,3/27/2018,,,39,Count,,,,,,,,,,,ID-COUNT-LEVEL2,,Miller_SWSSD_17,,"Rhithron Associates Inc, Missoula MT",,Baetis tricaudatus complex,100817,,Larva,,,,
Warning,Ambient Monitoring,Miller_SWSSD,Miller_SWSSD,Sample,GovLocal,8/31/2016,,,,,8,ft2,,,,,,Miller_SWSSD_16,,N,,Y,,Solid/Sediment,Freshwater Taxonomy,,SURBER,,,,,,83.33,Number of Individual Organisms,,3/8/2017,,,1,Count,,,,,,,,,,,ID-COUNT-LEVEL2,,Miller_SWSSD_16,,"Rhithron Associates Inc, Missoula MT",,Thienemannimyia Group,128078,,Larva,,,,
Warning,Ambient Monitoring,Miller_SWSSD,Miller_SWSSD,Sample,GovLocal,8/31/2016,,,,,8,ft2,,,,,,Miller_SWSSD_16,,N,,Y,,Solid/Sediment,Freshwater Taxonomy,,SURBER,,,,,,83.33,Number of Individual Organisms,,3/8/2017,,,3,Count,,,,,,,,,,,ID-COUNT-LEVEL2,,Miller_SWSSD_16,,"Rhithron Associates Inc, Missoula MT",,Rhyacophila brunnea/vemna Group,115097,,Larva,,,,
Warning,Ambient Monitoring,Miller_SWSSD,Miller_SWSSD,Sample,GovLocal,8/31/2016,,,,,8,ft2,,,,,,Miller_SWSSD_16,,N,,Y,,Solid/Sediment,Freshwater Taxonomy,,SURBER,,,,,,83.33,Number of Individual Organisms,,3/8/2017,,,24,Count,,,,,,,,,,,ID-COUNT-LEVEL2,,Miller_SWSSD_16,,"Rhithron Associates Inc, Missoula MT",,Baetis tricaudatus complex,100817,,Larva,,,,
Warning,Ambient Monitoring,Miller_SWSSD,Miller_SWSSD,Sample,GovLocal,9/9/2015,,,,,8,ft2,,,,,,Miller_SWSSD_15,,N,,Y,,Solid/Sediment,Freshwater Taxonomy,,SURBER,,,,,,100,Number of Individual Organisms,,4/7/2016,,,61,Count,,,,,,,,,,,ID-COUNT-LEVEL2,,Miller_SWSSD_15,,"Rhithron Associates Inc, Missoula MT",,Baetis tricaudatus complex,100817,,Larva,,,,
Warning,Ambient Monitoring,WalkerPreserve,WalkerPreserve,Sample,GovLocal,8/29/2024,,,,,8,ft2,,,,,,WalkerPreserve_24,,N,,Y,,Solid/Sediment,Freshwater Taxonomy,,SURBER,,,,,,20,Number of Individual Organisms,,5/14/2025,,,3,Count,,,,,,,,,,,ID-COUNT-LEVEL2,,WalkerPreserve_24,,"Rhithron Associates Inc, Missoula MT",,Tvetenia bavarica Group,129197,,Larva,,,,
Warning,Ambient Monitoring,WalkerPreserve,WalkerPreserve,Sample,GovLocal,8/29/2024,,,,,8,ft2,,,,,,WalkerPreserve_24,,N,,Y,,Solid/Sediment,Freshwater Taxonomy,,SURBER,,,,,,20,Number of Individual Organisms,,5/14/2025,,,1,Count,,,,,,,,,,,ID-COUNT-LEVEL2,,WalkerPreserve_24,,"Rhithron Associates Inc, Missoula MT",,Zapada oregonensis Group,102591,,Larva,,,,
Warning,Ambient Monitoring,WalkerPreserve,WalkerPreserve,Sample,GovLocal,8/29/2024,,,,,8,ft2,,,,,,WalkerPreserve_24,,N,,Y,,Solid/Sediment,Freshwater Taxonomy,,SURBER,,,,,,20,Number of Individual Organisms,,5/14/2025,,,8,Count,,,,,,,,,,,ID-COUNT-LEVEL2,,WalkerPreserve_24,,"Rhithron Associates Inc, Missoula MT",,Kogotus/Rickera,609866,,Larva,,,,
Warning,Ambient Monitoring,WalkerPreserve,WalkerPreserve,Sample,GovLocal,8/29/2024,,,,,8,ft2,,,,,,WalkerPreserve_24,,N,,Y,,Solid/Sediment,Freshwater Taxonomy,,SURBER,,,,,,20,Number of Individual Organisms,,5/14/2025,,,6,Count,,,,,,,,,,,ID-COUNT-LEVEL2,,WalkerPreserve_24,,"Rhithron Associates Inc, Missoula MT",,Rhyacophila brunnea/vemna Group,115097,,Larva,,,,
Warning,Ambient Monitoring,WalkerPreserve,WalkerPreserve,Sample,GovLocal,8/29/2024,,,,,8,ft2,,,,,,WalkerPreserve_24,,N,,Y,,Solid/Sediment,Freshwater Taxonomy,,SURBER,,,,,,20,Number of Individual Organisms,,5/14/2025,,,35,Count,,,,,,,,,,,ID-COUNT-LEVEL2,,WalkerPreserve_24,,"Rhithron Associates Inc, Missoula MT",,Baetis tricaudatus complex,100817,,Larva,,,,
Warning,Ambient Monitoring,WalkerPreserve,WalkerPreserve,Sample,GovLocal,9/12/2023,,,,,8,ft2,,,,,,WalkerPreserve_23,,N,,Y,,Solid/Sediment,Freshwater Taxonomy,,SURBER,,,,,,36.67,Number of Individual Organisms,,5/17/2024,,,4,Count,,,,,,,,,,,ID-COUNT-LEVEL2,,WalkerPreserve_23,,"Rhithron Associates Inc, Missoula MT",,Tvetenia bavarica Group,129197,,Larva,,,,
Warning,Ambient Monitoring,WalkerPreserve,WalkerPreserve,Sample,GovLocal,9/12/2023,,,,,8,ft2,,,,,,WalkerPreserve_23,,N,,Y,,Solid/Sediment,Freshwater Taxonomy,,SURBER,,,,,,36.67,Number of Individual Organisms,,5/17/2024,,,6,Count,,,,,,,,,,,ID-COUNT-LEVEL2,,WalkerPreserve_23,,"Rhithron Associates Inc, Missoula MT",,Rhyacophila brunnea/vemna Group,115097,,Larva,,,,
Warning,Ambient Monitoring,WalkerPreserve,WalkerPreserve,Sample,GovLocal,9/12/2023,,,,,8,ft2,,,,,,WalkerPreserve_23,,N,,Y,,Solid/Sediment,Freshwater Taxonomy,,SURBER,,,,,,36.67,Number of Individual Organisms,,5/17/2024,,,22,Count,,,,,,,,,,,ID-COUNT-LEVEL2,,WalkerPreserve_23,,"Rhithron Associates Inc, Missoula MT",,Baetis tricaudatus complex,100817,,Larva,,,,
Warning,Ambient Monitoring,WalkerPreserve,WalkerPreserve,Sample,GovLocal,8/31/2016,,,,,8,ft2,,,,,,WalkerPreserve_16,,N,,Y,,Solid/Sediment,Freshwater Taxonomy,,SURBER,,,,,,33.33,Number of Individual Organisms,,3/8/2017,,,14,Count,,,,,,,,,,,ID-COUNT-LEVEL2,,WalkerPreserve_16,,"Rhithron Associates Inc, Missoula MT",,Rhyacophila brunnea/vemna Group,115097,,Larva,,,,
Warning,Ambient Monitoring,WalkerPreserve,WalkerPreserve,Sample,GovLocal,8/31/2016,,,,,8,ft2,,,,,,WalkerPreserve_16,,N,,Y,,Solid/Sediment,Freshwater Taxonomy,,SURBER,,,,,,33.33,Number of Individual Organisms,,3/8/2017,,,46,Count,,,,,,,,,,,ID-COUNT-LEVEL2,,WalkerPreserve_16,,"Rhithron Associates Inc, Missoula MT",,Baetis tricaudatus complex,100817,,Larva,,,,
Warning,Ambient Monitoring,WalkerPreserve,WalkerPreserve,Sample,GovLocal,9/9/2015,,,,,8,ft2,,,,,,WalkerPreserve_15,,N,,Y,,Solid/Sediment,Freshwater Taxonomy,,SURBER,,,,,,66.67,Number of Individual Organisms,,4/7/2016,,,3,Count,,,,,,,,,,,ID-COUNT-LEVEL2,,WalkerPreserve_15,,"Rhithron Associates Inc, Missoula MT",,Tvetenia bavarica Group,129197,,Larva,,,,
Warning,Ambient Monitoring,WalkerPreserve,WalkerPreserve,Sample,GovLocal,9/9/2015,,,,,8,ft2,,,,,,WalkerPreserve_15,,N,,Y,,Solid/Sediment,Freshwater Taxonomy,,SURBER,,,,,,66.67,Number of Individual Organisms,,4/7/2016,,,10,Count,,,,,,,,,,,ID-COUNT-LEVEL2,,WalkerPreserve_15,,"Rhithron Associates Inc, Missoula MT",,Rhyacophila brunnea/vemna Group,115097,,Larva,,,,
Warning,Ambient Monitoring,WalkerPreserve,WalkerPreserve,Sample,GovLocal,9/9/2015,,,,,8,ft2,,,,,,WalkerPreserve_15,,N,,Y,,Solid/Sediment,Freshwater Taxonomy,,SURBER,,,,,,66.67,Number of Individual Organisms,,4/7/2016,,,39,Count,,,,,,,,,,,ID-COUNT-LEVEL2,,WalkerPreserve_15,,"Rhithron Associates Inc, Missoula MT",,Baetis tricaudatus complex,100817,,Larva,,,,
